2026-09-02T04:42:27Z,0, 34.40 W, 41, 0 %, 0 MiB, 0x0000000000000001;1, 38.30 W, 40, 0 %, 0 MiB, 0x0000000000000001;2, 34.52 W, 40, 0 %, 0 MiB, 0x0000000000000001;3, 36.19 W, 39, 0 %, 0 MiB, 0x0000000000000001;
2026-09-02T04:42:32Z,0, 34.18 W, 40, 0 %, 0 MiB, 0x0000000000000001;1, 38.19 W, 40, 0 %, 0 MiB, 0x0000000000000001;2, 34.41 W, 40, 0 %, 0 MiB, 0x0000000000000001;3, 35.98 W, 39, 0 %, 0 MiB, 0x0000000000000001;
2026-09-02T04:42:37Z,0, 34.30 W, 40, 0 %, 0 MiB, 0x0000000000000001;1, 38.19 W, 40, 0 %, 0 MiB, 0x0000000000000001;2, 34.42 W, 40, 0 %, 0 MiB, 0x0000000000000001;3, 36.00 W, 39, 0 %, 0 MiB, 0x0000000000000001;
2026-09-02T04:42:42Z,0, 34.12 W, 40, 0 %, 0 MiB, 0x0000000000000001;1, 38.22 W, 40, 0 %, 0 MiB, 0x0000000000000001;2, 34.43 W, 40, 0 %, 0 MiB, 0x0000000000000001;3, 36.01 W, 39, 0 %, 0 MiB, 0x0000000000000001;
2026-09-02T04:42:47Z,0, 34.12 W, 40, 0 %, 6 MiB, 0x0000000000000001;1, 38.21 W, 40, 0 %, 6 MiB, 0x0000000000000001;2, 34.42 W, 40, 0 %, 6 MiB, 0x0000000000000001;3, 36.00 W, 39, 0 %, 6 MiB, 0x0000000000000001;
2026-09-02T04:42:52Z,0, 34.32 W, 40, 0 %, 6 MiB, 0x0000000000000001;1, 38.20 W, 40, 0 %, 6 MiB, 0x0000000000000001;2, 34.41 W, 40, 0 %, 6 MiB, 0x0000000000000001;3, 36.29 W, 39, 0 %, 6 MiB, 0x0000000000000001;
2026-09-02T04:42:58Z,0, 34.18 W, 40, 0 %, 6 MiB, 0x0000000000000001;1, 38.19 W, 40, 0 %, 6 MiB, 0x0000000000000001;2, 34.41 W, 40, 0 %, 6 MiB, 0x0000000000000001;3, 36.18 W, 39, 0 %, 6 MiB, 0x0000000000000001;
2026-09-02T04:43:03Z,0, 34.20 W, 40, 0 %, 6 MiB, 0x0000000000000001;1, 38.30 W, 39, 0 %, 6 MiB, 0x0000000000000001;2, 34.41 W, 40, 0 %, 6 MiB, 0x0000000000000001;3, 36.00 W, 39, 0 %, 6 MiB, 0x0000000000000001;
2026-09-02T04:43:08Z,0, 34.47 W, 40, 0 %, 6 MiB, 0x0000000000000001;1, 38.19 W, 40, 0 %, 6 MiB, 0x0000000000000001;2, 34.41 W, 40, 0 %, 6 MiB, 0x0000000000000001;3, 35.99 W, 39, 0 %, 6 MiB, 0x0000000000000001;
2026-09-02T04:43:13Z,0, 34.40 W, 40, 0 %, 6 MiB, 0x0000000000000001;1, 38.29 W, 40, 0 %, 6 MiB, 0x0000000000000001;2, 34.41 W, 40, 0 %, 6 MiB, 0x0000000000000001;3, 36.28 W, 39, 0 %, 6 MiB, 0x0000000000000001;
2026-09-02T04:43:18Z,0, 34.19 W, 40, 0 %, 6 MiB, 0x0000000000000001;1, 38.30 W, 40, 0 %, 6 MiB, 0x0000000000000001;2, 34.42 W, 40, 0 %, 6 MiB, 0x0000000000000001;3, 36.29 W, 39, 0 %, 6 MiB, 0x0000000000000001;
2026-09-02T04:43:23Z,0, 34.41 W, 40, 0 %, 6 MiB, 0x0000000000000001;1, 38.31 W, 40, 0 %, 6 MiB, 0x0000000000000001;2, 34.43 W, 40, 0 %, 6 MiB, 0x0000000000000001;3, 36.00 W, 39, 0 %, 6 MiB, 0x0000000000000001;
2026-09-02T04:43:28Z,0, 34.49 W, 40, 0 %, 6 MiB, 0x0000000000000001;1, 38.30 W, 40, 0 %, 6 MiB, 0x0000000000000001;2, 34.51 W, 40, 0 %, 6 MiB, 0x0000000000000001;3, 36.09 W, 39, 0 %, 6 MiB, 0x0000000000000001;
2026-09-02T04:43:34Z,0, 34.20 W, 40, 0 %, 6 MiB, 0x0000000000000001;1, 38.21 W, 40, 0 %, 6 MiB, 0x0000000000000001;2, 34.61 W, 40, 0 %, 6 MiB, 0x0000000000000001;3, 36.01 W, 39, 0 %, 6 MiB, 0x0000000000000001;
2026-09-02T04:43:39Z,0, 34.57 W, 40, 0 %, 6 MiB, 0x0000000000000001;1, 38.19 W, 40, 0 %, 6 MiB, 0x0000000000000001;2, 34.41 W, 40, 0 %, 6 MiB, 0x0000000000000001;3, 36.00 W, 39, 0 %, 6 MiB, 0x0000000000000001;
2026-09-02T04:43:44Z,0, 34.49 W, 40, 0 %, 6 MiB, 0x0000000000000001;1, 38.20 W, 40, 0 %, 6 MiB, 0x0000000000000001;2, 34.41 W, 40, 0 %, 6 MiB, 0x0000000000000001;3, 36.09 W, 39, 0 %, 6 MiB, 0x0000000000000001;
2026-09-02T04:43:49Z,0, 34.22 W, 40, 0 %, 6 MiB, 0x0000000000000001;1, 38.31 W, 40, 0 %, 6 MiB, 0x0000000000000001;2, 34.43 W, 40, 0 %, 6 MiB, 0x0000000000000001;3, 36.01 W, 39, 0 %, 6 MiB, 0x0000000000000001;
2026-09-02T04:43:54Z,0, 39.49 W, 41, 0 %, 9584 MiB, 0x0000000000000000;1, 43.89 W, 40, 0 %, 4814 MiB, 0x0000000000000000;2, 39.97 W, 41, 0 %, 1526 MiB, 0x0000000000000000;3, 41.26 W, 40, 0 %, 4830 MiB, 0x0000000000000000;
2026-09-02T04:43:59Z,0, 39.78 W, 41, 0 %, 9840 MiB, 0x0000000000000000;1, 44.47 W, 41, 0 %, 5070 MiB, 0x0000000000000000;2, 53.24 W, 42, 0 %, 1782 MiB, 0x0000000000000000;3, 53.92 W, 41, 0 %, 5086 MiB, 0x0000000000000000;
2026-09-02T04:44:05Z,0, 53.04 W, 42, 0 %, 39962 MiB, 0x0000000000000000;1, 44.06 W, 40, 0 %, 38716 MiB, 0x0000000000000000;2, 43.26 W, 42, 0 %, 38730 MiB, 0x0000000000000000;3, 44.05 W, 40, 0 %, 36410 MiB, 0x0000000000000000;
2026-09-02T04:44:10Z,0, 39.66 W, 41, 0 %, 39962 MiB, 0x0000000000000000;1, 43.98 W, 40, 0 %, 38716 MiB, 0x0000000000000000;2, 40.16 W, 41, 0 %, 38730 MiB, 0x0000000000000000;3, 41.34 W, 40, 0 %, 36410 MiB, 0x0000000000000000;
2026-09-02T04:44:15Z,0, 47.74 W, 42, 46 %, 39962 MiB, 0x0000000000000000;1, 44.07 W, 40, 0 %, 38716 MiB, 0x0000000000000000;2, 40.16 W, 41, 0 %, 38730 MiB, 0x0000000000000000;3, 41.24 W, 40, 0 %, 36410 MiB, 0x0000000000000000;
2026-09-02T04:44:20Z,0, 39.75 W, 42, 0 %, 39962 MiB, 0x0000000000000000;1, 44.08 W, 41, 0 %, 38716 MiB, 0x0000000000000000;2, 40.36 W, 41, 0 %, 38730 MiB, 0x0000000000000000;3, 41.34 W, 40, 0 %, 36410 MiB, 0x0000000000000000;
2026-09-02T04:44:25Z,0, 39.75 W, 42, 0 %, 39962 MiB, 0x0000000000000000;1, 44.17 W, 40, 0 %, 38716 MiB, 0x0000000000000000;2, 40.16 W, 41, 0 %, 38730 MiB, 0x0000000000000000;3, 41.24 W, 40, 0 %, 36410 MiB, 0x0000000000000000;
2026-09-02T04:44:30Z,0, 39.86 W, 42, 0 %, 39962 MiB, 0x0000000000000000;1, 44.17 W, 41, 0 %, 38716 MiB, 0x0000000000000000;2, 40.27 W, 41, 0 %, 38730 MiB, 0x0000000000000000;3, 41.34 W, 40, 0 %, 36410 MiB, 0x0000000000000000;
2026-09-02T04:44:36Z,0, 39.76 W, 42, 0 %, 39962 MiB, 0x0000000000000000;1, 44.18 W, 41, 0 %, 38716 MiB, 0x0000000000000000;2, 40.36 W, 41, 0 %, 38730 MiB, 0x0000000000000000;3, 41.34 W, 40, 0 %, 36410 MiB, 0x0000000000000000;
2026-09-02T04:44:41Z,0, 53.34 W, 42, 69 %, 39962 MiB, 0x0000000000000000;1, 43.98 W, 41, 0 %, 38716 MiB, 0x0000000000000000;2, 40.46 W, 41, 0 %, 38730 MiB, 0x0000000000000000;3, 41.34 W, 40, 0 %, 36410 MiB, 0x0000000000000000;
2026-09-02T04:44:46Z,0, 40.25 W, 42, 0 %, 39962 MiB, 0x0000000000000000;1, 44.05 W, 41, 0 %, 38716 MiB, 0x0000000000000000;2, 40.16 W, 41, 0 %, 38730 MiB, 0x0000000000000000;3, 41.44 W, 40, 0 %, 36410 MiB, 0x0000000000000000;
2026-09-02T04:44:51Z,0, 39.96 W, 42, 0 %, 39962 MiB, 0x0000000000000000;1, 44.06 W, 41, 0 %, 38716 MiB, 0x0000000000000000;2, 40.16 W, 41, 0 %, 38730 MiB, 0x0000000000000000;3, 41.44 W, 40, 0 %, 36410 MiB, 0x0000000000000000;
2026-09-02T04:44:56Z,0, 39.94 W, 42, 0 %, 39962 MiB, 0x0000000000000000;1, 44.08 W, 41, 0 %, 38716 MiB, 0x0000000000000000;2, 40.16 W, 41, 0 %, 38730 MiB, 0x0000000000000000;3, 41.54 W, 40, 0 %, 36410 MiB, 0x0000000000000000;
2026-09-02T04:45:01Z,0, 39.77 W, 42, 0 %, 39962 MiB, 0x0000000000000000;1, 44.07 W, 41, 0 %, 38716 MiB, 0x0000000000000000;2, 40.35 W, 41, 0 %, 38730 MiB, 0x0000000000000000;3, 41.35 W, 40, 0 %, 36410 MiB, 0x0000000000000000;
2026-09-02T04:45:06Z,0, 52.85 W, 43, 0 %, 39962 MiB, 0x0000000000000000;1, 44.08 W, 41, 0 %, 38716 MiB, 0x0000000000000000;2, 40.16 W, 41, 0 %, 38730 MiB, 0x0000000000000000;3, 41.24 W, 40, 0 %, 36410 MiB, 0x0000000000000000;
2026-09-02T04:45:12Z,0, 39.85 W, 42, 0 %, 39962 MiB, 0x0000000000000000;1, 44.07 W, 41, 0 %, 38716 MiB, 0x0000000000000000;2, 40.06 W, 41, 0 %, 38730 MiB, 0x0000000000000000;3, 41.72 W, 40, 0 %, 36410 MiB, 0x0000000000000000;
2026-09-02T04:45:17Z,0, 39.94 W, 42, 0 %, 39962 MiB, 0x0000000000000000;1, 44.18 W, 41, 0 %, 38716 MiB, 0x0000000000000000;2, 40.24 W, 41, 0 %, 38730 MiB, 0x0000000000000000;3, 41.32 W, 40, 0 %, 36410 MiB, 0x0000000000000000;
2026-09-02T04:45:22Z,0, 39.86 W, 42, 0 %, 39962 MiB, 0x0000000000000000;1, 44.07 W, 41, 0 %, 38716 MiB, 0x0000000000000000;2, 40.26 W, 41, 0 %, 38730 MiB, 0x0000000000000000;3, 41.25 W, 40, 0 %, 36410 MiB, 0x0000000000000000;
2026-09-02T04:45:27Z,0, 39.87 W, 42, 0 %, 39962 MiB, 0x0000000000000000;1, 44.08 W, 41, 0 %, 38716 MiB, 0x0000000000000000;2, 40.36 W, 41, 0 %, 38730 MiB, 0x0000000000000000;3, 41.35 W, 40, 0 %, 36410 MiB, 0x0000000000000000;
2026-09-02T04:45:32Z,0, 53.14 W, 43, 0 %, 39962 MiB, 0x0000000000000000;1, 44.16 W, 41, 0 %, 38716 MiB, 0x0000000000000000;2, 40.26 W, 41, 0 %, 38730 MiB, 0x0000000000000000;3, 41.24 W, 40, 0 %, 36410 MiB, 0x0000000000000000;
2026-09-02T04:45:37Z,0, 40.07 W, 42, 0 %, 39962 MiB, 0x0000000000000000;1, 44.28 W, 41, 0 %, 38716 MiB, 0x0000000000000000;2, 40.36 W, 42, 0 %, 38730 MiB, 0x0000000000000000;3, 41.35 W, 40, 0 %, 36410 MiB, 0x0000000000000000;
2026-09-02T04:45:42Z,0, 39.97 W, 42, 0 %, 39962 MiB, 0x0000000000000000;1, 44.27 W, 41, 0 %, 38716 MiB, 0x0000000000000000;2, 40.36 W, 41, 0 %, 38730 MiB, 0x0000000000000000;3, 41.35 W, 40, 0 %, 36410 MiB, 0x0000000000000000;
2026-09-02T04:45:48Z,0, 40.07 W, 42, 0 %, 39962 MiB, 0x0000000000000000;1, 44.08 W, 41, 0 %, 38716 MiB, 0x0000000000000000;2, 40.35 W, 42, 0 %, 38730 MiB, 0x0000000000000000;3, 41.44 W, 40, 0 %, 36410 MiB, 0x0000000000000000;
2026-09-02T04:45:53Z,0, 53.63 W, 43, 71 %, 39962 MiB, 0x0000000000000000;1, 43.98 W, 41, 0 %, 38716 MiB, 0x0000000000000000;2, 40.16 W, 42, 0 %, 38730 MiB, 0x0000000000000000;3, 41.44 W, 40, 0 %, 36410 MiB, 0x0000000000000000;
2026-09-02T04:45:58Z,0, 40.16 W, 42, 0 %, 39962 MiB, 0x0000000000000000;1, 44.08 W, 41, 0 %, 38716 MiB, 0x0000000000000000;2, 40.16 W, 42, 0 %, 38730 MiB, 0x0000000000000000;3, 41.53 W, 40, 0 %, 36410 MiB, 0x0000000000000000;
2026-09-02T04:46:03Z,0, 40.07 W, 42, 0 %, 39962 MiB, 0x0000000000000000;1, 44.17 W, 41, 0 %, 38716 MiB, 0x0000000000000000;2, 40.16 W, 42, 0 %, 38730 MiB, 0x0000000000000000;3, 41.53 W, 40, 0 %, 36410 MiB, 0x0000000000000000;
2026-09-02T04:46:08Z,0, 39.86 W, 42, 0 %, 39962 MiB, 0x0000000000000000;1, 44.19 W, 41, 0 %, 38716 MiB, 0x0000000000000000;2, 40.28 W, 42, 0 %, 38730 MiB, 0x0000000000000000;3, 41.44 W, 40, 0 %, 36410 MiB, 0x0000000000000000;
2026-09-02T04:46:13Z,0, 39.86 W, 42, 0 %, 39962 MiB, 0x0000000000000000;1, 44.07 W, 41, 0 %, 38716 MiB, 0x0000000000000000;2, 40.18 W, 42, 0 %, 38730 MiB, 0x0000000000000000;3, 41.25 W, 40, 0 %, 36410 MiB, 0x0000000000000000;
2026-09-02T04:46:18Z,0, 40.16 W, 43, 0 %, 39962 MiB, 0x0000000000000000;1, 44.19 W, 41, 0 %, 38716 MiB, 0x0000000000000000;2, 40.16 W, 42, 0 %, 38730 MiB, 0x0000000000000000;3, 41.34 W, 40, 0 %, 36410 MiB, 0x0000000000000000;
2026-09-02T04:46:24Z,0, 39.96 W, 42, 0 %, 39962 MiB, 0x0000000000000000;1, 44.17 W, 41, 0 %, 38716 MiB, 0x0000000000000000;2, 40.36 W, 42, 0 %, 38730 MiB, 0x0000000000000000;3, 41.25 W, 40, 0 %, 36410 MiB, 0x0000000000000000;
2026-09-02T04:46:29Z,0, 40.44 W, 42, 0 %, 39962 MiB, 0x0000000000000000;1, 44.16 W, 41, 0 %, 38716 MiB, 0x0000000000000000;2, 40.35 W, 42, 0 %, 38730 MiB, 0x0000000000000000;3, 41.44 W, 40, 0 %, 36410 MiB, 0x0000000000000000;
2026-09-02T04:46:34Z,0, 40.07 W, 42, 0 %, 39962 MiB, 0x0000000000000000;1, 44.28 W, 41, 0 %, 38716 MiB, 0x0000000000000000;2, 40.27 W, 42, 0 %, 38730 MiB, 0x0000000000000000;3, 41.44 W, 40, 0 %, 36410 MiB, 0x0000000000000000;
2026-09-02T04:46:39Z,0, 53.42 W, 43, 66 %, 39962 MiB, 0x0000000000000000;1, 44.16 W, 41, 0 %, 38716 MiB, 0x0000000000000000;2, 40.26 W, 42, 0 %, 38730 MiB, 0x0000000000000000;3, 41.34 W, 40, 0 %, 36410 MiB, 0x0000000000000000;
2026-09-02T04:46:44Z,0, 40.07 W, 42, 0 %, 39962 MiB, 0x0000000000000000;1, 44.19 W, 41, 0 %, 38716 MiB, 0x0000000000000000;2, 40.35 W, 42, 0 %, 38730 MiB, 0x0000000000000000;3, 41.54 W, 40, 0 %, 36410 MiB, 0x0000000000000000;
2026-09-02T04:46:49Z,0, 40.06 W, 42, 0 %, 39962 MiB, 0x0000000000000000;1, 44.28 W, 41, 0 %, 38716 MiB, 0x0000000000000000;2, 40.36 W, 42, 0 %, 38730 MiB, 0x0000000000000000;3, 41.53 W, 40, 0 %, 36410 MiB, 0x0000000000000000;
2026-09-02T04:46:55Z,0, 40.15 W, 42, 0 %, 39962 MiB, 0x0000000000000000;1, 44.06 W, 41, 0 %, 38716 MiB, 0x0000000000000000;2, 40.35 W, 42, 0 %, 38730 MiB, 0x0000000000000000;3, 41.53 W, 41, 0 %, 36410 MiB, 0x0000000000000000;
2026-09-02T04:47:00Z,0, 53.55 W, 43, 66 %, 39962 MiB, 0x0000000000000000;1, 43.99 W, 41, 0 %, 38716 MiB, 0x0000000000000000;2, 40.28 W, 42, 0 %, 38730 MiB, 0x0000000000000000;3, 41.45 W, 41, 0 %, 36410 MiB, 0x0000000000000000;
2026-09-02T04:47:05Z,0, 40.25 W, 43, 0 %, 39962 MiB, 0x0000000000000000;1, 44.16 W, 41, 0 %, 38716 MiB, 0x0000000000000000;2, 40.16 W, 42, 0 %, 38730 MiB, 0x0000000000000000;3, 41.33 W, 41, 0 %, 36410 MiB, 0x0000000000000000;
2026-09-02T04:47:10Z,0, 40.15 W, 42, 0 %, 39962 MiB, 0x0000000000000000;1, 44.28 W, 41, 0 %, 38716 MiB, 0x0000000000000000;2, 40.16 W, 42, 0 %, 38730 MiB, 0x0000000000000000;3, 41.73 W, 41, 0 %, 36410 MiB, 0x0000000000000000;
2026-09-02T04:47:15Z,0, 39.85 W, 42, 0 %, 39962 MiB, 0x0000000000000000;1, 44.17 W, 41, 0 %, 38716 MiB, 0x0000000000000000;2, 40.24 W, 42, 0 %, 38730 MiB, 0x0000000000000000;3, 41.53 W, 41, 0 %, 36410 MiB, 0x0000000000000000;
2026-09-02T04:47:20Z,0, 53.26 W, 43, 73 %, 39962 MiB, 0x0000000000000000;1, 44.18 W, 41, 0 %, 38716 MiB, 0x0000000000000000;2, 40.16 W, 42, 0 %, 38730 MiB, 0x0000000000000000;3, 41.35 W, 41, 0 %, 36410 MiB, 0x0000000000000000;
2026-09-02T04:47:25Z,0, 40.05 W, 43, 0 %, 39962 MiB, 0x0000000000000000;1, 44.18 W, 41, 0 %, 38716 MiB, 0x0000000000000000;2, 40.26 W, 42, 0 %, 38730 MiB, 0x0000000000000000;3, 41.34 W, 41, 0 %, 36410 MiB, 0x0000000000000000;
2026-09-02T04:47:31Z,0, 40.05 W, 42, 0 %, 39962 MiB, 0x0000000000000000;1, 44.28 W, 41, 0 %, 38716 MiB, 0x0000000000000000;2, 40.16 W, 42, 0 %, 38730 MiB, 0x0000000000000000;3, 41.54 W, 41, 0 %, 36410 MiB, 0x0000000000000000;
2026-09-02T04:47:36Z,0, 39.94 W, 42, 0 %, 39962 MiB, 0x0000000000000000;1, 44.16 W, 41, 0 %, 38716 MiB, 0x0000000000000000;2, 40.26 W, 42, 0 %, 38730 MiB, 0x0000000000000000;3, 41.44 W, 41, 0 %, 36410 MiB, 0x0000000000000000;
2026-09-02T04:47:41Z,0, 40.07 W, 42, 0 %, 39962 MiB, 0x0000000000000000;1, 44.17 W, 41, 0 %, 38716 MiB, 0x0000000000000000;2, 40.35 W, 42, 0 %, 38730 MiB, 0x0000000000000000;3, 41.35 W, 41, 0 %, 36410 MiB, 0x0000000000000000;
2026-09-02T04:47:46Z,0, 40.07 W, 42, 0 %, 39962 MiB, 0x0000000000000000;1, 44.28 W, 41, 0 %, 38716 MiB, 0x0000000000000000;2, 40.35 W, 42, 0 %, 38730 MiB, 0x0000000000000000;3, 41.54 W, 41, 0 %, 36410 MiB, 0x0000000000000000;
2026-09-02T04:47:51Z,0, 40.34 W, 43, 0 %, 39962 MiB, 0x0000000000000000;1, 44.28 W, 41, 0 %, 38716 MiB, 0x0000000000000000;2, 40.35 W, 42, 0 %, 38730 MiB, 0x0000000000000000;3, 41.54 W, 41, 0 %, 36410 MiB, 0x0000000000000000;
2026-09-02T04:47:56Z,0, 40.17 W, 42, 0 %, 39962 MiB, 0x0000000000000000;1, 44.39 W, 41, 0 %, 38716 MiB, 0x0000000000000000;2, 40.47 W, 42, 0 %, 38730 MiB, 0x0000000000000000;3, 41.45 W, 41, 0 %, 36410 MiB, 0x0000000000000000;
2026-09-02T04:48:01Z,0, 40.26 W, 42, 0 %, 39962 MiB, 0x0000000000000000;1, 44.08 W, 41, 0 %, 38716 MiB, 0x0000000000000000;2, 40.56 W, 42, 0 %, 38730 MiB, 0x0000000000000000;3, 41.44 W, 41, 0 %, 36410 MiB, 0x0000000000000000;
2026-09-02T04:48:07Z,0, 40.17 W, 42, 0 %, 39962 MiB, 0x0000000000000000;1, 44.07 W, 41, 0 %, 38716 MiB, 0x0000000000000000;2, 40.26 W, 42, 0 %, 38730 MiB, 0x0000000000000000;3, 41.44 W, 41, 0 %, 36410 MiB, 0x0000000000000000;
2026-09-02T04:48:12Z,0, 53.81 W, 43, 69 %, 39962 MiB, 0x0000000000000000;1, 44.07 W, 41, 0 %, 38716 MiB, 0x0000000000000000;2, 40.28 W, 42, 0 %, 38730 MiB, 0x0000000000000000;3, 41.53 W, 41, 0 %, 36410 MiB, 0x0000000000000000;
2026-09-02T04:48:17Z,0, 40.26 W, 43, 0 %, 39962 MiB, 0x0000000000000000;1, 44.08 W, 41, 0 %, 38716 MiB, 0x0000000000000000;2, 40.16 W, 42, 0 %, 38730 MiB, 0x0000000000000000;3, 41.54 W, 41, 0 %, 36410 MiB, 0x0000000000000000;
2026-09-02T04:48:22Z,0, 40.05 W, 42, 0 %, 39962 MiB, 0x0000000000000000;1, 44.17 W, 41, 0 %, 38716 MiB, 0x0000000000000000;2, 40.16 W, 42, 0 %, 38730 MiB, 0x0000000000000000;3, 41.53 W, 41, 0 %, 36410 MiB, 0x0000000000000000;
2026-09-02T04:48:27Z,0, 40.07 W, 42, 0 %, 39962 MiB, 0x0000000000000000;1, 44.28 W, 41, 0 %, 38716 MiB, 0x0000000000000000;2, 40.26 W, 42, 0 %, 38730 MiB, 0x0000000000000000;3, 41.34 W, 41, 0 %, 36410 MiB, 0x0000000000000000;
2026-09-02T04:48:32Z,0, 40.08 W, 42, 0 %, 39962 MiB, 0x0000000000000000;1, 44.20 W, 41, 0 %, 38716 MiB, 0x0000000000000000;2, 40.17 W, 42, 0 %, 38730 MiB, 0x0000000000000000;3, 41.26 W, 41, 0 %, 36410 MiB, 0x0000000000000000;
2026-09-02T04:48:38Z,0, 53.55 W, 43, 0 %, 39962 MiB, 0x0000000000000000;1, 44.17 W, 41, 0 %, 38716 MiB, 0x0000000000000000;2, 40.16 W, 42, 0 %, 38730 MiB, 0x0000000000000000;3, 41.35 W, 41, 0 %, 36410 MiB, 0x0000000000000000;
2026-09-02T04:48:43Z,0, 40.15 W, 43, 0 %, 39962 MiB, 0x0000000000000000;1, 44.27 W, 41, 0 %, 38716 MiB, 0x0000000000000000;2, 40.26 W, 42, 0 %, 38730 MiB, 0x0000000000000000;3, 41.33 W, 41, 0 %, 36410 MiB, 0x0000000000000000;
2026-09-02T04:48:48Z,0, 40.15 W, 43, 0 %, 39962 MiB, 0x0000000000000000;1, 44.27 W, 41, 0 %, 38716 MiB, 0x0000000000000000;2, 40.26 W, 42, 0 %, 38730 MiB, 0x0000000000000000;3, 41.44 W, 41, 0 %, 36410 MiB, 0x0000000000000000;
2026-09-02T04:48:53Z,0, 40.16 W, 43, 0 %, 39962 MiB, 0x0000000000000000;1, 44.19 W, 41, 0 %, 38716 MiB, 0x0000000000000000;2, 40.36 W, 42, 0 %, 38730 MiB, 0x0000000000000000;3, 41.35 W, 41, 0 %, 36410 MiB, 0x0000000000000000;
2026-09-02T04:48:58Z,0, 40.06 W, 42, 0 %, 39962 MiB, 0x0000000000000000;1, 68.89 W, 42, 51 %, 38716 MiB, 0x0000000000000000;2, 40.54 W, 42, 0 %, 38730 MiB, 0x0000000000000000;3, 41.44 W, 41, 0 %, 36410 MiB, 0x0000000000000000;
2026-09-02T04:49:03Z,0, 40.07 W, 42, 0 %, 39962 MiB, 0x0000000000000000;1, 44.49 W, 41, 0 %, 38716 MiB, 0x0000000000000000;2, 40.35 W, 42, 0 %, 38730 MiB, 0x0000000000000000;3, 41.53 W, 41, 0 %, 36410 MiB, 0x0000000000000000;
2026-09-02T04:49:08Z,0, 40.05 W, 42, 0 %, 39962 MiB, 0x0000000000000000;1, 44.27 W, 41, 0 %, 38716 MiB, 0x0000000000000000;2, 40.46 W, 42, 0 %, 38730 MiB, 0x0000000000000000;3, 41.63 W, 41, 0 %, 36410 MiB, 0x0000000000000000;
2026-09-02T04:49:14Z,0, 40.16 W, 42, 0 %, 39962 MiB, 0x0000000000000000;1, 44.27 W, 41, 0 %, 38716 MiB, 0x0000000000000000;2, 40.26 W, 42, 0 %, 38730 MiB, 0x0000000000000000;3, 41.53 W, 41, 0 %, 36410 MiB, 0x0000000000000000;
2026-09-02T04:49:19Z,0, 40.25 W, 42, 0 %, 39962 MiB, 0x0000000000000000;1, 52.40 W, 41, 47 %, 38716 MiB, 0x0000000000000000;2, 40.26 W, 42, 0 %, 38730 MiB, 0x0000000000000000;3, 41.53 W, 41, 0 %, 36410 MiB, 0x0000000000000000;
2026-09-02T04:49:24Z,0, 40.15 W, 42, 0 %, 39962 MiB, 0x0000000000000000;1, 44.46 W, 41, 0 %, 38716 MiB, 0x0000000000000000;2, 40.26 W, 42, 0 %, 38730 MiB, 0x0000000000000000;3, 41.53 W, 41, 0 %, 36410 MiB, 0x0000000000000000;
2026-09-02T04:49:29Z,0, 40.07 W, 42, 0 %, 39962 MiB, 0x0000000000000000;1, 44.37 W, 41, 0 %, 38716 MiB, 0x0000000000000000;2, 40.26 W, 42, 0 %, 38730 MiB, 0x0000000000000000;3, 41.63 W, 41, 0 %, 36410 MiB, 0x0000000000000000;
2026-09-02T04:49:34Z,0, 39.94 W, 42, 0 %, 39962 MiB, 0x0000000000000000;1, 44.27 W, 41, 0 %, 38716 MiB, 0x0000000000000000;2, 40.45 W, 42, 0 %, 38730 MiB, 0x0000000000000000;3, 41.44 W, 41, 0 %, 36410 MiB, 0x0000000000000000;
2026-09-02T04:49:39Z,0, 40.05 W, 42, 0 %, 39962 MiB, 0x0000000000000000;1, 44.27 W, 41, 0 %, 38716 MiB, 0x0000000000000000;2, 40.26 W, 42, 0 %, 38730 MiB, 0x0000000000000000;3, 41.34 W, 41, 0 %, 36410 MiB, 0x0000000000000000;
2026-09-02T04:49:44Z,0, 39.98 W, 42, 0 %, 39962 MiB, 0x0000000000000000;1, 44.30 W, 41, 0 %, 38716 MiB, 0x0000000000000000;2, 40.37 W, 42, 0 %, 38730 MiB, 0x0000000000000000;3, 41.45 W, 41, 0 %, 36410 MiB, 0x0000000000000000;
2026-09-02T04:49:50Z,0, 39.94 W, 42, 0 %, 39962 MiB, 0x0000000000000000;1, 68.66 W, 43, 0 %, 38716 MiB, 0x0000000000000000;2, 40.35 W, 42, 0 %, 38730 MiB, 0x0000000000000000;3, 41.51 W, 41, 0 %, 36410 MiB, 0x0000000000000000;
2026-09-02T04:49:55Z,0, 40.07 W, 42, 0 %, 39962 MiB, 0x0000000000000000;1, 44.48 W, 41, 0 %, 38716 MiB, 0x0000000000000000;2, 40.35 W, 42, 0 %, 38730 MiB, 0x0000000000000000;3, 41.44 W, 41, 0 %, 36410 MiB, 0x0000000000000000;
2026-09-02T04:50:00Z,0, 39.96 W, 42, 0 %, 39962 MiB, 0x0000000000000000;1, 44.47 W, 41, 0 %, 38716 MiB, 0x0000000000000000;2, 40.46 W, 42, 0 %, 38730 MiB, 0x0000000000000000;3, 41.54 W, 41, 0 %, 36410 MiB, 0x0000000000000000;
2026-09-02T04:50:05Z,0, 40.05 W, 42, 0 %, 39962 MiB, 0x0000000000000000;1, 44.37 W, 41, 0 %, 38716 MiB, 0x0000000000000000;2, 40.35 W, 42, 0 %, 38730 MiB, 0x0000000000000000;3, 41.33 W, 41, 0 %, 36410 MiB, 0x0000000000000000;
2026-09-02T04:50:10Z,0, 40.07 W, 42, 0 %, 39962 MiB, 0x0000000000000000;1, 69.42 W, 43, 57 %, 38716 MiB, 0x0000000000000000;2, 40.44 W, 42, 0 %, 38730 MiB, 0x0000000000000000;3, 41.53 W, 41, 0 %, 36410 MiB, 0x0000000000000000;
2026-09-02T04:50:15Z,0, 40.06 W, 42, 0 %, 39962 MiB, 0x0000000000000000;1, 44.28 W, 42, 0 %, 38716 MiB, 0x0000000000000000;2, 40.46 W, 42, 0 %, 38730 MiB, 0x0000000000000000;3, 41.53 W, 41, 0 %, 36410 MiB, 0x0000000000000000;
2026-09-02T04:50:20Z,0, 40.15 W, 42, 0 %, 39962 MiB, 0x0000000000000000;1, 44.27 W, 41, 0 %, 38716 MiB, 0x0000000000000000;2, 40.35 W, 42, 0 %, 38730 MiB, 0x0000000000000000;3, 41.35 W, 41, 0 %, 36410 MiB, 0x0000000000000000;
2026-09-02T04:50:26Z,0, 40.06 W, 42, 0 %, 39962 MiB, 0x0000000000000000;1, 44.28 W, 41, 0 %, 38716 MiB, 0x0000000000000000;2, 40.28 W, 42, 0 %, 38730 MiB, 0x0000000000000000;3, 41.54 W, 41, 0 %, 36410 MiB, 0x0000000000000000;
2026-09-02T04:50:31Z,0, 40.25 W, 42, 0 %, 39962 MiB, 0x0000000000000000;1, 68.69 W, 42, 55 %, 38716 MiB, 0x0000000000000000;2, 40.25 W, 42, 0 %, 38730 MiB, 0x0000000000000000;3, 41.53 W, 41, 0 %, 36410 MiB, 0x0000000000000000;
2026-09-02T04:50:36Z,0, 39.97 W, 42, 0 %, 39962 MiB, 0x0000000000000000;1, 44.47 W, 42, 0 %, 38716 MiB, 0x0000000000000000;2, 40.35 W, 42, 0 %, 38730 MiB, 0x0000000000000000;3, 41.63 W, 41, 0 %, 36410 MiB, 0x0000000000000000;
2026-09-02T04:50:41Z,0, 39.86 W, 42, 0 %, 39962 MiB, 0x0000000000000000;1, 44.38 W, 41, 0 %, 38716 MiB, 0x0000000000000000;2, 40.26 W, 42, 0 %, 38730 MiB, 0x0000000000000000;3, 41.25 W, 41, 0 %, 36410 MiB, 0x0000000000000000;
2026-09-02T04:50:46Z,0, 39.85 W, 42, 0 %, 39962 MiB, 0x0000000000000000;1, 44.46 W, 41, 0 %, 38716 MiB, 0x0000000000000000;2, 40.35 W, 42, 0 %, 38730 MiB, 0x0000000000000000;3, 41.24 W, 41, 0 %, 36410 MiB, 0x0000000000000000;
2026-09-02T04:50:51Z,0, 39.95 W, 42, 0 %, 39962 MiB, 0x0000000000000000;1, 44.38 W, 41, 0 %, 38716 MiB, 0x0000000000000000;2, 40.26 W, 42, 0 %, 38730 MiB, 0x0000000000000000;3, 41.35 W, 41, 0 %, 36410 MiB, 0x0000000000000000;
2026-09-02T04:50:57Z,0, 39.84 W, 42, 0 %, 39962 MiB, 0x0000000000000000;1, 68.79 W, 43, 0 %, 38716 MiB, 0x0000000000000000;2, 40.35 W, 42, 0 %, 38730 MiB, 0x0000000000000000;3, 41.52 W, 41, 0 %, 36410 MiB, 0x0000000000000000;
2026-09-02T04:51:02Z,0, 39.96 W, 42, 0 %, 39962 MiB, 0x0000000000000000;1, 44.56 W, 42, 0 %, 38716 MiB, 0x0000000000000000;2, 40.36 W, 42, 0 %, 38730 MiB, 0x0000000000000000;3, 41.43 W, 41, 0 %, 36410 MiB, 0x0000000000000000;
2026-09-02T04:51:07Z,0, 40.05 W, 42, 0 %, 39962 MiB, 0x0000000000000000;1, 44.57 W, 41, 0 %, 38716 MiB, 0x0000000000000000;2, 40.35 W, 42, 0 %, 38730 MiB, 0x0000000000000000;3, 41.44 W, 41, 0 %, 36410 MiB, 0x0000000000000000;
2026-09-02T04:51:12Z,0, 39.95 W, 42, 0 %, 39962 MiB, 0x0000000000000000;1, 44.57 W, 41, 0 %, 38716 MiB, 0x0000000000000000;2, 40.46 W, 42, 0 %, 38730 MiB, 0x0000000000000000;3, 41.35 W, 41, 0 %, 36410 MiB, 0x0000000000000000;
2026-09-02T04:51:17Z,0, 39.95 W, 42, 0 %, 39962 MiB, 0x0000000000000000;1, 68.79 W, 43, 0 %, 38716 MiB, 0x0000000000000000;2, 40.34 W, 42, 0 %, 38730 MiB, 0x0000000000000000;3, 41.53 W, 41, 0 %, 36410 MiB, 0x0000000000000000;
2026-09-02T04:51:22Z,0, 40.06 W, 42, 0 %, 39962 MiB, 0x0000000000000000;1, 44.49 W, 42, 0 %, 38716 MiB, 0x0000000000000000;2, 40.44 W, 42, 0 %, 38730 MiB, 0x0000000000000000;3, 41.45 W, 41, 0 %, 36410 MiB, 0x0000000000000000;
2026-09-02T04:51:27Z,0, 40.06 W, 42, 0 %, 39962 MiB, 0x0000000000000000;1, 44.38 W, 42, 0 %, 38716 MiB, 0x0000000000000000;2, 40.26 W, 42, 0 %, 38730 MiB, 0x0000000000000000;3, 41.53 W, 41, 0 %, 36410 MiB, 0x0000000000000000;
2026-09-02T04:51:33Z,0, 40.08 W, 42, 0 %, 39962 MiB, 0x0000000000000000;1, 44.40 W, 41, 0 %, 38716 MiB, 0x0000000000000000;2, 40.18 W, 42, 0 %, 38730 MiB, 0x0000000000000000;3, 41.65 W, 41, 0 %, 36410 MiB, 0x0000000000000000;
2026-09-02T04:51:38Z,0, 39.94 W, 42, 0 %, 39962 MiB, 0x0000000000000000;1, 68.60 W, 43, 0 %, 38716 MiB, 0x0000000000000000;2, 40.35 W, 42, 0 %, 38730 MiB, 0x0000000000000000;3, 41.52 W, 41, 0 %, 36410 MiB, 0x0000000000000000;
2026-09-02T04:51:43Z,0, 39.85 W, 42, 0 %, 39962 MiB, 0x0000000000000000;1, 44.47 W, 42, 0 %, 38716 MiB, 0x0000000000000000;2, 40.25 W, 42, 0 %, 38730 MiB, 0x0000000000000000;3, 41.63 W, 41, 0 %, 36410 MiB, 0x0000000000000000;
2026-09-02T04:51:48Z,0, 40.06 W, 42, 0 %, 39962 MiB, 0x0000000000000000;1, 44.47 W, 42, 0 %, 38716 MiB, 0x0000000000000000;2, 40.26 W, 42, 0 %, 38730 MiB, 0x0000000000000000;3, 41.44 W, 41, 0 %, 36410 MiB, 0x0000000000000000;
2026-09-02T04:51:53Z,0, 39.87 W, 42, 0 %, 39962 MiB, 0x0000000000000000;1, 44.47 W, 42, 0 %, 38716 MiB, 0x0000000000000000;2, 40.35 W, 42, 0 %, 38730 MiB, 0x0000000000000000;3, 41.34 W, 41, 0 %, 36410 MiB, 0x0000000000000000;
2026-09-02T04:51:58Z,0, 39.84 W, 42, 0 %, 39962 MiB, 0x0000000000000000;1, 68.60 W, 43, 0 %, 38716 MiB, 0x0000000000000000;2, 40.34 W, 42, 0 %, 38730 MiB, 0x0000000000000000;3, 41.32 W, 41, 0 %, 36410 MiB, 0x0000000000000000;
2026-09-02T04:52:03Z,0, 39.98 W, 42, 0 %, 39962 MiB, 0x0000000000000000;1, 44.57 W, 42, 0 %, 38716 MiB, 0x0000000000000000;2, 40.35 W, 42, 0 %, 38730 MiB, 0x0000000000000000;3, 41.54 W, 41, 0 %, 36410 MiB, 0x0000000000000000;
2026-09-02T04:52:09Z,0, 39.97 W, 42, 0 %, 39962 MiB, 0x0000000000000000;1, 44.57 W, 42, 0 %, 38716 MiB, 0x0000000000000000;2, 40.45 W, 42, 0 %, 38730 MiB, 0x0000000000000000;3, 41.35 W, 41, 0 %, 36410 MiB, 0x0000000000000000;
2026-09-02T04:52:14Z,0, 40.06 W, 42, 0 %, 39962 MiB, 0x0000000000000000;1, 44.56 W, 41, 0 %, 38716 MiB, 0x0000000000000000;2, 40.35 W, 42, 0 %, 38730 MiB, 0x0000000000000000;3, 41.53 W, 41, 0 %, 36410 MiB, 0x0000000000000000;
2026-09-02T04:52:19Z,0, 39.96 W, 42, 0 %, 39962 MiB, 0x0000000000000000;1, 68.79 W, 43, 46 %, 38716 MiB, 0x0000000000000000;2, 40.35 W, 42, 0 %, 38730 MiB, 0x0000000000000000;3, 41.52 W, 41, 0 %, 36410 MiB, 0x0000000000000000;
2026-09-02T04:52:24Z,0, 39.94 W, 42, 0 %, 39962 MiB, 0x0000000000000000;1, 44.66 W, 42, 0 %, 38716 MiB, 0x0000000000000000;2, 40.45 W, 42, 0 %, 38730 MiB, 0x0000000000000000;3, 41.54 W, 41, 0 %, 36410 MiB, 0x0000000000000000;
2026-09-02T04:52:29Z,0, 40.07 W, 42, 0 %, 39962 MiB, 0x0000000000000000;1, 44.49 W, 42, 0 %, 38716 MiB, 0x0000000000000000;2, 40.36 W, 42, 0 %, 38730 MiB, 0x0000000000000000;3, 41.45 W, 41, 0 %, 36410 MiB, 0x0000000000000000;
2026-09-02T04:52:34Z,0, 40.05 W, 42, 0 %, 39962 MiB, 0x0000000000000000;1, 44.38 W, 42, 0 %, 38716 MiB, 0x0000000000000000;2, 40.36 W, 42, 0 %, 38730 MiB, 0x0000000000000000;3, 41.44 W, 41, 0 %, 36410 MiB, 0x0000000000000000;
2026-09-02T04:52:39Z,0, 40.15 W, 42, 0 %, 39962 MiB, 0x0000000000000000;1, 44.37 W, 41, 0 %, 38716 MiB, 0x0000000000000000;2, 40.26 W, 42, 0 %, 38730 MiB, 0x0000000000000000;3, 41.53 W, 41, 0 %, 36410 MiB, 0x0000000000000000;
2026-09-02T04:52:45Z,0, 39.96 W, 42, 0 %, 39962 MiB, 0x0000000000000000;1, 44.58 W, 42, 0 %, 38716 MiB, 0x0000000000000000;2, 40.37 W, 42, 0 %, 38730 MiB, 0x0000000000000000;3, 41.54 W, 41, 0 %, 36410 MiB, 0x0000000000000000;
2026-09-02T04:52:50Z,0, 39.95 W, 42, 0 %, 39962 MiB, 0x0000000000000000;1, 44.57 W, 42, 0 %, 38716 MiB, 0x0000000000000000;2, 40.26 W, 42, 0 %, 38730 MiB, 0x0000000000000000;3, 41.63 W, 41, 0 %, 36410 MiB, 0x0000000000000000;
2026-09-02T04:52:55Z,0, 39.94 W, 42, 0 %, 39962 MiB, 0x0000000000000000;1, 44.38 W, 42, 0 %, 38716 MiB, 0x0000000000000000;2, 40.36 W, 42, 0 %, 38730 MiB, 0x0000000000000000;3, 41.63 W, 41, 0 %, 36410 MiB, 0x0000000000000000;
2026-09-02T04:53:00Z,0, 39.97 W, 42, 0 %, 39962 MiB, 0x0000000000000000;1, 44.57 W, 42, 0 %, 38716 MiB, 0x0000000000000000;2, 40.26 W, 42, 0 %, 38730 MiB, 0x0000000000000000;3, 41.54 W, 41, 0 %, 36410 MiB, 0x0000000000000000;
2026-09-02T04:53:05Z,0, 39.87 W, 42, 0 %, 39962 MiB, 0x0000000000000000;1, 44.46 W, 41, 0 %, 38716 MiB, 0x0000000000000000;2, 40.47 W, 42, 0 %, 38730 MiB, 0x0000000000000000;3, 41.34 W, 41, 0 %, 36410 MiB, 0x0000000000000000;
2026-09-02T04:53:10Z,0, 39.87 W, 42, 0 %, 39962 MiB, 0x0000000000000000;1, 44.47 W, 41, 0 %, 38716 MiB, 0x0000000000000000;2, 40.35 W, 42, 0 %, 38730 MiB, 0x0000000000000000;3, 41.45 W, 41, 0 %, 36410 MiB, 0x0000000000000000;
2026-09-02T04:53:16Z,0, 39.95 W, 42, 0 %, 39962 MiB, 0x0000000000000000;1, 44.47 W, 41, 0 %, 38716 MiB, 0x0000000000000000;2, 40.56 W, 42, 0 %, 38730 MiB, 0x0000000000000000;3, 41.53 W, 41, 0 %, 36410 MiB, 0x0000000000000000;
2026-09-02T04:53:21Z,0, 40.07 W, 42, 0 %, 39962 MiB, 0x0000000000000000;1, 44.57 W, 41, 0 %, 38716 MiB, 0x0000000000000000;2, 40.35 W, 42, 0 %, 38730 MiB, 0x0000000000000000;3, 41.53 W, 41, 0 %, 36410 MiB, 0x0000000000000000;
2026-09-02T04:53:26Z,0, 39.96 W, 42, 0 %, 39962 MiB, 0x0000000000000000;1, 44.57 W, 41, 0 %, 38716 MiB, 0x0000000000000000;2, 53.74 W, 43, 45 %, 38730 MiB, 0x0000000000000000;3, 41.54 W, 41, 0 %, 36410 MiB, 0x0000000000000000;
2026-09-02T04:53:31Z,0, 39.97 W, 42, 0 %, 39962 MiB, 0x0000000000000000;1, 44.49 W, 41, 0 %, 38716 MiB, 0x0000000000000000;2, 40.56 W, 42, 0 %, 38730 MiB, 0x0000000000000000;3, 41.54 W, 41, 0 %, 36410 MiB, 0x0000000000000000;
2026-09-02T04:53:36Z,0, 39.94 W, 42, 0 %, 39962 MiB, 0x0000000000000000;1, 44.27 W, 41, 0 %, 38716 MiB, 0x0000000000000000;2, 40.94 W, 42, 0 %, 38730 MiB, 0x0000000000000000;3, 41.54 W, 41, 0 %, 36410 MiB, 0x0000000000000000;
2026-09-02T04:53:41Z,0, 40.05 W, 42, 0 %, 39962 MiB, 0x0000000000000000;1, 44.28 W, 41, 0 %, 38716 MiB, 0x0000000000000000;2, 40.35 W, 42, 0 %, 38730 MiB, 0x0000000000000000;3, 41.53 W, 41, 0 %, 36410 MiB, 0x0000000000000000;
2026-09-02T04:53:46Z,0, 40.15 W, 42, 0 %, 39962 MiB, 0x0000000000000000;1, 44.28 W, 41, 0 %, 38716 MiB, 0x0000000000000000;2, 40.34 W, 42, 0 %, 38730 MiB, 0x0000000000000000;3, 41.63 W, 41, 0 %, 36410 MiB, 0x0000000000000000;
2026-09-02T04:53:52Z,0, 40.06 W, 42, 0 %, 39962 MiB, 0x0000000000000000;1, 44.37 W, 41, 0 %, 38716 MiB, 0x0000000000000000;2, 53.91 W, 43, 54 %, 38730 MiB, 0x0000000000000000;3, 41.63 W, 41, 0 %, 36410 MiB, 0x0000000000000000;
2026-09-02T04:53:57Z,0, 39.86 W, 42, 0 %, 39962 MiB, 0x0000000000000000;1, 44.37 W, 41, 0 %, 38716 MiB, 0x0000000000000000;2, 40.35 W, 42, 0 %, 38730 MiB, 0x0000000000000000;3, 41.53 W, 41, 0 %, 36410 MiB, 0x0000000000000000;
2026-09-02T04:54:02Z,0, 39.95 W, 42, 0 %, 39962 MiB, 0x0000000000000000;1, 44.18 W, 41, 0 %, 38716 MiB, 0x0000000000000000;2, 40.46 W, 42, 0 %, 38730 MiB, 0x0000000000000000;3, 41.44 W, 41, 0 %, 36410 MiB, 0x0000000000000000;
2026-09-02T04:54:07Z,0, 39.85 W, 42, 0 %, 39962 MiB, 0x0000000000000000;1, 44.27 W, 41, 0 %, 38716 MiB, 0x0000000000000000;2, 40.45 W, 42, 0 %, 38730 MiB, 0x0000000000000000;3, 41.34 W, 41, 0 %, 36410 MiB, 0x0000000000000000;
2026-09-02T04:54:12Z,0, 39.85 W, 42, 0 %, 39962 MiB, 0x0000000000000000;1, 44.37 W, 41, 0 %, 38716 MiB, 0x0000000000000000;2, 40.36 W, 42, 0 %, 38730 MiB, 0x0000000000000000;3, 41.54 W, 41, 0 %, 36410 MiB, 0x0000000000000000;
2026-09-02T04:54:17Z,0, 39.95 W, 42, 0 %, 39962 MiB, 0x0000000000000000;1, 44.37 W, 41, 0 %, 38716 MiB, 0x0000000000000000;2, 53.62 W, 43, 33 %, 38730 MiB, 0x0000000000000000;3, 41.52 W, 41, 0 %, 36410 MiB, 0x0000000000000000;
2026-09-02T04:54:22Z,0, 39.95 W, 42, 0 %, 39962 MiB, 0x0000000000000000;1, 44.28 W, 41, 0 %, 38716 MiB, 0x0000000000000000;2, 40.45 W, 42, 0 %, 38730 MiB, 0x0000000000000000;3, 41.44 W, 41, 0 %, 36410 MiB, 0x0000000000000000;
2026-09-02T04:54:28Z,0, 39.97 W, 42, 0 %, 39962 MiB, 0x0000000000000000;1, 44.38 W, 41, 0 %, 38716 MiB, 0x0000000000000000;2, 40.45 W, 42, 0 %, 38730 MiB, 0x0000000000000000;3, 41.35 W, 41, 0 %, 36410 MiB, 0x0000000000000000;
2026-09-02T04:54:33Z,0, 39.95 W, 42, 0 %, 39962 MiB, 0x0000000000000000;1, 44.47 W, 41, 0 %, 38716 MiB, 0x0000000000000000;2, 40.56 W, 42, 0 %, 38730 MiB, 0x0000000000000000;3, 41.44 W, 41, 0 %, 36410 MiB, 0x0000000000000000;
2026-09-02T04:54:38Z,0, 40.05 W, 42, 0 %, 39962 MiB, 0x0000000000000000;1, 44.37 W, 41, 0 %, 38716 MiB, 0x0000000000000000;2, 40.56 W, 42, 0 %, 38730 MiB, 0x0000000000000000;3, 41.44 W, 41, 0 %, 36410 MiB, 0x0000000000000000;
2026-09-02T04:54:43Z,0, 40.05 W, 42, 0 %, 39962 MiB, 0x0000000000000000;1, 44.26 W, 41, 0 %, 38716 MiB, 0x0000000000000000;2, 40.56 W, 42, 0 %, 38730 MiB, 0x0000000000000000;3, 41.53 W, 41, 0 %, 36410 MiB, 0x0000000000000000;
2026-09-02T04:54:48Z,0, 40.07 W, 42, 0 %, 39962 MiB, 0x0000000000000000;1, 44.28 W, 41, 0 %, 38716 MiB, 0x0000000000000000;2, 47.93 W, 42, 51 %, 38730 MiB, 0x0000000000000000;3, 41.63 W, 41, 0 %, 36410 MiB, 0x0000000000000000;
2026-09-02T04:54:53Z,0, 40.05 W, 42, 0 %, 39962 MiB, 0x0000000000000000;1, 44.17 W, 41, 0 %, 38716 MiB, 0x0000000000000000;2, 40.35 W, 42, 0 %, 38730 MiB, 0x0000000000000000;3, 41.53 W, 41, 0 %, 36410 MiB, 0x0000000000000000;
2026-09-02T04:54:58Z,0, 40.07 W, 42, 0 %, 39962 MiB, 0x0000000000000000;1, 44.29 W, 41, 0 %, 38716 MiB, 0x0000000000000000;2, 40.45 W, 42, 0 %, 38730 MiB, 0x0000000000000000;3, 41.45 W, 41, 0 %, 36410 MiB, 0x0000000000000000;
2026-09-02T04:55:04Z,0, 39.86 W, 42, 0 %, 39962 MiB, 0x0000000000000000;1, 44.27 W, 41, 0 %, 38716 MiB, 0x0000000000000000;2, 40.45 W, 42, 0 %, 38730 MiB, 0x0000000000000000;3, 41.63 W, 41, 0 %, 36410 MiB, 0x0000000000000000;
2026-09-02T04:55:09Z,0, 39.87 W, 42, 0 %, 39962 MiB, 0x0000000000000000;1, 44.36 W, 41, 0 %, 38716 MiB, 0x0000000000000000;2, 54.03 W, 43, 57 %, 38730 MiB, 0x0000000000000000;3, 41.24 W, 41, 0 %, 36410 MiB, 0x0000000000000000;
2026-09-02T04:55:14Z,0, 39.95 W, 42, 0 %, 39962 MiB, 0x0000000000000000;1, 44.27 W, 41, 0 %, 38716 MiB, 0x0000000000000000;2, 40.45 W, 42, 0 %, 38730 MiB, 0x0000000000000000;3, 41.44 W, 41, 0 %, 36410 MiB, 0x0000000000000000;
2026-09-02T04:55:19Z,0, 39.94 W, 42, 0 %, 39962 MiB, 0x0000000000000000;1, 44.28 W, 41, 0 %, 38716 MiB, 0x0000000000000000;2, 40.55 W, 42, 0 %, 38730 MiB, 0x0000000000000000;3, 41.53 W, 41, 0 %, 36410 MiB, 0x0000000000000000;
2026-09-02T04:55:24Z,0, 39.95 W, 42, 0 %, 39962 MiB, 0x0000000000000000;1, 44.28 W, 41, 0 %, 38716 MiB, 0x0000000000000000;2, 40.46 W, 42, 0 %, 38730 MiB, 0x0000000000000000;3, 41.44 W, 41, 0 %, 36410 MiB, 0x0000000000000000;
2026-09-02T04:55:29Z,0, 40.07 W, 42, 0 %, 39962 MiB, 0x0000000000000000;1, 44.38 W, 41, 0 %, 38716 MiB, 0x0000000000000000;2, 40.46 W, 42, 0 %, 38730 MiB, 0x0000000000000000;3, 41.44 W, 41, 0 %, 36410 MiB, 0x0000000000000000;
2026-09-02T04:55:34Z,0, 39.85 W, 42, 0 %, 39962 MiB, 0x0000000000000000;1, 44.28 W, 41, 0 %, 38716 MiB, 0x0000000000000000;2, 54.31 W, 43, 53 %, 38730 MiB, 0x0000000000000000;3, 41.53 W, 41, 0 %, 36410 MiB, 0x0000000000000000;
2026-09-02T04:55:40Z,0, 39.95 W, 42, 0 %, 39962 MiB, 0x0000000000000000;1, 44.37 W, 41, 0 %, 38716 MiB, 0x0000000000000000;2, 40.56 W, 42, 0 %, 38730 MiB, 0x0000000000000000;3, 41.44 W, 41, 0 %, 36410 MiB, 0x0000000000000000;
2026-09-02T04:55:45Z,0, 39.96 W, 42, 0 %, 39962 MiB, 0x0000000000000000;1, 44.58 W, 41, 0 %, 38716 MiB, 0x0000000000000000;2, 40.65 W, 42, 0 %, 38730 MiB, 0x0000000000000000;3, 41.55 W, 41, 0 %, 36410 MiB, 0x0000000000000000;
2026-09-02T04:55:50Z,0, 40.07 W, 42, 0 %, 39962 MiB, 0x0000000000000000;1, 44.28 W, 41, 0 %, 38716 MiB, 0x0000000000000000;2, 40.56 W, 42, 0 %, 38730 MiB, 0x0000000000000000;3, 41.53 W, 41, 0 %, 36410 MiB, 0x0000000000000000;
2026-09-02T04:55:55Z,0, 39.96 W, 42, 0 %, 39962 MiB, 0x0000000000000000;1, 44.27 W, 41, 0 %, 38716 MiB, 0x0000000000000000;2, 53.52 W, 43, 6 %, 38730 MiB, 0x0000000000000000;3, 41.54 W, 41, 0 %, 36410 MiB, 0x0000000000000000;
2026-09-02T04:56:00Z,0, 40.07 W, 42, 0 %, 39962 MiB, 0x0000000000000000;1, 44.18 W, 41, 0 %, 38716 MiB, 0x0000000000000000;2, 40.46 W, 42, 0 %, 38730 MiB, 0x0000000000000000;3, 41.54 W, 41, 0 %, 36410 MiB, 0x0000000000000000;
2026-09-02T04:56:05Z,0, 40.06 W, 42, 0 %, 39962 MiB, 0x0000000000000000;1, 44.28 W, 41, 0 %, 38716 MiB, 0x0000000000000000;2, 40.36 W, 42, 0 %, 38730 MiB, 0x0000000000000000;3, 41.63 W, 41, 0 %, 36410 MiB, 0x0000000000000000;
2026-09-02T04:56:10Z,0, 39.95 W, 42, 0 %, 39962 MiB, 0x0000000000000000;1, 44.27 W, 41, 0 %, 38716 MiB, 0x0000000000000000;2, 40.36 W, 42, 0 %, 38730 MiB, 0x0000000000000000;3, 41.53 W, 41, 0 %, 36410 MiB, 0x0000000000000000;
2026-09-02T04:56:16Z,0, 39.96 W, 42, 0 %, 39962 MiB, 0x0000000000000000;1, 44.28 W, 41, 0 %, 38716 MiB, 0x0000000000000000;2, 54.21 W, 43, 55 %, 38730 MiB, 0x0000000000000000;3, 41.53 W, 41, 0 %, 36410 MiB, 0x0000000000000000;
2026-09-02T04:56:21Z,0, 39.94 W, 42, 0 %, 39962 MiB, 0x0000000000000000;1, 44.67 W, 41, 0 %, 38716 MiB, 0x0000000000000000;2, 40.45 W, 42, 0 %, 38730 MiB, 0x0000000000000000;3, 41.24 W, 41, 0 %, 36410 MiB, 0x0000000000000000;
2026-09-02T04:56:26Z,0, 39.86 W, 42, 0 %, 39962 MiB, 0x0000000000000000;1, 44.38 W, 41, 0 %, 38716 MiB, 0x0000000000000000;2, 40.45 W, 42, 0 %, 38730 MiB, 0x0000000000000000;3, 41.54 W, 41, 0 %, 36410 MiB, 0x0000000000000000;
2026-09-02T04:56:31Z,0, 39.96 W, 42, 0 %, 39962 MiB, 0x0000000000000000;1, 44.28 W, 41, 0 %, 38716 MiB, 0x0000000000000000;2, 40.36 W, 42, 0 %, 38730 MiB, 0x0000000000000000;3, 41.34 W, 41, 0 %, 36410 MiB, 0x0000000000000000;
2026-09-02T04:56:36Z,0, 39.84 W, 42, 0 %, 39962 MiB, 0x0000000000000000;1, 44.37 W, 41, 0 %, 38716 MiB, 0x0000000000000000;2, 54.31 W, 43, 52 %, 38730 MiB, 0x0000000000000000;3, 41.42 W, 41, 0 %, 36410 MiB, 0x0000000000000000;
2026-09-02T04:56:41Z,0, 39.95 W, 42, 0 %, 39962 MiB, 0x0000000000000000;1, 44.38 W, 41, 0 %, 38716 MiB, 0x0000000000000000;2, 40.65 W, 42, 0 %, 38730 MiB, 0x0000000000000000;3, 41.44 W, 41, 0 %, 36410 MiB, 0x0000000000000000;
2026-09-02T04:56:47Z,0, 39.94 W, 42, 0 %, 39962 MiB, 0x0000000000000000;1, 44.46 W, 41, 0 %, 38716 MiB, 0x0000000000000000;2, 40.65 W, 42, 0 %, 38730 MiB, 0x0000000000000000;3, 41.53 W, 41, 0 %, 36410 MiB, 0x0000000000000000;
2026-09-02T04:56:52Z,0, 39.96 W, 42, 0 %, 39962 MiB, 0x0000000000000000;1, 44.38 W, 41, 0 %, 38716 MiB, 0x0000000000000000;2, 40.65 W, 42, 0 %, 38730 MiB, 0x0000000000000000;3, 41.44 W, 41, 0 %, 36410 MiB, 0x0000000000000000;
2026-09-02T04:56:57Z,0, 39.98 W, 42, 0 %, 39962 MiB, 0x0000000000000000;1, 44.20 W, 41, 0 %, 38716 MiB, 0x0000000000000000;2, 40.67 W, 42, 0 %, 38730 MiB, 0x0000000000000000;3, 41.55 W, 41, 0 %, 36410 MiB, 0x0000000000000000;
2026-09-02T04:57:02Z,0, 40.06 W, 42, 0 %, 39962 MiB, 0x0000000000000000;1, 44.27 W, 41, 0 %, 38716 MiB, 0x0000000000000000;2, 40.45 W, 43, 0 %, 38730 MiB, 0x0000000000000000;3, 41.63 W, 41, 0 %, 36410 MiB, 0x0000000000000000;
2026-09-02T04:57:07Z,0, 40.06 W, 42, 0 %, 39962 MiB, 0x0000000000000000;1, 44.28 W, 41, 0 %, 38716 MiB, 0x0000000000000000;2, 40.46 W, 42, 0 %, 38730 MiB, 0x0000000000000000;3, 41.53 W, 41, 0 %, 36410 MiB, 0x0000000000000000;
2026-09-02T04:57:12Z,0, 39.94 W, 42, 0 %, 39962 MiB, 0x0000000000000000;1, 44.16 W, 41, 0 %, 38716 MiB, 0x0000000000000000;2, 40.35 W, 42, 0 %, 38730 MiB, 0x0000000000000000;3, 41.43 W, 41, 0 %, 36410 MiB, 0x0000000000000000;
2026-09-02T04:57:17Z,0, 39.85 W, 42, 0 %, 39962 MiB, 0x0000000000000000;1, 44.28 W, 41, 0 %, 38716 MiB, 0x0000000000000000;2, 40.36 W, 42, 0 %, 38730 MiB, 0x0000000000000000;3, 41.53 W, 41, 0 %, 36410 MiB, 0x0000000000000000;
2026-09-02T04:57:23Z,0, 40.15 W, 42, 0 %, 39962 MiB, 0x0000000000000000;1, 44.28 W, 41, 0 %, 38716 MiB, 0x0000000000000000;2, 40.56 W, 42, 0 %, 38730 MiB, 0x0000000000000000;3, 41.35 W, 41, 0 %, 36410 MiB, 0x0000000000000000;
2026-09-02T04:57:28Z,0, 40.06 W, 42, 0 %, 39962 MiB, 0x0000000000000000;1, 44.27 W, 41, 0 %, 38716 MiB, 0x0000000000000000;2, 40.35 W, 42, 0 %, 38730 MiB, 0x0000000000000000;3, 61.24 W, 42, 60 %, 36410 MiB, 0x0000000000000000;
2026-09-02T04:57:33Z,0, 39.95 W, 42, 0 %, 39962 MiB, 0x0000000000000000;1, 44.28 W, 41, 0 %, 38716 MiB, 0x0000000000000000;2, 40.35 W, 42, 0 %, 38730 MiB, 0x0000000000000000;3, 41.43 W, 41, 0 %, 36410 MiB, 0x0000000000000000;
2026-09-02T04:57:38Z,0, 39.87 W, 42, 0 %, 39962 MiB, 0x0000000000000000;1, 44.28 W, 41, 0 %, 38716 MiB, 0x0000000000000000;2, 40.46 W, 42, 0 %, 38730 MiB, 0x0000000000000000;3, 41.45 W, 41, 0 %, 36410 MiB, 0x0000000000000000;
2026-09-02T04:57:43Z,0, 40.05 W, 42, 0 %, 39962 MiB, 0x0000000000000000;1, 44.38 W, 41, 0 %, 38716 MiB, 0x0000000000000000;2, 40.45 W, 42, 0 %, 38730 MiB, 0x0000000000000000;3, 41.63 W, 41, 0 %, 36410 MiB, 0x0000000000000000;
2026-09-02T04:57:48Z,0, 39.97 W, 42, 0 %, 39962 MiB, 0x0000000000000000;1, 44.27 W, 41, 0 %, 38716 MiB, 0x0000000000000000;2, 40.44 W, 42, 0 %, 38730 MiB, 0x0000000000000000;3, 60.87 W, 42, 55 %, 36410 MiB, 0x0000000000000000;
2026-09-02T04:57:53Z,0, 40.05 W, 42, 0 %, 39962 MiB, 0x0000000000000000;1, 44.46 W, 41, 0 %, 38716 MiB, 0x0000000000000000;2, 41.03 W, 42, 0 %, 38730 MiB, 0x0000000000000000;3, 41.53 W, 41, 0 %, 36410 MiB, 0x0000000000000000;
2026-09-02T04:57:59Z,0, 40.26 W, 42, 0 %, 39962 MiB, 0x0000000000000000;1, 44.27 W, 41, 0 %, 38716 MiB, 0x0000000000000000;2, 40.56 W, 42, 0 %, 38730 MiB, 0x0000000000000000;3, 41.53 W, 41, 0 %, 36410 MiB, 0x0000000000000000;
2026-09-02T04:58:04Z,0, 39.94 W, 42, 0 %, 39962 MiB, 0x0000000000000000;1, 44.27 W, 41, 0 %, 38716 MiB, 0x0000000000000000;2, 40.56 W, 42, 0 %, 38730 MiB, 0x0000000000000000;3, 41.53 W, 41, 0 %, 36410 MiB, 0x0000000000000000;
2026-09-02T04:58:09Z,0, 40.06 W, 42, 0 %, 39962 MiB, 0x0000000000000000;1, 44.29 W, 41, 0 %, 38716 MiB, 0x0000000000000000;2, 40.35 W, 42, 0 %, 38730 MiB, 0x0000000000000000;3, 41.63 W, 41, 0 %, 36410 MiB, 0x0000000000000000;
2026-09-02T04:58:14Z,0, 40.06 W, 42, 0 %, 39962 MiB, 0x0000000000000000;1, 44.29 W, 41, 0 %, 38716 MiB, 0x0000000000000000;2, 40.25 W, 42, 0 %, 38730 MiB, 0x0000000000000000;3, 61.07 W, 42, 52 %, 36410 MiB, 0x0000000000000000;
2026-09-02T04:58:19Z,0, 40.25 W, 42, 0 %, 39962 MiB, 0x0000000000000000;1, 44.27 W, 41, 0 %, 38716 MiB, 0x0000000000000000;2, 40.35 W, 42, 0 %, 38730 MiB, 0x0000000000000000;3, 41.73 W, 41, 0 %, 36410 MiB, 0x0000000000000000;
2026-09-02T04:58:24Z,0, 39.85 W, 42, 0 %, 39962 MiB, 0x0000000000000000;1, 44.38 W, 41, 0 %, 38716 MiB, 0x0000000000000000;2, 40.36 W, 42, 0 %, 38730 MiB, 0x0000000000000000;3, 41.72 W, 41, 0 %, 36410 MiB, 0x0000000000000000;
2026-09-02T04:58:29Z,0, 39.87 W, 42, 0 %, 39962 MiB, 0x0000000000000000;1, 44.27 W, 41, 0 %, 38716 MiB, 0x0000000000000000;2, 40.36 W, 42, 0 %, 38730 MiB, 0x0000000000000000;3, 41.54 W, 41, 0 %, 36410 MiB, 0x0000000000000000;
2026-09-02T04:58:35Z,0, 39.87 W, 42, 0 %, 39962 MiB, 0x0000000000000000;1, 44.28 W, 41, 0 %, 38716 MiB, 0x0000000000000000;2, 40.35 W, 42, 0 %, 38730 MiB, 0x0000000000000000;3, 41.53 W, 41, 0 %, 36410 MiB, 0x0000000000000000;
2026-09-02T04:58:40Z,0, 39.95 W, 42, 0 %, 39962 MiB, 0x0000000000000000;1, 44.28 W, 41, 0 %, 38716 MiB, 0x0000000000000000;2, 40.56 W, 42, 0 %, 38730 MiB, 0x0000000000000000;3, 41.54 W, 41, 0 %, 36410 MiB, 0x0000000000000000;
2026-09-02T04:58:45Z,0, 40.05 W, 42, 0 %, 39962 MiB, 0x0000000000000000;1, 44.35 W, 41, 0 %, 38716 MiB, 0x0000000000000000;2, 40.45 W, 42, 0 %, 38730 MiB, 0x0000000000000000;3, 60.37 W, 42, 0 %, 36410 MiB, 0x0000000000000000;
2026-09-02T04:58:50Z,0, 39.97 W, 42, 0 %, 39962 MiB, 0x0000000000000000;1, 44.29 W, 41, 0 %, 38716 MiB, 0x0000000000000000;2, 40.48 W, 42, 0 %, 38730 MiB, 0x0000000000000000;3, 41.54 W, 41, 0 %, 36410 MiB, 0x0000000000000000;
2026-09-02T04:58:55Z,0, 39.94 W, 42, 0 %, 39962 MiB, 0x0000000000000000;1, 44.37 W, 41, 0 %, 38716 MiB, 0x0000000000000000;2, 40.55 W, 42, 0 %, 38730 MiB, 0x0000000000000000;3, 41.44 W, 41, 0 %, 36410 MiB, 0x0000000000000000;
2026-09-02T04:59:00Z,0, 40.25 W, 42, 0 %, 39962 MiB, 0x0000000000000000;1, 44.38 W, 41, 0 %, 38716 MiB, 0x0000000000000000;2, 40.56 W, 42, 0 %, 38730 MiB, 0x0000000000000000;3, 41.63 W, 41, 0 %, 36410 MiB, 0x0000000000000000;
2026-09-02T04:59:06Z,0, 40.05 W, 42, 0 %, 39962 MiB, 0x0000000000000000;1, 44.46 W, 41, 0 %, 38716 MiB, 0x0000000000000000;2, 40.55 W, 42, 0 %, 38730 MiB, 0x0000000000000000;3, 41.53 W, 41, 0 %, 36410 MiB, 0x0000000000000000;
2026-09-02T04:59:11Z,0, 40.05 W, 42, 0 %, 39962 MiB, 0x0000000000000000;1, 44.35 W, 41, 0 %, 38716 MiB, 0x0000000000000000;2, 40.56 W, 42, 0 %, 38730 MiB, 0x0000000000000000;3, 60.46 W, 42, 0 %, 36410 MiB, 0x0000000000000000;
2026-09-02T04:59:16Z,0, 40.06 W, 42, 0 %, 39962 MiB, 0x0000000000000000;1, 44.18 W, 41, 0 %, 38716 MiB, 0x0000000000000000;2, 40.35 W, 42, 0 %, 38730 MiB, 0x0000000000000000;3, 41.74 W, 41, 0 %, 36410 MiB, 0x0000000000000000;
2026-09-02T04:59:21Z,0, 40.05 W, 42, 0 %, 39962 MiB, 0x0000000000000000;1, 44.27 W, 41, 0 %, 38716 MiB, 0x0000000000000000;2, 40.35 W, 42, 0 %, 38730 MiB, 0x0000000000000000;3, 41.72 W, 41, 0 %, 36410 MiB, 0x0000000000000000;
2026-09-02T04:59:26Z,0, 40.17 W, 42, 0 %, 39962 MiB, 0x0000000000000000;1, 44.29 W, 41, 0 %, 38716 MiB, 0x0000000000000000;2, 40.35 W, 42, 0 %, 38730 MiB, 0x0000000000000000;3, 41.72 W, 41, 0 %, 36410 MiB, 0x0000000000000000;
2026-09-02T04:59:31Z,0, 39.96 W, 42, 0 %, 39962 MiB, 0x0000000000000000;1, 44.28 W, 41, 0 %, 38716 MiB, 0x0000000000000000;2, 40.35 W, 42, 0 %, 38730 MiB, 0x0000000000000000;3, 61.28 W, 42, 51 %, 36410 MiB, 0x0000000000000000;
2026-09-02T04:59:36Z,0, 39.97 W, 42, 0 %, 39962 MiB, 0x0000000000000000;1, 44.28 W, 41, 0 %, 38716 MiB, 0x0000000000000000;2, 40.35 W, 42, 0 %, 38730 MiB, 0x0000000000000000;3, 41.54 W, 41, 0 %, 36410 MiB, 0x0000000000000000;
2026-09-02T04:59:42Z,0, 39.86 W, 42, 0 %, 39962 MiB, 0x0000000000000000;1, 44.27 W, 41, 0 %, 38716 MiB, 0x0000000000000000;2, 40.36 W, 42, 0 %, 38730 MiB, 0x0000000000000000;3, 41.62 W, 41, 0 %, 36410 MiB, 0x0000000000000000;
2026-09-02T04:59:47Z,0, 40.04 W, 42, 0 %, 39962 MiB, 0x0000000000000000;1, 44.37 W, 41, 0 %, 38716 MiB, 0x0000000000000000;2, 40.45 W, 42, 0 %, 38730 MiB, 0x0000000000000000;3, 41.73 W, 41, 0 %, 36410 MiB, 0x0000000000000000;
2026-09-02T04:59:52Z,0, 39.85 W, 42, 0 %, 39962 MiB, 0x0000000000000000;1, 44.27 W, 41, 0 %, 38716 MiB, 0x0000000000000000;2, 40.56 W, 42, 0 %, 38730 MiB, 0x0000000000000000;3, 41.62 W, 41, 0 %, 36410 MiB, 0x0000000000000000;
2026-09-02T04:59:57Z,0, 39.95 W, 42, 0 %, 39962 MiB, 0x0000000000000000;1, 44.26 W, 41, 0 %, 38716 MiB, 0x0000000000000000;2, 40.35 W, 42, 0 %, 38730 MiB, 0x0000000000000000;3, 60.01 W, 42, 54 %, 36410 MiB, 0x0000000000000000;
2026-09-02T05:00:02Z,0, 40.06 W, 42, 0 %, 39962 MiB, 0x0000000000000000;1, 44.38 W, 41, 0 %, 38716 MiB, 0x0000000000000000;2, 40.46 W, 42, 0 %, 38730 MiB, 0x0000000000000000;3, 41.74 W, 41, 0 %, 36410 MiB, 0x0000000000000000;
2026-09-02T05:00:07Z,0, 40.05 W, 42, 0 %, 39962 MiB, 0x0000000000000000;1, 44.37 W, 41, 0 %, 38716 MiB, 0x0000000000000000;2, 40.45 W, 42, 0 %, 38730 MiB, 0x0000000000000000;3, 41.63 W, 41, 0 %, 36410 MiB, 0x0000000000000000;
2026-09-02T05:00:12Z,0, 40.09 W, 42, 0 %, 39962 MiB, 0x0000000000000000;1, 44.38 W, 41, 0 %, 38716 MiB, 0x0000000000000000;2, 40.37 W, 42, 0 %, 38730 MiB, 0x0000000000000000;3, 41.74 W, 41, 0 %, 36410 MiB, 0x0000000000000000;
2026-09-02T05:00:18Z,0, 40.04 W, 42, 0 %, 39962 MiB, 0x0000000000000000;1, 44.37 W, 41, 0 %, 38716 MiB, 0x0000000000000000;2, 40.45 W, 42, 0 %, 38730 MiB, 0x0000000000000000;3, 41.62 W, 41, 0 %, 36410 MiB, 0x0000000000000000;
2026-09-02T05:00:23Z,0, 40.09 W, 42, 0 %, 39962 MiB, 0x0000000000000000;1, 44.19 W, 41, 0 %, 38716 MiB, 0x0000000000000000;2, 40.27 W, 42, 0 %, 38730 MiB, 0x0000000000000000;3, 41.65 W, 41, 0 %, 36410 MiB, 0x0000000000000000;
2026-09-02T05:00:28Z,0, 40.05 W, 42, 0 %, 39962 MiB, 0x0000000000000000;1, 44.17 W, 41, 0 %, 38716 MiB, 0x0000000000000000;2, 40.24 W, 42, 0 %, 38730 MiB, 0x0000000000000000;3, 60.77 W, 42, 0 %, 36410 MiB, 0x0000000000000000;
2026-09-02T05:00:33Z,0, 40.05 W, 42, 0 %, 39962 MiB, 0x0000000000000000;1, 44.28 W, 41, 0 %, 38716 MiB, 0x0000000000000000;2, 40.46 W, 42, 0 %, 38730 MiB, 0x0000000000000000;3, 41.83 W, 41, 0 %, 36410 MiB, 0x0000000000000000;
2026-09-02T05:00:38Z,0, 39.95 W, 42, 0 %, 39962 MiB, 0x0000000000000000;1, 44.28 W, 41, 0 %, 38716 MiB, 0x0000000000000000;2, 40.26 W, 42, 0 %, 38730 MiB, 0x0000000000000000;3, 41.82 W, 41, 0 %, 36410 MiB, 0x0000000000000000;
2026-09-02T05:00:43Z,0, 39.97 W, 42, 0 %, 39962 MiB, 0x0000000000000000;1, 44.28 W, 41, 0 %, 38716 MiB, 0x0000000000000000;2, 40.36 W, 42, 0 %, 38730 MiB, 0x0000000000000000;3, 41.54 W, 41, 0 %, 36410 MiB, 0x0000000000000000;
2026-09-02T05:00:48Z,0, 39.96 W, 42, 0 %, 39962 MiB, 0x0000000000000000;1, 44.16 W, 41, 0 %, 38716 MiB, 0x0000000000000000;2, 40.46 W, 42, 0 %, 38730 MiB, 0x0000000000000000;3, 60.40 W, 42, 0 %, 36410 MiB, 0x0000000000000000;
2026-09-02T05:00:54Z,0, 40.06 W, 42, 0 %, 39962 MiB, 0x0000000000000000;1, 44.27 W, 41, 0 %, 38716 MiB, 0x0000000000000000;2, 40.36 W, 42, 0 %, 38730 MiB, 0x0000000000000000;3, 41.73 W, 41, 0 %, 36410 MiB, 0x0000000000000000;
2026-09-02T05:00:59Z,0, 39.86 W, 42, 0 %, 39962 MiB, 0x0000000000000000;1, 44.38 W, 41, 0 %, 38716 MiB, 0x0000000000000000;2, 40.35 W, 42, 0 %, 38730 MiB, 0x0000000000000000;3, 41.64 W, 41, 0 %, 36410 MiB, 0x0000000000000000;
2026-09-02T05:01:04Z,0, 40.05 W, 42, 0 %, 39962 MiB, 0x0000000000000000;1, 44.46 W, 41, 0 %, 38716 MiB, 0x0000000000000000;2, 40.46 W, 42, 0 %, 38730 MiB, 0x0000000000000000;3, 41.53 W, 41, 0 %, 36410 MiB, 0x0000000000000000;
2026-09-02T05:01:09Z,0, 39.95 W, 42, 0 %, 39962 MiB, 0x0000000000000000;1, 44.38 W, 41, 0 %, 38716 MiB, 0x0000000000000000;2, 40.56 W, 42, 0 %, 38730 MiB, 0x0000000000000000;3, 41.53 W, 41, 0 %, 36410 MiB, 0x0000000000000000;
2026-09-02T05:01:14Z,0, 40.06 W, 42, 0 %, 39962 MiB, 0x0000000000000000;1, 44.38 W, 41, 0 %, 38716 MiB, 0x0000000000000000;2, 40.45 W, 42, 0 %, 38730 MiB, 0x0000000000000000;3, 41.72 W, 41, 0 %, 36410 MiB, 0x0000000000000000;
2026-09-02T05:01:19Z,0, 39.95 W, 42, 0 %, 39962 MiB, 0x0000000000000000;1, 44.37 W, 41, 0 %, 38716 MiB, 0x0000000000000000;2, 40.46 W, 42, 0 %, 38730 MiB, 0x0000000000000000;3, 60.69 W, 42, 0 %, 36410 MiB, 0x0000000000000000;
2026-09-02T05:01:25Z,0, 39.96 W, 42, 0 %, 39962 MiB, 0x0000000000000000;1, 44.38 W, 41, 0 %, 38716 MiB, 0x0000000000000000;2, 40.63 W, 42, 0 %, 38730 MiB, 0x0000000000000000;3, 60.67 W, 42, 0 %, 36410 MiB, 0x0000000000000000;
2026-09-02T05:01:30Z,0, 40.15 W, 42, 0 %, 39962 MiB, 0x0000000000000000;1, 44.16 W, 41, 0 %, 38716 MiB, 0x0000000000000000;2, 40.26 W, 42, 0 %, 38730 MiB, 0x0000000000000000;3, 41.72 W, 41, 0 %, 36410 MiB, 0x0000000000000000;
2026-09-02T05:01:35Z,0, 40.16 W, 42, 0 %, 39962 MiB, 0x0000000000000000;1, 44.06 W, 41, 0 %, 38716 MiB, 0x0000000000000000;2, 40.37 W, 42, 0 %, 38730 MiB, 0x0000000000000000;3, 41.72 W, 41, 0 %, 36410 MiB, 0x0000000000000000;
2026-09-02T05:01:40Z,0, 40.15 W, 42, 0 %, 39962 MiB, 0x0000000000000000;1, 44.26 W, 41, 0 %, 38716 MiB, 0x0000000000000000;2, 40.36 W, 42, 0 %, 38730 MiB, 0x0000000000000000;3, 41.72 W, 41, 0 %, 36410 MiB, 0x0000000000000000;
2026-09-02T05:01:45Z,0, 39.97 W, 42, 0 %, 39962 MiB, 0x0000000000000000;1, 44.28 W, 41, 0 %, 38716 MiB, 0x0000000000000000;2, 40.47 W, 42, 0 %, 38730 MiB, 0x0000000000000000;3, 41.72 W, 41, 0 %, 36410 MiB, 0x0000000000000000;
2026-09-02T05:01:50Z,0, 39.87 W, 42, 0 %, 39962 MiB, 0x0000000000000000;1, 44.28 W, 41, 0 %, 38716 MiB, 0x0000000000000000;2, 40.26 W, 42, 0 %, 38730 MiB, 0x0000000000000000;3, 41.53 W, 41, 0 %, 36410 MiB, 0x0000000000000000;
2026-09-02T05:01:55Z,0, 39.85 W, 42, 0 %, 39962 MiB, 0x0000000000000000;1, 44.28 W, 41, 0 %, 38716 MiB, 0x0000000000000000;2, 40.45 W, 42, 0 %, 38730 MiB, 0x0000000000000000;3, 41.63 W, 41, 0 %, 36410 MiB, 0x0000000000000000;
2026-09-02T05:02:01Z,0, 39.97 W, 42, 0 %, 39962 MiB, 0x0000000000000000;1, 44.19 W, 41, 0 %, 38716 MiB, 0x0000000000000000;2, 40.37 W, 42, 0 %, 38730 MiB, 0x0000000000000000;3, 41.54 W, 41, 0 %, 36410 MiB, 0x0000000000000000;
2026-09-02T05:02:06Z,0, 39.94 W, 42, 0 %, 39962 MiB, 0x0000000000000000;1, 44.28 W, 41, 0 %, 38716 MiB, 0x0000000000000000;2, 40.46 W, 42, 0 %, 38730 MiB, 0x0000000000000000;3, 41.63 W, 41, 0 %, 36410 MiB, 0x0000000000000000;
2026-09-02T05:02:11Z,0, 40.04 W, 42, 0 %, 39962 MiB, 0x0000000000000000;1, 44.67 W, 41, 0 %, 38716 MiB, 0x0000000000000000;2, 40.46 W, 42, 0 %, 38730 MiB, 0x0000000000000000;3, 41.54 W, 41, 0 %, 36410 MiB, 0x0000000000000000;
2026-09-02T05:02:16Z,0, 39.97 W, 42, 0 %, 39962 MiB, 0x0000000000000000;1, 44.39 W, 41, 0 %, 38716 MiB, 0x0000000000000000;2, 40.58 W, 42, 0 %, 38730 MiB, 0x0000000000000000;3, 41.65 W, 41, 0 %, 36410 MiB, 0x0000000000000000;
2026-09-02T05:02:21Z,0, 40.04 W, 42, 0 %, 39962 MiB, 0x0000000000000000;1, 44.46 W, 41, 0 %, 38716 MiB, 0x0000000000000000;2, 40.55 W, 42, 0 %, 38730 MiB, 0x0000000000000000;3, 41.43 W, 41, 0 %, 36410 MiB, 0x0000000000000000;
2026-09-02T05:02:26Z,0, 40.07 W, 42, 0 %, 39962 MiB, 0x0000000000000000;1, 44.38 W, 41, 0 %, 38716 MiB, 0x0000000000000000;2, 40.56 W, 42, 0 %, 38730 MiB, 0x0000000000000000;3, 41.54 W, 41, 0 %, 36410 MiB, 0x0000000000000000;
2026-09-02T05:02:31Z,0, 40.05 W, 42, 0 %, 39962 MiB, 0x0000000000000000;1, 44.36 W, 41, 0 %, 38716 MiB, 0x0000000000000000;2, 40.46 W, 42, 0 %, 38730 MiB, 0x0000000000000000;3, 41.61 W, 41, 0 %, 36410 MiB, 0x0000000000000000;
2026-09-02T05:02:37Z,0, 40.09 W, 42, 0 %, 39962 MiB, 0x0000000000000000;1, 44.18 W, 41, 0 %, 38716 MiB, 0x0000000000000000;2, 40.27 W, 42, 0 %, 38730 MiB, 0x0000000000000000;3, 41.64 W, 41, 0 %, 36410 MiB, 0x0000000000000000;
2026-09-02T05:02:42Z,0, 40.07 W, 42, 0 %, 39962 MiB, 0x0000000000000000;1, 44.28 W, 41, 0 %, 38716 MiB, 0x0000000000000000;2, 40.35 W, 42, 0 %, 38730 MiB, 0x0000000000000000;3, 41.63 W, 41, 0 %, 36410 MiB, 0x0000000000000000;
2026-09-02T05:02:47Z,0, 42.50 W, 42, 0 %, 40080 MiB, 0x0000000000000000;1, 44.17 W, 41, 0 %, 38736 MiB, 0x0000000000000000;2, 40.84 W, 42, 0 %, 38846 MiB, 0x0000000000000000;3, 50.46 W, 41, 0 %, 39606 MiB, 0x0000000000000000;
2026-09-02T05:02:53Z,0, 39.97 W, 42, 0 %, 43616 MiB, 0x0000000000000000;1, 44.47 W, 41, 0 %, 42388 MiB, 0x0000000000000000;2, 40.46 W, 42, 0 %, 42416 MiB, 0x0000000000000000;3, 41.83 W, 41, 0 %, 40064 MiB, 0x0000000000000000;
2026-09-02T05:02:58Z,0, 41.63 W, 42, 39 %, 39724 MiB, 0x0000000000000000;1, 44.47 W, 41, 33 %, 38490 MiB, 0x0000000000000000;2, 41.92 W, 42, 0 %, 38502 MiB, 0x0000000000000000;3, 41.44 W, 41, 0 %, 49098 MiB, 0x0000000000000000;
2026-09-02T05:03:03Z,0, 40.07 W, 42, 0 %, 39726 MiB, 0x0000000000000000;1, 44.38 W, 41, 0 %, 38556 MiB, 0x0000000000000000;2, 40.46 W, 42, 0 %, 38568 MiB, 0x0000000000000000;3, 41.54 W, 41, 0 %, 49098 MiB, 0x0000000000000000;
2026-09-02T05:03:08Z,0, 40.07 W, 42, 0 %, 39726 MiB, 0x0000000000000000;1, 44.28 W, 41, 0 %, 38556 MiB, 0x0000000000000000;2, 40.56 W, 42, 0 %, 38568 MiB, 0x0000000000000000;3, 41.53 W, 41, 0 %, 49098 MiB, 0x0000000000000000;
2026-09-02T05:03:13Z,0, 39.95 W, 42, 0 %, 39726 MiB, 0x0000000000000000;1, 44.47 W, 41, 0 %, 38556 MiB, 0x0000000000000000;2, 40.35 W, 42, 0 %, 38568 MiB, 0x0000000000000000;3, 41.72 W, 41, 0 %, 49098 MiB, 0x0000000000000000;
2026-09-02T05:03:18Z,0, 40.05 W, 42, 0 %, 39726 MiB, 0x0000000000000000;1, 44.38 W, 41, 0 %, 38556 MiB, 0x0000000000000000;2, 40.46 W, 42, 0 %, 38568 MiB, 0x0000000000000000;3, 41.53 W, 41, 0 %, 49098 MiB, 0x0000000000000000;
2026-09-02T05:03:23Z,0, 40.05 W, 42, 0 %, 39726 MiB, 0x0000000000000000;1, 44.47 W, 41, 0 %, 38556 MiB, 0x0000000000000000;2, 40.45 W, 42, 0 %, 38568 MiB, 0x0000000000000000;3, 41.52 W, 41, 0 %, 49098 MiB, 0x0000000000000000;
2026-09-02T05:03:29Z,0, 40.06 W, 42, 0 %, 39726 MiB, 0x0000000000000000;1, 44.38 W, 41, 0 %, 38556 MiB, 0x0000000000000000;2, 40.44 W, 42, 0 %, 38568 MiB, 0x0000000000000000;3, 41.45 W, 41, 0 %, 49098 MiB, 0x0000000000000000;
2026-09-02T05:03:34Z,0, 40.15 W, 42, 0 %, 39726 MiB, 0x0000000000000000;1, 44.45 W, 41, 0 %, 38556 MiB, 0x0000000000000000;2, 40.54 W, 42, 0 %, 38568 MiB, 0x0000000000000000;3, 41.61 W, 41, 0 %, 49098 MiB, 0x0000000000000000;
2026-09-02T05:03:39Z,0, 40.06 W, 42, 0 %, 39726 MiB, 0x0000000000000000;1, 44.28 W, 41, 0 %, 38556 MiB, 0x0000000000000000;2, 40.56 W, 42, 0 %, 38568 MiB, 0x0000000000000000;3, 41.54 W, 41, 0 %, 49098 MiB, 0x0000000000000000;
2026-09-02T05:03:44Z,0, 40.07 W, 42, 0 %, 39726 MiB, 0x0000000000000000;1, 44.27 W, 41, 0 %, 38556 MiB, 0x0000000000000000;2, 40.35 W, 42, 0 %, 38568 MiB, 0x0000000000000000;3, 41.53 W, 41, 0 %, 49098 MiB, 0x0000000000000000;
2026-09-02T05:03:49Z,0, 40.15 W, 42, 0 %, 39726 MiB, 0x0000000000000000;1, 44.28 W, 41, 0 %, 38556 MiB, 0x0000000000000000;2, 40.36 W, 42, 0 %, 38568 MiB, 0x0000000000000000;3, 41.53 W, 41, 0 %, 49098 MiB, 0x0000000000000000;
2026-09-02T05:03:54Z,0, 40.07 W, 42, 0 %, 39726 MiB, 0x0000000000000000;1, 44.29 W, 41, 0 %, 38556 MiB, 0x0000000000000000;2, 40.65 W, 42, 0 %, 38568 MiB, 0x0000000000000000;3, 41.54 W, 41, 0 %, 49098 MiB, 0x0000000000000000;
2026-09-02T05:03:59Z,0, 39.94 W, 42, 0 %, 39726 MiB, 0x0000000000000000;1, 44.26 W, 41, 0 %, 38556 MiB, 0x0000000000000000;2, 40.45 W, 42, 0 %, 38568 MiB, 0x0000000000000000;3, 41.61 W, 41, 0 %, 49098 MiB, 0x0000000000000000;
2026-09-02T05:04:05Z,0, 39.96 W, 42, 0 %, 39726 MiB, 0x0000000000000000;1, 44.17 W, 41, 0 %, 38556 MiB, 0x0000000000000000;2, 40.35 W, 42, 0 %, 38568 MiB, 0x0000000000000000;3, 41.53 W, 41, 0 %, 49098 MiB, 0x0000000000000000;
2026-09-02T05:04:10Z,0, 39.94 W, 42, 0 %, 39726 MiB, 0x0000000000000000;1, 44.26 W, 41, 0 %, 38556 MiB, 0x0000000000000000;2, 40.36 W, 42, 0 %, 38568 MiB, 0x0000000000000000;3, 41.33 W, 41, 0 %, 49098 MiB, 0x0000000000000000;
2026-09-02T05:04:15Z,0, 39.97 W, 42, 0 %, 39726 MiB, 0x0000000000000000;1, 44.38 W, 41, 0 %, 38556 MiB, 0x0000000000000000;2, 40.36 W, 42, 0 %, 38568 MiB, 0x0000000000000000;3, 41.54 W, 41, 0 %, 49098 MiB, 0x0000000000000000;
2026-09-02T05:04:20Z,0, 39.96 W, 42, 0 %, 39726 MiB, 0x0000000000000000;1, 44.28 W, 41, 0 %, 38556 MiB, 0x0000000000000000;2, 40.47 W, 42, 0 %, 38568 MiB, 0x0000000000000000;3, 41.45 W, 41, 0 %, 49098 MiB, 0x0000000000000000;
2026-09-02T05:04:25Z,0, 39.94 W, 42, 0 %, 39726 MiB, 0x0000000000000000;1, 44.28 W, 41, 0 %, 38556 MiB, 0x0000000000000000;2, 40.45 W, 42, 0 %, 38568 MiB, 0x0000000000000000;3, 41.44 W, 41, 0 %, 49098 MiB, 0x0000000000000000;
2026-09-02T05:04:30Z,0, 40.06 W, 42, 0 %, 39726 MiB, 0x0000000000000000;1, 44.28 W, 41, 0 %, 38556 MiB, 0x0000000000000000;2, 40.56 W, 42, 0 %, 38568 MiB, 0x0000000000000000;3, 41.44 W, 41, 0 %, 49098 MiB, 0x0000000000000000;
2026-09-02T05:04:35Z,0, 39.94 W, 42, 0 %, 39726 MiB, 0x0000000000000000;1, 44.26 W, 41, 0 %, 38556 MiB, 0x0000000000000000;2, 40.54 W, 42, 0 %, 38568 MiB, 0x0000000000000000;3, 41.62 W, 41, 0 %, 49098 MiB, 0x0000000000000000;
2026-09-02T05:04:41Z,0, 40.05 W, 42, 0 %, 39726 MiB, 0x0000000000000000;1, 44.46 W, 41, 0 %, 38556 MiB, 0x0000000000000000;2, 40.56 W, 42, 0 %, 38568 MiB, 0x0000000000000000;3, 41.53 W, 41, 0 %, 49098 MiB, 0x0000000000000000;
2026-09-02T05:04:46Z,0, 40.05 W, 42, 0 %, 39726 MiB, 0x0000000000000000;1, 44.37 W, 41, 0 %, 38556 MiB, 0x0000000000000000;2, 40.56 W, 42, 0 %, 38568 MiB, 0x0000000000000000;3, 41.62 W, 41, 0 %, 49098 MiB, 0x0000000000000000;
2026-09-02T05:04:51Z,0, 40.15 W, 42, 0 %, 39726 MiB, 0x0000000000000000;1, 44.18 W, 41, 0 %, 38556 MiB, 0x0000000000000000;2, 40.35 W, 42, 0 %, 38568 MiB, 0x0000000000000000;3, 41.53 W, 41, 0 %, 49098 MiB, 0x0000000000000000;
2026-09-02T05:04:56Z,0, 40.15 W, 42, 0 %, 39726 MiB, 0x0000000000000000;1, 44.28 W, 41, 0 %, 38556 MiB, 0x0000000000000000;2, 40.26 W, 42, 0 %, 38568 MiB, 0x0000000000000000;3, 41.72 W, 41, 0 %, 49098 MiB, 0x0000000000000000;
2026-09-02T05:05:01Z,0, 40.07 W, 42, 0 %, 39726 MiB, 0x0000000000000000;1, 44.28 W, 41, 0 %, 38556 MiB, 0x0000000000000000;2, 40.35 W, 42, 0 %, 38568 MiB, 0x0000000000000000;3, 41.63 W, 41, 0 %, 49098 MiB, 0x0000000000000000;
2026-09-02T05:05:06Z,0, 39.95 W, 42, 0 %, 39726 MiB, 0x0000000000000000;1, 44.18 W, 41, 0 %, 38556 MiB, 0x0000000000000000;2, 40.35 W, 42, 0 %, 38568 MiB, 0x0000000000000000;3, 41.63 W, 41, 0 %, 49098 MiB, 0x0000000000000000;
2026-09-02T05:05:11Z,0, 39.96 W, 42, 0 %, 39726 MiB, 0x0000000000000000;1, 44.28 W, 41, 0 %, 38556 MiB, 0x0000000000000000;2, 40.35 W, 42, 0 %, 38568 MiB, 0x0000000000000000;3, 41.43 W, 41, 0 %, 49098 MiB, 0x0000000000000000;
2026-09-02T05:05:17Z,0, 39.95 W, 42, 0 %, 39726 MiB, 0x0000000000000000;1, 44.28 W, 41, 0 %, 38556 MiB, 0x0000000000000000;2, 40.35 W, 42, 0 %, 38568 MiB, 0x0000000000000000;3, 41.44 W, 41, 0 %, 49098 MiB, 0x0000000000000000;
2026-09-02T05:05:22Z,0, 40.14 W, 42, 0 %, 39726 MiB, 0x0000000000000000;1, 44.36 W, 41, 0 %, 38556 MiB, 0x0000000000000000;2, 40.54 W, 42, 0 %, 38568 MiB, 0x0000000000000000;3, 41.42 W, 41, 0 %, 49098 MiB, 0x0000000000000000;
2026-09-02T05:05:27Z,0, 40.07 W, 42, 0 %, 39726 MiB, 0x0000000000000000;1, 44.47 W, 41, 0 %, 38556 MiB, 0x0000000000000000;2, 40.35 W, 42, 0 %, 38568 MiB, 0x0000000000000000;3, 41.53 W, 41, 0 %, 49098 MiB, 0x0000000000000000;
2026-09-02T05:05:32Z,0, 39.94 W, 42, 0 %, 39726 MiB, 0x0000000000000000;1, 44.37 W, 41, 0 %, 38556 MiB, 0x0000000000000000;2, 40.35 W, 42, 0 %, 38568 MiB, 0x0000000000000000;3, 41.44 W, 41, 0 %, 49098 MiB, 0x0000000000000000;
2026-09-02T05:05:37Z,0, 40.06 W, 42, 0 %, 39726 MiB, 0x0000000000000000;1, 44.28 W, 41, 0 %, 38556 MiB, 0x0000000000000000;2, 40.45 W, 42, 0 %, 38568 MiB, 0x0000000000000000;3, 41.54 W, 41, 0 %, 49098 MiB, 0x0000000000000000;
2026-09-02T05:05:42Z,0, 40.06 W, 42, 0 %, 39726 MiB, 0x0000000000000000;1, 44.38 W, 41, 0 %, 38556 MiB, 0x0000000000000000;2, 40.56 W, 42, 0 %, 38568 MiB, 0x0000000000000000;3, 41.54 W, 41, 0 %, 49098 MiB, 0x0000000000000000;
2026-09-02T05:05:48Z,0, 40.04 W, 42, 0 %, 39726 MiB, 0x0000000000000000;1, 44.47 W, 41, 0 %, 38556 MiB, 0x0000000000000000;2, 40.56 W, 42, 0 %, 38568 MiB, 0x0000000000000000;3, 41.44 W, 41, 0 %, 49098 MiB, 0x0000000000000000;
2026-09-02T05:05:53Z,0, 40.05 W, 42, 0 %, 39726 MiB, 0x0000000000000000;1, 44.38 W, 41, 0 %, 38556 MiB, 0x0000000000000000;2, 40.45 W, 42, 0 %, 38568 MiB, 0x0000000000000000;3, 41.44 W, 41, 0 %, 49098 MiB, 0x0000000000000000;
2026-09-02T05:05:58Z,0, 40.15 W, 42, 0 %, 39726 MiB, 0x0000000000000000;1, 44.26 W, 41, 0 %, 38556 MiB, 0x0000000000000000;2, 40.36 W, 42, 0 %, 38568 MiB, 0x0000000000000000;3, 41.53 W, 41, 0 %, 49098 MiB, 0x0000000000000000;
2026-09-02T05:06:03Z,0, 40.17 W, 42, 0 %, 39726 MiB, 0x0000000000000000;1, 44.46 W, 41, 0 %, 38556 MiB, 0x0000000000000000;2, 40.35 W, 42, 0 %, 38568 MiB, 0x0000000000000000;3, 41.63 W, 41, 0 %, 49098 MiB, 0x0000000000000000;
2026-09-02T05:06:08Z,0, 40.05 W, 42, 0 %, 39726 MiB, 0x0000000000000000;1, 44.16 W, 41, 0 %, 38556 MiB, 0x0000000000000000;2, 40.36 W, 42, 0 %, 38568 MiB, 0x0000000000000000;3, 41.63 W, 41, 0 %, 49098 MiB, 0x0000000000000000;
2026-09-02T05:06:13Z,0, 39.95 W, 42, 0 %, 39726 MiB, 0x0000000000000000;1, 44.28 W, 41, 0 %, 38556 MiB, 0x0000000000000000;2, 40.35 W, 42, 0 %, 38568 MiB, 0x0000000000000000;3, 41.53 W, 41, 0 %, 49098 MiB, 0x0000000000000000;
2026-09-02T05:06:18Z,0, 40.05 W, 42, 0 %, 39726 MiB, 0x0000000000000000;1, 44.28 W, 41, 0 %, 38556 MiB, 0x0000000000000000;2, 40.35 W, 42, 0 %, 38568 MiB, 0x0000000000000000;3, 41.52 W, 41, 0 %, 49098 MiB, 0x0000000000000000;
2026-09-02T05:06:24Z,0, 39.94 W, 42, 0 %, 39726 MiB, 0x0000000000000000;1, 44.37 W, 41, 0 %, 38556 MiB, 0x0000000000000000;2, 40.36 W, 42, 0 %, 38568 MiB, 0x0000000000000000;3, 41.54 W, 41, 0 %, 49098 MiB, 0x0000000000000000;
2026-09-02T05:06:29Z,0, 39.95 W, 42, 0 %, 39726 MiB, 0x0000000000000000;1, 44.27 W, 41, 0 %, 38556 MiB, 0x0000000000000000;2, 40.35 W, 42, 0 %, 38568 MiB, 0x0000000000000000;3, 41.34 W, 41, 0 %, 49098 MiB, 0x0000000000000000;
2026-09-02T05:06:34Z,0, 40.05 W, 42, 0 %, 39726 MiB, 0x0000000000000000;1, 44.37 W, 41, 0 %, 38556 MiB, 0x0000000000000000;2, 40.46 W, 42, 0 %, 38568 MiB, 0x0000000000000000;3, 41.43 W, 41, 0 %, 49098 MiB, 0x0000000000000000;
2026-09-02T05:06:39Z,0, 40.06 W, 42, 0 %, 39726 MiB, 0x0000000000000000;1, 44.57 W, 41, 0 %, 38556 MiB, 0x0000000000000000;2, 40.56 W, 42, 0 %, 38568 MiB, 0x0000000000000000;3, 41.53 W, 41, 0 %, 49098 MiB, 0x0000000000000000;
2026-09-02T05:06:44Z,0, 39.95 W, 42, 0 %, 39726 MiB, 0x0000000000000000;1, 44.37 W, 41, 0 %, 38556 MiB, 0x0000000000000000;2, 40.47 W, 42, 0 %, 38568 MiB, 0x0000000000000000;3, 41.44 W, 41, 0 %, 49098 MiB, 0x0000000000000000;
2026-09-02T05:06:49Z,0, 39.95 W, 42, 0 %, 39726 MiB, 0x0000000000000000;1, 44.47 W, 41, 0 %, 38556 MiB, 0x0000000000000000;2, 40.56 W, 42, 0 %, 38568 MiB, 0x0000000000000000;3, 41.44 W, 41, 0 %, 49098 MiB, 0x0000000000000000;
2026-09-02T05:06:54Z,0, 40.07 W, 42, 0 %, 39726 MiB, 0x0000000000000000;1, 44.47 W, 41, 0 %, 38556 MiB, 0x0000000000000000;2, 40.56 W, 42, 0 %, 38568 MiB, 0x0000000000000000;3, 41.54 W, 41, 0 %, 49098 MiB, 0x0000000000000000;
2026-09-02T05:07:00Z,0, 40.05 W, 42, 0 %, 39726 MiB, 0x0000000000000000;1, 44.37 W, 41, 0 %, 38556 MiB, 0x0000000000000000;2, 40.55 W, 42, 0 %, 38568 MiB, 0x0000000000000000;3, 41.63 W, 41, 0 %, 49098 MiB, 0x0000000000000000;
2026-09-02T05:07:05Z,0, 40.06 W, 42, 0 %, 39726 MiB, 0x0000000000000000;1, 44.27 W, 41, 0 %, 38556 MiB, 0x0000000000000000;2, 40.35 W, 42, 0 %, 38568 MiB, 0x0000000000000000;3, 41.44 W, 41, 0 %, 49098 MiB, 0x0000000000000000;
2026-09-02T05:07:10Z,0, 40.15 W, 42, 0 %, 39726 MiB, 0x0000000000000000;1, 44.27 W, 41, 0 %, 38556 MiB, 0x0000000000000000;2, 40.35 W, 42, 0 %, 38568 MiB, 0x0000000000000000;3, 41.63 W, 41, 0 %, 49098 MiB, 0x0000000000000000;
2026-09-02T05:07:15Z,0, 40.05 W, 42, 0 %, 39726 MiB, 0x0000000000000000;1, 44.18 W, 41, 0 %, 38556 MiB, 0x0000000000000000;2, 40.35 W, 42, 0 %, 38568 MiB, 0x0000000000000000;3, 41.63 W, 41, 0 %, 49098 MiB, 0x0000000000000000;
2026-09-02T05:07:20Z,0, 39.95 W, 42, 0 %, 39726 MiB, 0x0000000000000000;1, 44.17 W, 41, 0 %, 38556 MiB, 0x0000000000000000;2, 40.35 W, 42, 0 %, 38568 MiB, 0x0000000000000000;3, 41.63 W, 41, 0 %, 49098 MiB, 0x0000000000000000;
2026-09-02T05:07:25Z,0, 39.94 W, 42, 0 %, 39726 MiB, 0x0000000000000000;1, 44.37 W, 41, 0 %, 38556 MiB, 0x0000000000000000;2, 40.46 W, 42, 0 %, 38568 MiB, 0x0000000000000000;3, 41.44 W, 41, 0 %, 49098 MiB, 0x0000000000000000;
2026-09-02T05:07:30Z,0, 39.95 W, 42, 0 %, 39726 MiB, 0x0000000000000000;1, 44.27 W, 41, 0 %, 38556 MiB, 0x0000000000000000;2, 40.35 W, 42, 0 %, 38568 MiB, 0x0000000000000000;3, 41.44 W, 41, 0 %, 49098 MiB, 0x0000000000000000;
2026-09-02T05:07:36Z,0, 39.95 W, 42, 0 %, 39726 MiB, 0x0000000000000000;1, 44.17 W, 41, 0 %, 38556 MiB, 0x0000000000000000;2, 40.36 W, 42, 0 %, 38568 MiB, 0x0000000000000000;3, 41.44 W, 41, 0 %, 49098 MiB, 0x0000000000000000;
2026-09-02T05:07:41Z,0, 40.06 W, 42, 0 %, 39726 MiB, 0x0000000000000000;1, 44.27 W, 41, 0 %, 38556 MiB, 0x0000000000000000;2, 40.35 W, 42, 0 %, 38568 MiB, 0x0000000000000000;3, 41.53 W, 41, 0 %, 49098 MiB, 0x0000000000000000;
2026-09-02T05:07:46Z,0, 39.94 W, 42, 0 %, 39726 MiB, 0x0000000000000000;1, 44.38 W, 41, 0 %, 38556 MiB, 0x0000000000000000;2, 40.45 W, 42, 0 %, 38568 MiB, 0x0000000000000000;3, 41.43 W, 41, 0 %, 49098 MiB, 0x0000000000000000;
2026-09-02T05:07:51Z,0, 39.94 W, 42, 0 %, 39726 MiB, 0x0000000000000000;1, 44.47 W, 41, 0 %, 38556 MiB, 0x0000000000000000;2, 40.45 W, 42, 0 %, 38568 MiB, 0x0000000000000000;3, 41.44 W, 41, 0 %, 49098 MiB, 0x0000000000000000;
2026-09-02T05:07:56Z,0, 40.07 W, 42, 0 %, 39726 MiB, 0x0000000000000000;1, 44.47 W, 41, 0 %, 38556 MiB, 0x0000000000000000;2, 40.45 W, 42, 0 %, 38568 MiB, 0x0000000000000000;3, 41.45 W, 41, 0 %, 49098 MiB, 0x0000000000000000;
2026-09-02T05:08:01Z,0, 40.07 W, 42, 0 %, 39726 MiB, 0x0000000000000000;1, 44.38 W, 41, 0 %, 38556 MiB, 0x0000000000000000;2, 40.56 W, 42, 0 %, 38568 MiB, 0x0000000000000000;3, 41.53 W, 41, 0 %, 49098 MiB, 0x0000000000000000;
2026-09-02T05:08:06Z,0, 40.05 W, 42, 0 %, 39726 MiB, 0x0000000000000000;1, 44.38 W, 41, 0 %, 38556 MiB, 0x0000000000000000;2, 40.56 W, 42, 0 %, 38568 MiB, 0x0000000000000000;3, 41.63 W, 41, 0 %, 49098 MiB, 0x0000000000000000;
2026-09-02T05:08:12Z,0, 40.15 W, 42, 0 %, 39726 MiB, 0x0000000000000000;1, 44.28 W, 41, 0 %, 38556 MiB, 0x0000000000000000;2, 40.35 W, 42, 0 %, 38568 MiB, 0x0000000000000000;3, 41.63 W, 41, 0 %, 49098 MiB, 0x0000000000000000;
2026-09-02T05:08:17Z,0, 40.06 W, 42, 0 %, 39726 MiB, 0x0000000000000000;1, 44.27 W, 41, 0 %, 38556 MiB, 0x0000000000000000;2, 40.36 W, 42, 0 %, 38568 MiB, 0x0000000000000000;3, 41.54 W, 41, 0 %, 49098 MiB, 0x0000000000000000;
2026-09-02T05:08:22Z,0, 40.15 W, 42, 0 %, 39726 MiB, 0x0000000000000000;1, 44.16 W, 41, 0 %, 38556 MiB, 0x0000000000000000;2, 40.35 W, 42, 0 %, 38568 MiB, 0x0000000000000000;3, 41.62 W, 41, 0 %, 49098 MiB, 0x0000000000000000;
2026-09-02T05:08:27Z,0, 40.06 W, 42, 0 %, 39726 MiB, 0x0000000000000000;1, 44.28 W, 41, 0 %, 38556 MiB, 0x0000000000000000;2, 40.46 W, 42, 0 %, 38568 MiB, 0x0000000000000000;3, 41.73 W, 41, 0 %, 49098 MiB, 0x0000000000000000;
2026-09-02T05:08:32Z,0, 39.94 W, 42, 0 %, 39726 MiB, 0x0000000000000000;1, 44.37 W, 41, 0 %, 38556 MiB, 0x0000000000000000;2, 40.55 W, 42, 0 %, 38568 MiB, 0x0000000000000000;3, 41.54 W, 41, 0 %, 49098 MiB, 0x0000000000000000;
2026-09-02T05:08:37Z,0, 39.98 W, 42, 0 %, 39726 MiB, 0x0000000000000000;1, 44.46 W, 41, 0 %, 38556 MiB, 0x0000000000000000;2, 40.46 W, 42, 0 %, 38568 MiB, 0x0000000000000000;3, 41.25 W, 41, 0 %, 49098 MiB, 0x0000000000000000;
2026-09-02T05:08:42Z,0, 40.05 W, 42, 0 %, 39726 MiB, 0x0000000000000000;1, 44.37 W, 41, 0 %, 38556 MiB, 0x0000000000000000;2, 40.36 W, 42, 0 %, 38568 MiB, 0x0000000000000000;3, 41.33 W, 41, 0 %, 49098 MiB, 0x0000000000000000;
2026-09-02T05:08:48Z,0, 39.94 W, 42, 0 %, 39726 MiB, 0x0000000000000000;1, 44.27 W, 41, 0 %, 38556 MiB, 0x0000000000000000;2, 40.45 W, 42, 0 %, 38568 MiB, 0x0000000000000000;3, 41.43 W, 41, 0 %, 49098 MiB, 0x0000000000000000;
2026-09-02T05:08:53Z,0, 39.94 W, 42, 0 %, 39726 MiB, 0x0000000000000000;1, 44.46 W, 41, 0 %, 38556 MiB, 0x0000000000000000;2, 40.36 W, 42, 0 %, 38568 MiB, 0x0000000000000000;3, 41.62 W, 41, 0 %, 49098 MiB, 0x0000000000000000;
2026-09-02T05:08:58Z,0, 40.16 W, 42, 0 %, 39726 MiB, 0x0000000000000000;1, 44.46 W, 41, 0 %, 38556 MiB, 0x0000000000000000;2, 40.56 W, 42, 0 %, 38568 MiB, 0x0000000000000000;3, 41.63 W, 41, 0 %, 49098 MiB, 0x0000000000000000;
2026-09-02T05:09:03Z,0, 39.93 W, 42, 0 %, 39726 MiB, 0x0000000000000000;1, 44.45 W, 41, 0 %, 38556 MiB, 0x0000000000000000;2, 40.54 W, 42, 0 %, 38568 MiB, 0x0000000000000000;3, 41.44 W, 41, 0 %, 49098 MiB, 0x0000000000000000;
2026-09-02T05:09:08Z,0, 40.05 W, 42, 0 %, 39726 MiB, 0x0000000000000000;1, 44.47 W, 41, 0 %, 38556 MiB, 0x0000000000000000;2, 40.56 W, 42, 0 %, 38568 MiB, 0x0000000000000000;3, 41.44 W, 41, 0 %, 49098 MiB, 0x0000000000000000;
2026-09-02T05:09:13Z,0, 40.06 W, 42, 0 %, 39726 MiB, 0x0000000000000000;1, 44.37 W, 41, 0 %, 38556 MiB, 0x0000000000000000;2, 40.45 W, 42, 0 %, 38568 MiB, 0x0000000000000000;3, 41.42 W, 41, 0 %, 49098 MiB, 0x0000000000000000;
2026-09-02T05:09:18Z,0, 40.15 W, 42, 0 %, 39726 MiB, 0x0000000000000000;1, 44.28 W, 41, 0 %, 38556 MiB, 0x0000000000000000;2, 40.35 W, 42, 0 %, 38568 MiB, 0x0000000000000000;3, 41.72 W, 41, 0 %, 49098 MiB, 0x0000000000000000;
2026-09-02T05:09:24Z,0, 40.18 W, 42, 0 %, 39726 MiB, 0x0000000000000000;1, 44.18 W, 41, 0 %, 38556 MiB, 0x0000000000000000;2, 40.37 W, 42, 0 %, 38568 MiB, 0x0000000000000000;3, 41.45 W, 41, 0 %, 49098 MiB, 0x0000000000000000;
2026-09-02T05:09:29Z,0, 40.05 W, 42, 0 %, 39726 MiB, 0x0000000000000000;1, 44.27 W, 41, 0 %, 38556 MiB, 0x0000000000000000;2, 40.35 W, 42, 0 %, 38568 MiB, 0x0000000000000000;3, 41.53 W, 41, 0 %, 49098 MiB, 0x0000000000000000;
2026-09-02T05:09:34Z,0, 39.95 W, 42, 0 %, 39726 MiB, 0x0000000000000000;1, 44.28 W, 41, 0 %, 38556 MiB, 0x0000000000000000;2, 40.36 W, 42, 0 %, 38568 MiB, 0x0000000000000000;3, 41.64 W, 41, 0 %, 49098 MiB, 0x0000000000000000;
2026-09-02T05:09:39Z,0, 39.95 W, 42, 0 %, 39726 MiB, 0x0000000000000000;1, 44.38 W, 41, 0 %, 38556 MiB, 0x0000000000000000;2, 40.75 W, 42, 0 %, 38568 MiB, 0x0000000000000000;3, 41.44 W, 41, 0 %, 49098 MiB, 0x0000000000000000;
2026-09-02T05:09:44Z,0, 39.96 W, 42, 0 %, 39726 MiB, 0x0000000000000000;1, 44.27 W, 41, 0 %, 38556 MiB, 0x0000000000000000;2, 40.35 W, 42, 0 %, 38568 MiB, 0x0000000000000000;3, 41.24 W, 41, 0 %, 49098 MiB, 0x0000000000000000;
2026-09-02T05:09:49Z,0, 40.05 W, 42, 0 %, 39726 MiB, 0x0000000000000000;1, 44.27 W, 41, 0 %, 38556 MiB, 0x0000000000000000;2, 40.35 W, 42, 0 %, 38568 MiB, 0x0000000000000000;3, 41.54 W, 41, 0 %, 49098 MiB, 0x0000000000000000;
2026-09-02T05:09:54Z,0, 39.94 W, 42, 0 %, 39726 MiB, 0x0000000000000000;1, 44.38 W, 41, 0 %, 38556 MiB, 0x0000000000000000;2, 40.35 W, 42, 0 %, 38568 MiB, 0x0000000000000000;3, 41.62 W, 41, 0 %, 49098 MiB, 0x0000000000000000;
2026-09-02T05:10:00Z,0, 40.17 W, 42, 0 %, 39726 MiB, 0x0000000000000000;1, 44.28 W, 41, 0 %, 38556 MiB, 0x0000000000000000;2, 40.65 W, 42, 0 %, 38568 MiB, 0x0000000000000000;3, 41.44 W, 41, 0 %, 49098 MiB, 0x0000000000000000;
2026-09-02T05:10:05Z,0, 40.06 W, 42, 0 %, 39726 MiB, 0x0000000000000000;1, 44.47 W, 41, 0 %, 38556 MiB, 0x0000000000000000;2, 40.45 W, 42, 0 %, 38568 MiB, 0x0000000000000000;3, 41.45 W, 41, 0 %, 49098 MiB, 0x0000000000000000;
2026-09-02T05:10:10Z,0, 39.97 W, 42, 0 %, 39726 MiB, 0x0000000000000000;1, 44.46 W, 41, 0 %, 38556 MiB, 0x0000000000000000;2, 40.47 W, 42, 0 %, 38568 MiB, 0x0000000000000000;3, 41.53 W, 41, 0 %, 49098 MiB, 0x0000000000000000;
2026-09-02T05:10:15Z,0, 40.04 W, 42, 0 %, 39726 MiB, 0x0000000000000000;1, 44.46 W, 41, 0 %, 38556 MiB, 0x0000000000000000;2, 40.56 W, 42, 0 %, 38568 MiB, 0x0000000000000000;3, 41.54 W, 41, 0 %, 49098 MiB, 0x0000000000000000;
2026-09-02T05:10:20Z,0, 40.06 W, 42, 0 %, 39726 MiB, 0x0000000000000000;1, 44.37 W, 41, 0 %, 38556 MiB, 0x0000000000000000;2, 40.56 W, 42, 0 %, 38568 MiB, 0x0000000000000000;3, 41.44 W, 41, 0 %, 49098 MiB, 0x0000000000000000;
2026-09-02T05:10:25Z,0, 40.15 W, 42, 0 %, 39726 MiB, 0x0000000000000000;1, 44.27 W, 41, 0 %, 38556 MiB, 0x0000000000000000;2, 40.34 W, 42, 0 %, 38568 MiB, 0x0000000000000000;3, 41.62 W, 41, 0 %, 49098 MiB, 0x0000000000000000;
2026-09-02T05:10:30Z,0, 40.24 W, 42, 0 %, 39726 MiB, 0x0000000000000000;1, 44.26 W, 41, 0 %, 38556 MiB, 0x0000000000000000;2, 40.45 W, 42, 0 %, 38568 MiB, 0x0000000000000000;3, 41.52 W, 41, 0 %, 49098 MiB, 0x0000000000000000;
2026-09-02T05:10:36Z,0, 40.15 W, 42, 0 %, 39726 MiB, 0x0000000000000000;1, 44.27 W, 41, 0 %, 38556 MiB, 0x0000000000000000;2, 40.45 W, 42, 0 %, 38568 MiB, 0x0000000000000000;3, 41.62 W, 41, 0 %, 49098 MiB, 0x0000000000000000;
2026-09-02T05:10:41Z,0, 39.96 W, 42, 0 %, 39726 MiB, 0x0000000000000000;1, 44.28 W, 41, 0 %, 38556 MiB, 0x0000000000000000;2, 40.34 W, 42, 0 %, 38568 MiB, 0x0000000000000000;3, 41.52 W, 41, 0 %, 49098 MiB, 0x0000000000000000;
2026-09-02T05:10:46Z,0, 39.96 W, 42, 0 %, 39726 MiB, 0x0000000000000000;1, 44.28 W, 41, 0 %, 38556 MiB, 0x0000000000000000;2, 40.35 W, 42, 0 %, 38568 MiB, 0x0000000000000000;3, 41.44 W, 41, 0 %, 49098 MiB, 0x0000000000000000;
2026-09-02T05:10:51Z,0, 39.93 W, 42, 0 %, 39726 MiB, 0x0000000000000000;1, 44.16 W, 41, 0 %, 38556 MiB, 0x0000000000000000;2, 40.54 W, 42, 0 %, 38568 MiB, 0x0000000000000000;3, 41.43 W, 41, 0 %, 49098 MiB, 0x0000000000000000;
2026-09-02T05:10:56Z,0, 40.08 W, 42, 0 %, 39726 MiB, 0x0000000000000000;1, 44.28 W, 41, 0 %, 38556 MiB, 0x0000000000000000;2, 40.35 W, 42, 0 %, 38568 MiB, 0x0000000000000000;3, 41.45 W, 41, 0 %, 49098 MiB, 0x0000000000000000;
2026-09-02T05:11:01Z,0, 39.95 W, 42, 0 %, 39726 MiB, 0x0000000000000000;1, 44.28 W, 41, 0 %, 38556 MiB, 0x0000000000000000;2, 40.46 W, 42, 0 %, 38568 MiB, 0x0000000000000000;3, 41.53 W, 41, 0 %, 49098 MiB, 0x0000000000000000;
2026-09-02T05:11:07Z,0, 39.94 W, 42, 0 %, 39726 MiB, 0x0000000000000000;1, 44.27 W, 41, 0 %, 38556 MiB, 0x0000000000000000;2, 40.47 W, 42, 0 %, 38568 MiB, 0x0000000000000000;3, 41.45 W, 41, 0 %, 49098 MiB, 0x0000000000000000;
2026-09-02T05:11:12Z,0, 40.07 W, 42, 0 %, 39726 MiB, 0x0000000000000000;1, 44.38 W, 41, 0 %, 38556 MiB, 0x0000000000000000;2, 40.65 W, 42, 0 %, 38568 MiB, 0x0000000000000000;3, 41.44 W, 41, 0 %, 49098 MiB, 0x0000000000000000;
2026-09-02T05:11:17Z,0, 40.06 W, 42, 0 %, 39726 MiB, 0x0000000000000000;1, 44.47 W, 41, 0 %, 38556 MiB, 0x0000000000000000;2, 40.46 W, 42, 0 %, 38568 MiB, 0x0000000000000000;3, 41.44 W, 41, 0 %, 49098 MiB, 0x0000000000000000;
2026-09-02T05:11:22Z,0, 40.06 W, 42, 0 %, 39726 MiB, 0x0000000000000000;1, 44.47 W, 41, 0 %, 38556 MiB, 0x0000000000000000;2, 40.46 W, 42, 0 %, 38568 MiB, 0x0000000000000000;3, 41.44 W, 41, 0 %, 49098 MiB, 0x0000000000000000;
2026-09-02T05:11:27Z,0, 40.05 W, 42, 0 %, 39726 MiB, 0x0000000000000000;1, 44.38 W, 41, 0 %, 38556 MiB, 0x0000000000000000;2, 40.46 W, 42, 0 %, 38568 MiB, 0x0000000000000000;3, 41.62 W, 41, 0 %, 49098 MiB, 0x0000000000000000;
2026-09-02T05:11:32Z,0, 40.07 W, 42, 0 %, 39726 MiB, 0x0000000000000000;1, 44.17 W, 41, 0 %, 38556 MiB, 0x0000000000000000;2, 40.47 W, 42, 0 %, 38568 MiB, 0x0000000000000000;3, 41.63 W, 41, 0 %, 49098 MiB, 0x0000000000000000;
2026-09-02T05:11:37Z,0, 40.05 W, 42, 0 %, 39726 MiB, 0x0000000000000000;1, 44.27 W, 41, 0 %, 38556 MiB, 0x0000000000000000;2, 40.36 W, 42, 0 %, 38568 MiB, 0x0000000000000000;3, 41.53 W, 41, 0 %, 49098 MiB, 0x0000000000000000;
2026-09-02T05:11:43Z,0, 40.15 W, 42, 0 %, 39726 MiB, 0x0000000000000000;1, 44.17 W, 41, 0 %, 38556 MiB, 0x0000000000000000;2, 40.26 W, 42, 0 %, 38568 MiB, 0x0000000000000000;3, 41.53 W, 41, 0 %, 49098 MiB, 0x0000000000000000;
2026-09-02T05:11:48Z,0, 40.05 W, 42, 0 %, 39726 MiB, 0x0000000000000000;1, 44.27 W, 41, 0 %, 38556 MiB, 0x0000000000000000;2, 40.47 W, 42, 0 %, 38568 MiB, 0x0000000000000000;3, 41.62 W, 41, 0 %, 49098 MiB, 0x0000000000000000;
2026-09-02T05:11:53Z,0, 39.97 W, 42, 0 %, 39726 MiB, 0x0000000000000000;1, 44.28 W, 41, 0 %, 38556 MiB, 0x0000000000000000;2, 40.46 W, 42, 0 %, 38568 MiB, 0x0000000000000000;3, 41.54 W, 41, 0 %, 49098 MiB, 0x0000000000000000;
2026-09-02T05:11:58Z,0, 39.97 W, 42, 0 %, 39726 MiB, 0x0000000000000000;1, 44.28 W, 41, 0 %, 38556 MiB, 0x0000000000000000;2, 40.35 W, 42, 0 %, 38568 MiB, 0x0000000000000000;3, 41.34 W, 41, 0 %, 49098 MiB, 0x0000000000000000;
2026-09-02T05:12:03Z,0, 40.06 W, 42, 0 %, 39726 MiB, 0x0000000000000000;1, 44.27 W, 41, 0 %, 38556 MiB, 0x0000000000000000;2, 40.46 W, 42, 0 %, 38568 MiB, 0x0000000000000000;3, 41.53 W, 41, 0 %, 49098 MiB, 0x0000000000000000;
2026-09-02T05:12:08Z,0, 40.07 W, 42, 0 %, 39726 MiB, 0x0000000000000000;1, 44.27 W, 41, 0 %, 38556 MiB, 0x0000000000000000;2, 40.35 W, 42, 0 %, 38568 MiB, 0x0000000000000000;3, 41.35 W, 41, 0 %, 49098 MiB, 0x0000000000000000;
2026-09-02T05:12:14Z,0, 39.94 W, 42, 0 %, 39726 MiB, 0x0000000000000000;1, 44.26 W, 41, 0 %, 38556 MiB, 0x0000000000000000;2, 40.46 W, 42, 0 %, 38568 MiB, 0x0000000000000000;3, 41.53 W, 41, 0 %, 49098 MiB, 0x0000000000000000;
2026-09-02T05:12:19Z,0, 40.07 W, 42, 0 %, 39726 MiB, 0x0000000000000000;1, 44.29 W, 41, 0 %, 38556 MiB, 0x0000000000000000;2, 40.48 W, 42, 0 %, 38568 MiB, 0x0000000000000000;3, 41.44 W, 41, 0 %, 49098 MiB, 0x0000000000000000;
2026-09-02T05:12:24Z,0, 40.25 W, 42, 0 %, 39726 MiB, 0x0000000000000000;1, 44.37 W, 41, 0 %, 38556 MiB, 0x0000000000000000;2, 40.56 W, 42, 0 %, 38568 MiB, 0x0000000000000000;3, 41.54 W, 41, 0 %, 49098 MiB, 0x0000000000000000;
2026-09-02T05:12:29Z,0, 39.96 W, 42, 0 %, 39726 MiB, 0x0000000000000000;1, 44.47 W, 41, 0 %, 38556 MiB, 0x0000000000000000;2, 40.66 W, 42, 0 %, 38568 MiB, 0x0000000000000000;3, 41.53 W, 41, 0 %, 49098 MiB, 0x0000000000000000;
2026-09-02T05:12:34Z,0, 40.15 W, 42, 0 %, 39726 MiB, 0x0000000000000000;1, 44.46 W, 41, 0 %, 38556 MiB, 0x0000000000000000;2, 40.56 W, 42, 0 %, 38568 MiB, 0x0000000000000000;3, 41.63 W, 41, 0 %, 49098 MiB, 0x0000000000000000;
2026-09-02T05:12:39Z,0, 40.06 W, 42, 0 %, 39726 MiB, 0x0000000000000000;1, 44.18 W, 41, 0 %, 38556 MiB, 0x0000000000000000;2, 40.37 W, 42, 0 %, 38568 MiB, 0x0000000000000000;3, 41.54 W, 41, 0 %, 49098 MiB, 0x0000000000000000;
2026-09-02T05:12:44Z,0, 40.15 W, 42, 0 %, 39726 MiB, 0x0000000000000000;1, 44.28 W, 41, 0 %, 38556 MiB, 0x0000000000000000;2, 40.46 W, 42, 0 %, 38568 MiB, 0x0000000000000000;3, 41.53 W, 41, 0 %, 49098 MiB, 0x0000000000000000;
2026-09-02T05:12:50Z,0, 40.15 W, 42, 0 %, 39726 MiB, 0x0000000000000000;1, 44.38 W, 41, 0 %, 38556 MiB, 0x0000000000000000;2, 40.36 W, 42, 0 %, 38568 MiB, 0x0000000000000000;3, 41.63 W, 41, 0 %, 49098 MiB, 0x0000000000000000;
2026-09-02T05:12:55Z,0, 40.04 W, 42, 0 %, 39726 MiB, 0x0000000000000000;1, 44.15 W, 41, 0 %, 38556 MiB, 0x0000000000000000;2, 40.35 W, 42, 0 %, 38568 MiB, 0x0000000000000000;3, 41.52 W, 41, 0 %, 49098 MiB, 0x0000000000000000;
2026-09-02T05:13:00Z,0, 39.87 W, 42, 0 %, 39726 MiB, 0x0000000000000000;1, 44.38 W, 41, 0 %, 38556 MiB, 0x0000000000000000;2, 40.26 W, 42, 0 %, 38568 MiB, 0x0000000000000000;3, 41.54 W, 41, 0 %, 49098 MiB, 0x0000000000000000;
2026-09-02T05:13:05Z,0, 40.06 W, 42, 0 %, 39726 MiB, 0x0000000000000000;1, 44.18 W, 41, 0 %, 38556 MiB, 0x0000000000000000;2, 40.35 W, 42, 0 %, 38568 MiB, 0x0000000000000000;3, 41.45 W, 41, 0 %, 49098 MiB, 0x0000000000000000;
2026-09-02T05:13:10Z,0, 39.94 W, 42, 0 %, 39726 MiB, 0x0000000000000000;1, 44.38 W, 41, 0 %, 38556 MiB, 0x0000000000000000;2, 40.35 W, 42, 0 %, 38568 MiB, 0x0000000000000000;3, 41.44 W, 41, 0 %, 49098 MiB, 0x0000000000000000;
2026-09-02T05:13:15Z,0, 39.94 W, 42, 0 %, 39726 MiB, 0x0000000000000000;1, 44.36 W, 41, 0 %, 38556 MiB, 0x0000000000000000;2, 40.56 W, 42, 0 %, 38568 MiB, 0x0000000000000000;3, 41.54 W, 41, 0 %, 49098 MiB, 0x0000000000000000;
2026-09-02T05:13:20Z,0, 40.06 W, 42, 0 %, 39726 MiB, 0x0000000000000000;1, 44.27 W, 41, 0 %, 38556 MiB, 0x0000000000000000;2, 40.47 W, 42, 0 %, 38568 MiB, 0x0000000000000000;3, 41.72 W, 41, 0 %, 49098 MiB, 0x0000000000000000;
2026-09-02T05:13:26Z,0, 39.95 W, 42, 0 %, 39726 MiB, 0x0000000000000000;1, 44.38 W, 41, 0 %, 38556 MiB, 0x0000000000000000;2, 40.46 W, 42, 0 %, 38568 MiB, 0x0000000000000000;3, 41.53 W, 41, 0 %, 49098 MiB, 0x0000000000000000;
2026-09-02T05:13:31Z,0, 40.04 W, 42, 0 %, 39726 MiB, 0x0000000000000000;1, 44.37 W, 41, 0 %, 38556 MiB, 0x0000000000000000;2, 40.47 W, 42, 0 %, 38568 MiB, 0x0000000000000000;3, 41.43 W, 41, 0 %, 49098 MiB, 0x0000000000000000;
2026-09-02T05:13:36Z,0, 40.16 W, 42, 0 %, 39726 MiB, 0x0000000000000000;1, 44.38 W, 41, 0 %, 38556 MiB, 0x0000000000000000;2, 40.56 W, 42, 0 %, 38568 MiB, 0x0000000000000000;3, 41.44 W, 41, 0 %, 49098 MiB, 0x0000000000000000;
2026-09-02T05:13:41Z,0, 40.06 W, 42, 0 %, 39726 MiB, 0x0000000000000000;1, 44.47 W, 41, 0 %, 38556 MiB, 0x0000000000000000;2, 40.56 W, 42, 0 %, 38568 MiB, 0x0000000000000000;3, 41.44 W, 41, 0 %, 49098 MiB, 0x0000000000000000;
2026-09-02T05:13:46Z,0, 39.97 W, 42, 0 %, 39726 MiB, 0x0000000000000000;1, 44.19 W, 41, 0 %, 38556 MiB, 0x0000000000000000;2, 40.35 W, 42, 0 %, 38568 MiB, 0x0000000000000000;3, 41.54 W, 41, 0 %, 49098 MiB, 0x0000000000000000;
2026-09-02T05:13:51Z,0, 40.05 W, 42, 0 %, 39726 MiB, 0x0000000000000000;1, 44.27 W, 41, 0 %, 38556 MiB, 0x0000000000000000;2, 40.37 W, 42, 0 %, 38568 MiB, 0x0000000000000000;3, 41.53 W, 41, 0 %, 49098 MiB, 0x0000000000000000;
2026-09-02T05:13:56Z,0, 40.15 W, 42, 0 %, 39726 MiB, 0x0000000000000000;1, 44.28 W, 41, 0 %, 38556 MiB, 0x0000000000000000;2, 40.35 W, 42, 0 %, 38568 MiB, 0x0000000000000000;3, 41.72 W, 41, 0 %, 49098 MiB, 0x0000000000000000;
2026-09-02T05:14:02Z,0, 39.94 W, 42, 0 %, 39726 MiB, 0x0000000000000000;1, 44.65 W, 41, 0 %, 38556 MiB, 0x0000000000000000;2, 40.35 W, 42, 0 %, 38568 MiB, 0x0000000000000000;3, 41.53 W, 41, 0 %, 49098 MiB, 0x0000000000000000;
2026-09-02T05:14:07Z,0, 39.86 W, 42, 0 %, 39726 MiB, 0x0000000000000000;1, 44.37 W, 41, 0 %, 38556 MiB, 0x0000000000000000;2, 40.47 W, 42, 0 %, 38568 MiB, 0x0000000000000000;3, 41.35 W, 41, 0 %, 49098 MiB, 0x0000000000000000;
2026-09-02T05:14:12Z,0, 39.95 W, 42, 0 %, 39726 MiB, 0x0000000000000000;1, 44.28 W, 41, 0 %, 38556 MiB, 0x0000000000000000;2, 40.36 W, 42, 0 %, 38568 MiB, 0x0000000000000000;3, 41.35 W, 41, 0 %, 49098 MiB, 0x0000000000000000;
2026-09-02T05:14:17Z,0, 39.93 W, 42, 0 %, 39726 MiB, 0x0000000000000000;1, 44.27 W, 41, 0 %, 38556 MiB, 0x0000000000000000;2, 40.36 W, 42, 0 %, 38568 MiB, 0x0000000000000000;3, 41.53 W, 41, 0 %, 49098 MiB, 0x0000000000000000;
2026-09-02T05:14:22Z,0, 40.06 W, 42, 0 %, 39726 MiB, 0x0000000000000000;1, 44.28 W, 41, 0 %, 38556 MiB, 0x0000000000000000;2, 40.85 W, 42, 0 %, 38568 MiB, 0x0000000000000000;3, 41.45 W, 41, 0 %, 49098 MiB, 0x0000000000000000;
2026-09-02T05:14:27Z,0, 39.96 W, 42, 0 %, 39726 MiB, 0x0000000000000000;1, 44.38 W, 41, 0 %, 38556 MiB, 0x0000000000000000;2, 40.56 W, 42, 0 %, 38568 MiB, 0x0000000000000000;3, 41.44 W, 41, 0 %, 49098 MiB, 0x0000000000000000;
2026-09-02T05:14:32Z,0, 40.07 W, 42, 0 %, 39726 MiB, 0x0000000000000000;1, 44.38 W, 41, 0 %, 38556 MiB, 0x0000000000000000;2, 40.35 W, 42, 0 %, 38568 MiB, 0x0000000000000000;3, 41.44 W, 41, 0 %, 49098 MiB, 0x0000000000000000;
2026-09-02T05:14:38Z,0, 40.25 W, 42, 0 %, 39726 MiB, 0x0000000000000000;1, 44.38 W, 41, 0 %, 38556 MiB, 0x0000000000000000;2, 40.46 W, 42, 0 %, 38568 MiB, 0x0000000000000000;3, 41.53 W, 41, 0 %, 49098 MiB, 0x0000000000000000;
2026-09-02T05:14:43Z,0, 39.97 W, 42, 0 %, 39726 MiB, 0x0000000000000000;1, 44.38 W, 41, 0 %, 38556 MiB, 0x0000000000000000;2, 40.56 W, 42, 0 %, 38568 MiB, 0x0000000000000000;3, 41.53 W, 41, 0 %, 49098 MiB, 0x0000000000000000;
2026-09-02T05:14:48Z,0, 40.06 W, 42, 0 %, 39726 MiB, 0x0000000000000000;1, 44.46 W, 41, 0 %, 38556 MiB, 0x0000000000000000;2, 40.45 W, 42, 0 %, 38568 MiB, 0x0000000000000000;3, 41.44 W, 41, 0 %, 49098 MiB, 0x0000000000000000;
2026-09-02T05:14:53Z,0, 40.15 W, 42, 0 %, 39726 MiB, 0x0000000000000000;1, 44.17 W, 41, 0 %, 38556 MiB, 0x0000000000000000;2, 40.56 W, 42, 0 %, 38568 MiB, 0x0000000000000000;3, 41.53 W, 41, 0 %, 49098 MiB, 0x0000000000000000;
2026-09-02T05:14:58Z,0, 40.06 W, 42, 0 %, 39726 MiB, 0x0000000000000000;1, 44.18 W, 41, 0 %, 38556 MiB, 0x0000000000000000;2, 40.35 W, 42, 0 %, 38568 MiB, 0x0000000000000000;3, 41.53 W, 41, 0 %, 49098 MiB, 0x0000000000000000;
2026-09-02T05:15:03Z,0, 40.05 W, 42, 0 %, 39726 MiB, 0x0000000000000000;1, 44.16 W, 41, 0 %, 38556 MiB, 0x0000000000000000;2, 40.35 W, 42, 0 %, 38568 MiB, 0x0000000000000000;3, 41.53 W, 41, 0 %, 49098 MiB, 0x0000000000000000;
2026-09-02T05:15:09Z,0, 39.85 W, 42, 0 %, 39726 MiB, 0x0000000000000000;1, 44.28 W, 41, 0 %, 38556 MiB, 0x0000000000000000;2, 40.35 W, 42, 0 %, 38568 MiB, 0x0000000000000000;3, 41.72 W, 41, 0 %, 49098 MiB, 0x0000000000000000;
2026-09-02T05:15:14Z,0, 39.94 W, 42, 0 %, 39726 MiB, 0x0000000000000000;1, 44.28 W, 41, 0 %, 38556 MiB, 0x0000000000000000;2, 40.35 W, 42, 0 %, 38568 MiB, 0x0000000000000000;3, 41.44 W, 41, 0 %, 49098 MiB, 0x0000000000000000;
2026-09-02T05:15:19Z,0, 39.86 W, 42, 0 %, 39726 MiB, 0x0000000000000000;1, 44.38 W, 41, 0 %, 38556 MiB, 0x0000000000000000;2, 40.35 W, 42, 0 %, 38568 MiB, 0x0000000000000000;3, 41.34 W, 41, 0 %, 49098 MiB, 0x0000000000000000;
2026-09-02T05:15:24Z,0, 39.95 W, 42, 0 %, 39726 MiB, 0x0000000000000000;1, 44.37 W, 41, 0 %, 38556 MiB, 0x0000000000000000;2, 40.46 W, 42, 0 %, 38568 MiB, 0x0000000000000000;3, 41.44 W, 41, 0 %, 49098 MiB, 0x0000000000000000;
2026-09-02T05:15:29Z,0, 39.97 W, 42, 0 %, 39726 MiB, 0x0000000000000000;1, 44.38 W, 41, 0 %, 38556 MiB, 0x0000000000000000;2, 40.35 W, 42, 0 %, 38568 MiB, 0x0000000000000000;3, 41.53 W, 41, 0 %, 49098 MiB, 0x0000000000000000;
2026-09-02T05:15:34Z,0, 39.94 W, 42, 0 %, 39726 MiB, 0x0000000000000000;1, 44.28 W, 41, 0 %, 38556 MiB, 0x0000000000000000;2, 40.45 W, 42, 0 %, 38568 MiB, 0x0000000000000000;3, 41.54 W, 41, 0 %, 49098 MiB, 0x0000000000000000;
2026-09-02T05:15:39Z,0, 40.05 W, 42, 0 %, 39726 MiB, 0x0000000000000000;1, 44.36 W, 41, 0 %, 38556 MiB, 0x0000000000000000;2, 40.36 W, 42, 0 %, 38568 MiB, 0x0000000000000000;3, 41.43 W, 41, 0 %, 49098 MiB, 0x0000000000000000;
2026-09-02T05:15:45Z,0, 40.07 W, 42, 0 %, 39726 MiB, 0x0000000000000000;1, 44.47 W, 41, 0 %, 38556 MiB, 0x0000000000000000;2, 40.56 W, 42, 0 %, 38568 MiB, 0x0000000000000000;3, 41.45 W, 41, 0 %, 49098 MiB, 0x0000000000000000;
2026-09-02T05:15:50Z,0, 40.05 W, 42, 0 %, 39726 MiB, 0x0000000000000000;1, 44.37 W, 41, 0 %, 38556 MiB, 0x0000000000000000;2, 40.56 W, 42, 0 %, 38568 MiB, 0x0000000000000000;3, 41.43 W, 41, 0 %, 49098 MiB, 0x0000000000000000;
2026-09-02T05:15:55Z,0, 40.05 W, 42, 0 %, 39726 MiB, 0x0000000000000000;1, 44.37 W, 41, 0 %, 38556 MiB, 0x0000000000000000;2, 40.56 W, 42, 0 %, 38568 MiB, 0x0000000000000000;3, 41.54 W, 41, 0 %, 49098 MiB, 0x0000000000000000;
2026-09-02T05:16:00Z,0, 40.07 W, 42, 0 %, 39726 MiB, 0x0000000000000000;1, 44.19 W, 41, 0 %, 38556 MiB, 0x0000000000000000;2, 40.48 W, 42, 0 %, 38568 MiB, 0x0000000000000000;3, 41.54 W, 41, 0 %, 49098 MiB, 0x0000000000000000;
2026-09-02T05:16:05Z,0, 40.15 W, 42, 0 %, 39726 MiB, 0x0000000000000000;1, 44.28 W, 41, 0 %, 38556 MiB, 0x0000000000000000;2, 40.36 W, 42, 0 %, 38568 MiB, 0x0000000000000000;3, 41.63 W, 41, 0 %, 49098 MiB, 0x0000000000000000;
2026-09-02T05:16:10Z,0, 40.04 W, 42, 0 %, 39726 MiB, 0x0000000000000000;1, 44.17 W, 41, 0 %, 38556 MiB, 0x0000000000000000;2, 40.35 W, 42, 0 %, 38568 MiB, 0x0000000000000000;3, 41.72 W, 41, 0 %, 49098 MiB, 0x0000000000000000;
2026-09-02T05:16:15Z,0, 39.86 W, 42, 0 %, 39726 MiB, 0x0000000000000000;1, 44.17 W, 41, 0 %, 38556 MiB, 0x0000000000000000;2, 40.37 W, 42, 0 %, 38568 MiB, 0x0000000000000000;3, 41.53 W, 41, 0 %, 49098 MiB, 0x0000000000000000;
2026-09-02T05:16:21Z,0, 39.85 W, 42, 0 %, 39726 MiB, 0x0000000000000000;1, 44.26 W, 41, 0 %, 38556 MiB, 0x0000000000000000;2, 40.44 W, 42, 0 %, 38568 MiB, 0x0000000000000000;3, 41.25 W, 41, 0 %, 49098 MiB, 0x0000000000000000;
2026-09-02T05:16:26Z,0, 39.97 W, 42, 0 %, 39726 MiB, 0x0000000000000000;1, 44.27 W, 41, 0 %, 38556 MiB, 0x0000000000000000;2, 40.36 W, 42, 0 %, 38568 MiB, 0x0000000000000000;3, 41.54 W, 41, 0 %, 49098 MiB, 0x0000000000000000;
2026-09-02T05:16:31Z,0, 40.05 W, 42, 0 %, 39726 MiB, 0x0000000000000000;1, 44.27 W, 41, 0 %, 38556 MiB, 0x0000000000000000;2, 40.47 W, 42, 0 %, 38568 MiB, 0x0000000000000000;3, 41.35 W, 41, 0 %, 49098 MiB, 0x0000000000000000;
2026-09-02T05:16:36Z,0, 39.94 W, 42, 0 %, 39726 MiB, 0x0000000000000000;1, 44.66 W, 41, 0 %, 38556 MiB, 0x0000000000000000;2, 40.55 W, 42, 0 %, 38568 MiB, 0x0000000000000000;3, 41.44 W, 41, 0 %, 49098 MiB, 0x0000000000000000;
2026-09-02T05:16:41Z,0, 39.95 W, 42, 0 %, 39726 MiB, 0x0000000000000000;1, 44.37 W, 41, 0 %, 38556 MiB, 0x0000000000000000;2, 40.44 W, 42, 0 %, 38568 MiB, 0x0000000000000000;3, 41.44 W, 41, 0 %, 49098 MiB, 0x0000000000000000;
2026-09-02T05:16:46Z,0, 40.06 W, 42, 0 %, 39726 MiB, 0x0000000000000000;1, 44.37 W, 41, 0 %, 38556 MiB, 0x0000000000000000;2, 40.45 W, 42, 0 %, 38568 MiB, 0x0000000000000000;3, 41.54 W, 41, 0 %, 49098 MiB, 0x0000000000000000;
2026-09-02T05:16:51Z,0, 39.96 W, 42, 0 %, 39726 MiB, 0x0000000000000000;1, 44.39 W, 41, 0 %, 38556 MiB, 0x0000000000000000;2, 40.56 W, 42, 0 %, 38568 MiB, 0x0000000000000000;3, 41.53 W, 41, 0 %, 49098 MiB, 0x0000000000000000;
2026-09-02T05:16:57Z,0, 40.15 W, 42, 0 %, 39726 MiB, 0x0000000000000000;1, 44.37 W, 41, 0 %, 38556 MiB, 0x0000000000000000;2, 40.47 W, 42, 0 %, 38568 MiB, 0x0000000000000000;3, 41.53 W, 41, 0 %, 49098 MiB, 0x0000000000000000;
2026-09-02T05:17:02Z,0, 40.06 W, 42, 0 %, 39726 MiB, 0x0000000000000000;1, 44.47 W, 41, 0 %, 38556 MiB, 0x0000000000000000;2, 40.75 W, 42, 0 %, 38568 MiB, 0x0000000000000000;3, 41.53 W, 41, 0 %, 49098 MiB, 0x0000000000000000;
2026-09-02T05:17:07Z,0, 40.05 W, 42, 0 %, 39726 MiB, 0x0000000000000000;1, 44.26 W, 41, 0 %, 38556 MiB, 0x0000000000000000;2, 40.55 W, 42, 0 %, 38568 MiB, 0x0000000000000000;3, 41.63 W, 41, 0 %, 49098 MiB, 0x0000000000000000;
2026-09-02T05:17:12Z,0, 40.15 W, 42, 0 %, 39726 MiB, 0x0000000000000000;1, 44.27 W, 41, 0 %, 38556 MiB, 0x0000000000000000;2, 40.35 W, 42, 0 %, 38568 MiB, 0x0000000000000000;3, 41.53 W, 41, 0 %, 49098 MiB, 0x0000000000000000;
2026-09-02T05:17:17Z,0, 40.06 W, 42, 0 %, 39726 MiB, 0x0000000000000000;1, 44.17 W, 41, 0 %, 38556 MiB, 0x0000000000000000;2, 40.35 W, 42, 0 %, 38568 MiB, 0x0000000000000000;3, 41.63 W, 41, 0 %, 49098 MiB, 0x0000000000000000;
2026-09-02T05:17:22Z,0, 40.24 W, 42, 0 %, 39726 MiB, 0x0000000000000000;1, 44.28 W, 41, 0 %, 38556 MiB, 0x0000000000000000;2, 40.35 W, 42, 0 %, 38568 MiB, 0x0000000000000000;3, 41.63 W, 41, 0 %, 49098 MiB, 0x0000000000000000;
2026-09-02T05:17:27Z,0, 39.95 W, 42, 0 %, 39726 MiB, 0x0000000000000000;1, 44.37 W, 41, 0 %, 38556 MiB, 0x0000000000000000;2, 40.36 W, 42, 0 %, 38568 MiB, 0x0000000000000000;3, 41.34 W, 41, 0 %, 49098 MiB, 0x0000000000000000;
2026-09-02T05:17:33Z,0, 39.94 W, 42, 0 %, 39726 MiB, 0x0000000000000000;1, 44.37 W, 41, 0 %, 38556 MiB, 0x0000000000000000;2, 40.35 W, 42, 0 %, 38568 MiB, 0x0000000000000000;3, 41.34 W, 41, 0 %, 49098 MiB, 0x0000000000000000;
2026-09-02T05:17:38Z,0, 40.05 W, 42, 0 %, 39726 MiB, 0x0000000000000000;1, 44.37 W, 41, 0 %, 38556 MiB, 0x0000000000000000;2, 40.55 W, 42, 0 %, 38568 MiB, 0x0000000000000000;3, 41.54 W, 41, 0 %, 49098 MiB, 0x0000000000000000;
2026-09-02T05:17:43Z,0, 39.85 W, 42, 0 %, 39726 MiB, 0x0000000000000000;1, 44.27 W, 41, 0 %, 38556 MiB, 0x0000000000000000;2, 40.45 W, 42, 0 %, 38568 MiB, 0x0000000000000000;3, 41.53 W, 41, 0 %, 49098 MiB, 0x0000000000000000;
2026-09-02T05:17:48Z,0, 40.06 W, 42, 0 %, 39726 MiB, 0x0000000000000000;1, 44.28 W, 41, 0 %, 38556 MiB, 0x0000000000000000;2, 40.36 W, 42, 0 %, 38568 MiB, 0x0000000000000000;3, 41.44 W, 41, 0 %, 49098 MiB, 0x0000000000000000;
2026-09-02T05:17:53Z,0, 40.05 W, 42, 0 %, 39726 MiB, 0x0000000000000000;1, 44.27 W, 41, 0 %, 38556 MiB, 0x0000000000000000;2, 40.56 W, 42, 0 %, 38568 MiB, 0x0000000000000000;3, 41.44 W, 41, 0 %, 49098 MiB, 0x0000000000000000;
2026-09-02T05:17:58Z,0, 39.95 W, 42, 0 %, 39726 MiB, 0x0000000000000000;1, 44.46 W, 41, 0 %, 38556 MiB, 0x0000000000000000;2, 40.56 W, 42, 0 %, 38568 MiB, 0x0000000000000000;3, 41.53 W, 41, 0 %, 49098 MiB, 0x0000000000000000;
2026-09-02T05:18:04Z,0, 39.98 W, 42, 0 %, 39726 MiB, 0x0000000000000000;1, 44.38 W, 41, 0 %, 38556 MiB, 0x0000000000000000;2, 40.46 W, 42, 0 %, 38568 MiB, 0x0000000000000000;3, 41.54 W, 41, 0 %, 49098 MiB, 0x0000000000000000;
2026-09-02T05:18:09Z,0, 40.05 W, 42, 0 %, 39726 MiB, 0x0000000000000000;1, 44.38 W, 41, 0 %, 38556 MiB, 0x0000000000000000;2, 40.56 W, 42, 0 %, 38568 MiB, 0x0000000000000000;3, 41.54 W, 41, 0 %, 49098 MiB, 0x0000000000000000;
2026-09-02T05:18:14Z,0, 40.16 W, 42, 0 %, 39726 MiB, 0x0000000000000000;1, 44.17 W, 41, 0 %, 38556 MiB, 0x0000000000000000;2, 40.45 W, 42, 0 %, 38568 MiB, 0x0000000000000000;3, 41.54 W, 41, 0 %, 49098 MiB, 0x0000000000000000;
2026-09-02T05:18:19Z,0, 40.16 W, 42, 0 %, 39726 MiB, 0x0000000000000000;1, 44.27 W, 41, 0 %, 38556 MiB, 0x0000000000000000;2, 40.35 W, 42, 0 %, 38568 MiB, 0x0000000000000000;3, 41.54 W, 41, 0 %, 49098 MiB, 0x0000000000000000;
2026-09-02T05:18:24Z,0, 40.15 W, 42, 0 %, 39726 MiB, 0x0000000000000000;1, 44.27 W, 41, 0 %, 38556 MiB, 0x0000000000000000;2, 40.45 W, 42, 0 %, 38568 MiB, 0x0000000000000000;3, 41.63 W, 41, 0 %, 49098 MiB, 0x0000000000000000;
2026-09-02T05:18:29Z,0, 40.06 W, 42, 0 %, 39726 MiB, 0x0000000000000000;1, 44.28 W, 41, 0 %, 38556 MiB, 0x0000000000000000;2, 40.35 W, 42, 0 %, 38568 MiB, 0x0000000000000000;3, 41.53 W, 41, 0 %, 49098 MiB, 0x0000000000000000;
2026-09-02T05:18:34Z,0, 39.94 W, 42, 0 %, 39726 MiB, 0x0000000000000000;1, 44.28 W, 41, 0 %, 38556 MiB, 0x0000000000000000;2, 40.36 W, 42, 0 %, 38568 MiB, 0x0000000000000000;3, 41.33 W, 41, 0 %, 49098 MiB, 0x0000000000000000;
2026-09-02T05:18:40Z,0, 40.07 W, 42, 0 %, 39726 MiB, 0x0000000000000000;1, 44.17 W, 41, 0 %, 38556 MiB, 0x0000000000000000;2, 40.35 W, 42, 0 %, 38568 MiB, 0x0000000000000000;3, 41.44 W, 41, 0 %, 49098 MiB, 0x0000000000000000;
2026-09-02T05:18:45Z,0, 39.86 W, 42, 0 %, 39726 MiB, 0x0000000000000000;1, 44.28 W, 41, 0 %, 38556 MiB, 0x0000000000000000;2, 40.35 W, 42, 0 %, 38568 MiB, 0x0000000000000000;3, 41.45 W, 41, 0 %, 49098 MiB, 0x0000000000000000;
2026-09-02T05:18:50Z,0, 39.84 W, 42, 0 %, 39726 MiB, 0x0000000000000000;1, 44.27 W, 41, 0 %, 38556 MiB, 0x0000000000000000;2, 40.35 W, 42, 0 %, 38568 MiB, 0x0000000000000000;3, 41.44 W, 41, 0 %, 49098 MiB, 0x0000000000000000;
2026-09-02T05:18:55Z,0, 39.94 W, 42, 0 %, 39726 MiB, 0x0000000000000000;1, 44.28 W, 41, 0 %, 38556 MiB, 0x0000000000000000;2, 40.56 W, 42, 0 %, 38568 MiB, 0x0000000000000000;3, 41.44 W, 41, 0 %, 49098 MiB, 0x0000000000000000;
2026-09-02T05:19:00Z,0, 40.07 W, 42, 0 %, 39726 MiB, 0x0000000000000000;1, 44.28 W, 41, 0 %, 38556 MiB, 0x0000000000000000;2, 40.35 W, 42, 0 %, 38568 MiB, 0x0000000000000000;3, 41.45 W, 41, 0 %, 49098 MiB, 0x0000000000000000;
2026-09-02T05:19:05Z,0, 40.06 W, 42, 0 %, 39726 MiB, 0x0000000000000000;1, 44.46 W, 41, 0 %, 38556 MiB, 0x0000000000000000;2, 40.55 W, 42, 0 %, 38568 MiB, 0x0000000000000000;3, 41.44 W, 41, 0 %, 49098 MiB, 0x0000000000000000;
2026-09-02T05:19:10Z,0, 40.07 W, 42, 0 %, 39726 MiB, 0x0000000000000000;1, 44.38 W, 41, 0 %, 38556 MiB, 0x0000000000000000;2, 40.35 W, 42, 0 %, 38568 MiB, 0x0000000000000000;3, 41.53 W, 41, 0 %, 49098 MiB, 0x0000000000000000;
2026-09-02T05:19:16Z,0, 39.94 W, 42, 0 %, 39726 MiB, 0x0000000000000000;1, 44.38 W, 41, 0 %, 38556 MiB, 0x0000000000000000;2, 40.56 W, 42, 0 %, 38568 MiB, 0x0000000000000000;3, 41.54 W, 41, 0 %, 49098 MiB, 0x0000000000000000;
2026-09-02T05:19:21Z,0, 40.15 W, 42, 0 %, 39726 MiB, 0x0000000000000000;1, 44.16 W, 41, 0 %, 38556 MiB, 0x0000000000000000;2, 40.47 W, 42, 0 %, 38568 MiB, 0x0000000000000000;3, 41.54 W, 41, 0 %, 49098 MiB, 0x0000000000000000;
2026-09-02T05:19:26Z,0, 40.06 W, 42, 0 %, 39726 MiB, 0x0000000000000000;1, 44.17 W, 41, 0 %, 38556 MiB, 0x0000000000000000;2, 40.35 W, 42, 0 %, 38568 MiB, 0x0000000000000000;3, 41.65 W, 41, 0 %, 49098 MiB, 0x0000000000000000;
2026-09-02T05:19:31Z,0, 40.06 W, 42, 0 %, 39726 MiB, 0x0000000000000000;1, 44.37 W, 41, 0 %, 38556 MiB, 0x0000000000000000;2, 40.36 W, 42, 0 %, 38568 MiB, 0x0000000000000000;3, 41.61 W, 41, 0 %, 49098 MiB, 0x0000000000000000;
2026-09-02T05:19:36Z,0, 40.17 W, 42, 0 %, 39726 MiB, 0x0000000000000000;1, 44.28 W, 41, 0 %, 38556 MiB, 0x0000000000000000;2, 40.35 W, 42, 0 %, 38568 MiB, 0x0000000000000000;3, 41.62 W, 41, 0 %, 49098 MiB, 0x0000000000000000;
2026-09-02T05:19:41Z,0, 40.34 W, 42, 0 %, 39726 MiB, 0x0000000000000000;1, 44.27 W, 41, 0 %, 38556 MiB, 0x0000000000000000;2, 40.36 W, 42, 0 %, 38568 MiB, 0x0000000000000000;3, 41.54 W, 41, 0 %, 49098 MiB, 0x0000000000000000;
2026-09-02T05:19:46Z,0, 39.87 W, 42, 0 %, 39726 MiB, 0x0000000000000000;1, 44.28 W, 41, 0 %, 38556 MiB, 0x0000000000000000;2, 40.35 W, 42, 0 %, 38568 MiB, 0x0000000000000000;3, 41.44 W, 41, 0 %, 49098 MiB, 0x0000000000000000;
2026-09-02T05:19:52Z,0, 39.86 W, 42, 0 %, 39726 MiB, 0x0000000000000000;1, 44.37 W, 41, 0 %, 38556 MiB, 0x0000000000000000;2, 40.55 W, 42, 0 %, 38568 MiB, 0x0000000000000000;3, 41.33 W, 41, 0 %, 49098 MiB, 0x0000000000000000;
2026-09-02T05:19:57Z,0, 39.94 W, 42, 0 %, 39726 MiB, 0x0000000000000000;1, 44.17 W, 41, 0 %, 38556 MiB, 0x0000000000000000;2, 40.46 W, 42, 0 %, 38568 MiB, 0x0000000000000000;3, 41.53 W, 41, 0 %, 49098 MiB, 0x0000000000000000;
2026-09-02T05:20:02Z,0, 40.15 W, 42, 0 %, 39726 MiB, 0x0000000000000000;1, 44.28 W, 41, 0 %, 38556 MiB, 0x0000000000000000;2, 40.35 W, 42, 0 %, 38568 MiB, 0x0000000000000000;3, 41.54 W, 41, 0 %, 49098 MiB, 0x0000000000000000;
2026-09-02T05:20:07Z,0, 40.05 W, 42, 0 %, 39726 MiB, 0x0000000000000000;1, 44.37 W, 41, 0 %, 38556 MiB, 0x0000000000000000;2, 40.35 W, 42, 0 %, 38568 MiB, 0x0000000000000000;3, 41.54 W, 41, 0 %, 49098 MiB, 0x0000000000000000;
2026-09-02T05:20:12Z,0, 39.95 W, 42, 0 %, 39726 MiB, 0x0000000000000000;1, 44.47 W, 41, 0 %, 38556 MiB, 0x0000000000000000;2, 40.56 W, 42, 0 %, 38568 MiB, 0x0000000000000000;3, 41.53 W, 41, 0 %, 49098 MiB, 0x0000000000000000;
2026-09-02T05:20:17Z,0, 40.06 W, 42, 0 %, 39726 MiB, 0x0000000000000000;1, 44.38 W, 41, 0 %, 38556 MiB, 0x0000000000000000;2, 40.36 W, 42, 0 %, 38568 MiB, 0x0000000000000000;3, 41.54 W, 41, 0 %, 49098 MiB, 0x0000000000000000;
2026-09-02T05:20:22Z,0, 40.15 W, 42, 0 %, 39726 MiB, 0x0000000000000000;1, 44.38 W, 41, 0 %, 38556 MiB, 0x0000000000000000;2, 40.56 W, 42, 0 %, 38568 MiB, 0x0000000000000000;3, 41.53 W, 41, 0 %, 49098 MiB, 0x0000000000000000;
2026-09-02T05:20:28Z,0, 40.07 W, 42, 0 %, 39726 MiB, 0x0000000000000000;1, 44.27 W, 41, 0 %, 38556 MiB, 0x0000000000000000;2, 40.94 W, 42, 0 %, 38568 MiB, 0x0000000000000000;3, 41.45 W, 41, 0 %, 49098 MiB, 0x0000000000000000;
2026-09-02T05:20:33Z,0, 40.17 W, 42, 0 %, 39726 MiB, 0x0000000000000000;1, 44.17 W, 41, 0 %, 38556 MiB, 0x0000000000000000;2, 40.35 W, 42, 0 %, 38568 MiB, 0x0000000000000000;3, 41.62 W, 41, 0 %, 49098 MiB, 0x0000000000000000;
2026-09-02T05:20:38Z,0, 40.05 W, 42, 0 %, 39726 MiB, 0x0000000000000000;1, 44.28 W, 41, 0 %, 38556 MiB, 0x0000000000000000;2, 40.26 W, 42, 0 %, 38568 MiB, 0x0000000000000000;3, 60.78 W, 42, 0 %, 49098 MiB, 0x0000000000000000;
2026-09-02T05:20:43Z,0, 40.07 W, 42, 0 %, 39726 MiB, 0x0000000000000000;1, 44.16 W, 41, 0 %, 38556 MiB, 0x0000000000000000;2, 40.46 W, 42, 0 %, 38568 MiB, 0x0000000000000000;3, 41.74 W, 41, 0 %, 49098 MiB, 0x0000000000000000;
2026-09-02T05:20:48Z,0, 39.86 W, 42, 0 %, 39726 MiB, 0x0000000000000000;1, 44.37 W, 41, 0 %, 38556 MiB, 0x0000000000000000;2, 40.35 W, 42, 0 %, 38568 MiB, 0x0000000000000000;3, 41.53 W, 41, 0 %, 49098 MiB, 0x0000000000000000;
2026-09-02T05:20:53Z,0, 39.95 W, 42, 0 %, 39726 MiB, 0x0000000000000000;1, 44.28 W, 41, 0 %, 38556 MiB, 0x0000000000000000;2, 40.26 W, 42, 0 %, 38568 MiB, 0x0000000000000000;3, 41.54 W, 41, 0 %, 49098 MiB, 0x0000000000000000;
2026-09-02T05:20:59Z,0, 40.06 W, 42, 0 %, 39726 MiB, 0x0000000000000000;1, 44.37 W, 41, 0 %, 38556 MiB, 0x0000000000000000;2, 40.45 W, 42, 0 %, 38568 MiB, 0x0000000000000000;3, 41.63 W, 41, 0 %, 49098 MiB, 0x0000000000000000;
2026-09-02T05:21:04Z,0, 39.94 W, 42, 0 %, 39726 MiB, 0x0000000000000000;1, 44.28 W, 41, 0 %, 38556 MiB, 0x0000000000000000;2, 40.45 W, 42, 0 %, 38568 MiB, 0x0000000000000000;3, 41.53 W, 41, 0 %, 49098 MiB, 0x0000000000000000;
2026-09-02T05:21:09Z,0, 40.07 W, 42, 0 %, 39726 MiB, 0x0000000000000000;1, 44.28 W, 41, 0 %, 38556 MiB, 0x0000000000000000;2, 40.45 W, 42, 0 %, 38568 MiB, 0x0000000000000000;3, 42.80 W, 42, 0 %, 49098 MiB, 0x0000000000000000;
2026-09-02T05:21:14Z,0, 39.94 W, 42, 0 %, 39726 MiB, 0x0000000000000000;1, 44.27 W, 41, 0 %, 38556 MiB, 0x0000000000000000;2, 40.35 W, 42, 0 %, 38568 MiB, 0x0000000000000000;3, 41.63 W, 41, 0 %, 49098 MiB, 0x0000000000000000;
2026-09-02T05:21:19Z,0, 39.95 W, 42, 0 %, 39726 MiB, 0x0000000000000000;1, 44.47 W, 41, 0 %, 38556 MiB, 0x0000000000000000;2, 40.36 W, 42, 0 %, 38568 MiB, 0x0000000000000000;3, 41.53 W, 41, 0 %, 49098 MiB, 0x0000000000000000;
2026-09-02T05:21:24Z,0, 40.06 W, 42, 0 %, 39726 MiB, 0x0000000000000000;1, 44.38 W, 41, 0 %, 38556 MiB, 0x0000000000000000;2, 40.45 W, 42, 0 %, 38568 MiB, 0x0000000000000000;3, 41.64 W, 41, 0 %, 49098 MiB, 0x0000000000000000;
2026-09-02T05:21:29Z,0, 39.95 W, 42, 0 %, 39726 MiB, 0x0000000000000000;1, 44.47 W, 41, 0 %, 38556 MiB, 0x0000000000000000;2, 40.56 W, 42, 0 %, 38568 MiB, 0x0000000000000000;3, 41.63 W, 41, 0 %, 49098 MiB, 0x0000000000000000;
2026-09-02T05:21:35Z,0, 40.05 W, 42, 0 %, 39726 MiB, 0x0000000000000000;1, 44.27 W, 41, 0 %, 38556 MiB, 0x0000000000000000;2, 40.55 W, 42, 0 %, 38568 MiB, 0x0000000000000000;3, 61.34 W, 42, 58 %, 49098 MiB, 0x0000000000000000;
2026-09-02T05:21:40Z,0, 40.06 W, 42, 0 %, 39726 MiB, 0x0000000000000000;1, 44.28 W, 41, 0 %, 38556 MiB, 0x0000000000000000;2, 40.26 W, 42, 0 %, 38568 MiB, 0x0000000000000000;3, 41.74 W, 41, 7 %, 52736 MiB, 0x0000000000000000;
2026-09-02T05:21:45Z,0, 40.17 W, 42, 0 %, 39740 MiB, 0x0000000000000000;1, 44.28 W, 41, 0 %, 38554 MiB, 0x0000000000000000;2, 40.45 W, 42, 0 %, 38566 MiB, 0x0000000000000000;3, 41.85 W, 41, 0 %, 47878 MiB, 0x0000000000000000;
2026-09-02T05:21:50Z,0, 40.07 W, 42, 0 %, 39820 MiB, 0x0000000000000000;1, 44.29 W, 41, 0 %, 38554 MiB, 0x0000000000000000;2, 40.35 W, 42, 0 %, 38582 MiB, 0x0000000000000000;3, 41.74 W, 41, 0 %, 47894 MiB, 0x0000000000000000;
2026-09-02T05:21:55Z,0, 39.97 W, 42, 0 %, 39820 MiB, 0x0000000000000000;1, 44.19 W, 41, 0 %, 38554 MiB, 0x0000000000000000;2, 40.36 W, 42, 0 %, 38582 MiB, 0x0000000000000000;3, 41.55 W, 41, 0 %, 47894 MiB, 0x0000000000000000;
2026-09-02T05:22:00Z,0, 39.96 W, 42, 0 %, 39820 MiB, 0x0000000000000000;1, 44.28 W, 41, 0 %, 38554 MiB, 0x0000000000000000;2, 40.35 W, 42, 0 %, 38582 MiB, 0x0000000000000000;3, 41.54 W, 41, 0 %, 47894 MiB, 0x0000000000000000;
2026-09-02T05:22:05Z,0, 40.07 W, 42, 0 %, 39820 MiB, 0x0000000000000000;1, 44.29 W, 41, 0 %, 38554 MiB, 0x0000000000000000;2, 40.36 W, 42, 0 %, 38582 MiB, 0x0000000000000000;3, 41.54 W, 41, 0 %, 47894 MiB, 0x0000000000000000;
2026-09-02T05:22:11Z,0, 40.07 W, 42, 0 %, 40562 MiB, 0x0000000000000000;1, 44.28 W, 41, 0 %, 39296 MiB, 0x0000000000000000;2, 40.45 W, 42, 0 %, 39366 MiB, 0x0000000000000000;3, 41.53 W, 41, 0 %, 48634 MiB, 0x0000000000000000;
2026-09-02T05:22:16Z,0, 40.16 W, 42, 0 %, 40658 MiB, 0x0000000000000000;1, 44.46 W, 41, 0 %, 39616 MiB, 0x0000000000000000;2, 40.56 W, 42, 0 %, 39564 MiB, 0x0000000000000000;3, 41.62 W, 41, 0 %, 50226 MiB, 0x0000000000000000;
2026-09-02T05:22:21Z,0, 40.05 W, 42, 0 %, 40658 MiB, 0x0000000000000000;1, 44.37 W, 41, 0 %, 39616 MiB, 0x0000000000000000;2, 40.45 W, 42, 0 %, 39564 MiB, 0x0000000000000000;3, 41.72 W, 41, 0 %, 50226 MiB, 0x0000000000000000;
2026-09-02T05:22:26Z,0, 40.06 W, 42, 0 %, 48948 MiB, 0x0000000000000000;1, 44.48 W, 41, 0 %, 48030 MiB, 0x0000000000000000;2, 40.56 W, 42, 0 %, 49526 MiB, 0x0000000000000000;3, 41.54 W, 41, 0 %, 58292 MiB, 0x0000000000000000;
2026-09-02T05:22:31Z,0, 40.16 W, 42, 0 %, 48948 MiB, 0x0000000000000000;1, 44.38 W, 41, 0 %, 48030 MiB, 0x0000000000000000;2, 40.56 W, 42, 0 %, 49526 MiB, 0x0000000000000000;3, 41.64 W, 41, 0 %, 58292 MiB, 0x0000000000000000;
2026-09-02T05:22:36Z,0, 40.06 W, 42, 0 %, 48948 MiB, 0x0000000000000000;1, 44.66 W, 41, 0 %, 48030 MiB, 0x0000000000000000;2, 40.76 W, 42, 0 %, 49526 MiB, 0x0000000000000000;3, 41.72 W, 41, 0 %, 58292 MiB, 0x0000000000000000;
2026-09-02T05:22:41Z,0, 40.17 W, 42, 0 %, 48948 MiB, 0x0000000000000000;1, 44.28 W, 41, 0 %, 48030 MiB, 0x0000000000000000;2, 40.56 W, 42, 0 %, 49526 MiB, 0x0000000000000000;3, 41.84 W, 41, 0 %, 58292 MiB, 0x0000000000000000;
2026-09-02T05:22:47Z,0, 40.06 W, 42, 0 %, 48948 MiB, 0x0000000000000000;1, 44.28 W, 41, 0 %, 48030 MiB, 0x0000000000000000;2, 40.35 W, 42, 0 %, 49526 MiB, 0x0000000000000000;3, 41.63 W, 41, 0 %, 58292 MiB, 0x0000000000000000;
2026-09-02T05:22:52Z,0, 40.34 W, 42, 0 %, 48948 MiB, 0x0000000000000000;1, 44.28 W, 41, 0 %, 48030 MiB, 0x0000000000000000;2, 40.36 W, 42, 0 %, 49526 MiB, 0x0000000000000000;3, 41.54 W, 41, 0 %, 58292 MiB, 0x0000000000000000;
2026-09-02T05:22:57Z,0, 40.15 W, 42, 0 %, 49038 MiB, 0x0000000000000000;1, 44.38 W, 41, 0 %, 48030 MiB, 0x0000000000000000;2, 40.35 W, 42, 0 %, 49526 MiB, 0x0000000000000000;3, 41.63 W, 41, 0 %, 58292 MiB, 0x0000000000000000;
2026-09-02T05:23:02Z,0, 39.97 W, 42, 0 %, 49038 MiB, 0x0000000000000000;1, 44.38 W, 41, 0 %, 48030 MiB, 0x0000000000000000;2, 40.47 W, 42, 0 %, 49526 MiB, 0x0000000000000000;3, 41.53 W, 41, 0 %, 58292 MiB, 0x0000000000000000;
2026-09-02T05:23:07Z,0, 40.16 W, 42, 0 %, 50312 MiB, 0x0000000000000000;1, 44.47 W, 41, 0 %, 48030 MiB, 0x0000000000000000;2, 40.47 W, 42, 0 %, 49526 MiB, 0x0000000000000000;3, 41.53 W, 41, 0 %, 58292 MiB, 0x0000000000000000;
2026-09-02T05:23:12Z,0, 40.05 W, 42, 0 %, 50332 MiB, 0x0000000000000000;1, 44.38 W, 41, 0 %, 48092 MiB, 0x0000000000000000;2, 40.35 W, 42, 0 %, 49526 MiB, 0x0000000000000000;3, 41.54 W, 41, 0 %, 58292 MiB, 0x0000000000000000;
2026-09-02T05:23:17Z,0, 40.05 W, 42, 0 %, 50332 MiB, 0x0000000000000000;1, 44.37 W, 41, 0 %, 49428 MiB, 0x0000000000000000;2, 41.14 W, 42, 0 %, 49632 MiB, 0x0000000000000000;3, 41.54 W, 41, 0 %, 58292 MiB, 0x0000000000000000;
2026-09-02T05:23:23Z,0, 40.06 W, 42, 0 %, 50332 MiB, 0x0000000000000000;1, 44.47 W, 41, 0 %, 49428 MiB, 0x0000000000000000;2, 40.45 W, 42, 0 %, 49654 MiB, 0x0000000000000000;3, 41.44 W, 41, 0 %, 58292 MiB, 0x0000000000000000;
2026-09-02T05:23:28Z,0, 39.95 W, 42, 0 %, 50332 MiB, 0x0000000000000000;1, 44.28 W, 41, 0 %, 49428 MiB, 0x0000000000000000;2, 40.46 W, 42, 0 %, 50924 MiB, 0x0000000000000000;3, 41.63 W, 41, 0 %, 58354 MiB, 0x0000000000000000;
2026-09-02T05:23:33Z,0, 57.87 W, 43, 100 %, 50348 MiB, 0x0000000000000000;1, 74.75 W, 42, 100 %, 49444 MiB, 0x0000000000000000;2, 58.53 W, 43, 100 %, 50940 MiB, 0x0000000000000000;3, 41.52 W, 41, 0 %, 59690 MiB, 0x0000000000000000;
2026-09-02T05:23:38Z,0, 40.06 W, 42, 0 %, 50350 MiB, 0x0000000000000000;1, 44.67 W, 41, 0 %, 49444 MiB, 0x0000000000000000;2, 40.56 W, 42, 0 %, 50940 MiB, 0x0000000000000000;3, 41.44 W, 41, 0 %, 59694 MiB, 0x0000000000000000;
2026-09-02T05:23:43Z,0, 40.07 W, 42, 0 %, 50350 MiB, 0x0000000000000000;1, 44.56 W, 41, 0 %, 49444 MiB, 0x0000000000000000;2, 40.56 W, 42, 0 %, 50940 MiB, 0x0000000000000000;3, 41.54 W, 41, 0 %, 59694 MiB, 0x0000000000000000;
2026-09-02T05:23:48Z,0, 40.25 W, 42, 0 %, 50350 MiB, 0x0000000000000000;1, 44.38 W, 41, 0 %, 49444 MiB, 0x0000000000000000;2, 40.56 W, 42, 0 %, 50940 MiB, 0x0000000000000000;3, 41.54 W, 41, 0 %, 59694 MiB, 0x0000000000000000;
2026-09-02T05:23:54Z,0, 40.15 W, 42, 0 %, 50350 MiB, 0x0000000000000000;1, 44.37 W, 41, 0 %, 49444 MiB, 0x0000000000000000;2, 40.36 W, 42, 0 %, 50940 MiB, 0x0000000000000000;3, 41.72 W, 41, 0 %, 59694 MiB, 0x0000000000000000;
2026-09-02T05:23:59Z,0, 40.17 W, 42, 2 %, 50350 MiB, 0x0000000000000000;1, 44.38 W, 41, 0 %, 49444 MiB, 0x0000000000000000;2, 40.35 W, 42, 0 %, 50940 MiB, 0x0000000000000000;3, 41.52 W, 41, 0 %, 59694 MiB, 0x0000000000000000;
2026-09-02T05:24:04Z,0, 58.06 W, 44, 100 %, 50350 MiB, 0x0000000000000000;1, 74.94 W, 43, 100 %, 49448 MiB, 0x0000000000000000;2, 58.61 W, 43, 100 %, 50944 MiB, 0x0000000000000000;3, 41.60 W, 41, 0 %, 59694 MiB, 0x0000000000000000;
2026-09-02T05:24:09Z,0, 46.66 W, 43, 10 %, 50480 MiB, 0x0000000000000000;1, 44.56 W, 42, 0 %, 49578 MiB, 0x0000000000000000;2, 40.54 W, 42, 0 %, 51074 MiB, 0x0000000000000000;3, 41.34 W, 41, 0 %, 59784 MiB, 0x0000000000000000;
2026-09-02T05:24:14Z,0, 41.51 W, 43, 2 %, 50492 MiB, 0x0000000000000000;1, 44.67 W, 42, 0 %, 49590 MiB, 0x0000000000000000;2, 40.66 W, 42, 0 %, 51054 MiB, 0x0000000000000000;3, 41.74 W, 41, 1 %, 59852 MiB, 0x0000000000000000;
2026-09-02T05:24:19Z,0, 53.42 W, 43, 4 %, 50562 MiB, 0x0000000000000000;1, 63.41 W, 42, 15 %, 49686 MiB, 0x0000000000000000;2, 41.03 W, 43, 12 %, 51218 MiB, 0x0000000000000000;3, 42.02 W, 41, 16 %, 59984 MiB, 0x0000000000000000;
2026-09-02T05:24:24Z,0, 58.52 W, 44, 100 %, 50604 MiB, 0x0000000000000000;1, 75.29 W, 44, 100 %, 49700 MiB, 0x0000000000000000;2, 58.91 W, 44, 100 %, 51196 MiB, 0x0000000000000000;3, 41.51 W, 41, 0 %, 59992 MiB, 0x0000000000000000;
2026-09-02T05:24:30Z,0, 58.54 W, 44, 100 %, 50604 MiB, 0x0000000000000000;1, 75.58 W, 44, 100 %, 49700 MiB, 0x0000000000000000;2, 59.00 W, 44, 100 %, 51196 MiB, 0x0000000000000000;3, 41.90 W, 41, 0 %, 59992 MiB, 0x0000000000000000;
2026-09-02T05:24:35Z,0, 58.71 W, 44, 100 %, 50604 MiB, 0x0000000000000000;1, 75.88 W, 45, 100 %, 49700 MiB, 0x0000000000000000;2, 59.18 W, 44, 100 %, 51196 MiB, 0x0000000000000000;3, 41.69 W, 41, 0 %, 59992 MiB, 0x0000000000000000;
2026-09-02T05:24:40Z,0, 58.82 W, 45, 100 %, 50604 MiB, 0x0000000000000000;1, 76.19 W, 45, 100 %, 49700 MiB, 0x0000000000000000;2, 59.19 W, 44, 100 %, 51196 MiB, 0x0000000000000000;3, 41.60 W, 41, 0 %, 59992 MiB, 0x0000000000000000;
2026-09-02T05:24:45Z,0, 58.82 W, 45, 100 %, 50604 MiB, 0x0000000000000000;1, 76.28 W, 45, 100 %, 49700 MiB, 0x0000000000000000;2, 59.27 W, 44, 100 %, 51196 MiB, 0x0000000000000000;3, 41.60 W, 41, 0 %, 59992 MiB, 0x0000000000000000;
2026-09-02T05:24:50Z,0, 58.95 W, 45, 100 %, 50604 MiB, 0x0000000000000000;1, 76.47 W, 46, 100 %, 49700 MiB, 0x0000000000000000;2, 59.29 W, 45, 100 %, 51196 MiB, 0x0000000000000000;3, 41.60 W, 41, 0 %, 59992 MiB, 0x0000000000000000;
2026-09-02T05:24:55Z,0, 59.12 W, 45, 100 %, 50604 MiB, 0x0000000000000000;1, 76.57 W, 46, 100 %, 49700 MiB, 0x0000000000000000;2, 59.39 W, 45, 100 %, 51196 MiB, 0x0000000000000000;3, 41.69 W, 41, 0 %, 59992 MiB, 0x0000000000000000;
2026-09-02T05:25:01Z,0, 59.12 W, 45, 100 %, 50604 MiB, 0x0000000000000000;1, 76.86 W, 46, 100 %, 49700 MiB, 0x0000000000000000;2, 59.50 W, 45, 100 %, 51196 MiB, 0x0000000000000000;3, 41.51 W, 41, 0 %, 59992 MiB, 0x0000000000000000;
2026-09-02T05:25:06Z,0, 59.14 W, 45, 100 %, 50604 MiB, 0x0000000000000000;1, 76.88 W, 46, 100 %, 49700 MiB, 0x0000000000000000;2, 59.49 W, 45, 100 %, 51196 MiB, 0x0000000000000000;3, 41.61 W, 41, 0 %, 59992 MiB, 0x0000000000000000;
2026-09-02T05:25:11Z,0, 59.12 W, 45, 100 %, 50604 MiB, 0x0000000000000000;1, 76.93 W, 46, 100 %, 49700 MiB, 0x0000000000000000;2, 59.55 W, 45, 100 %, 51196 MiB, 0x0000000000000000;3, 41.60 W, 41, 0 %, 59992 MiB, 0x0000000000000000;
2026-09-02T05:25:16Z,0, 59.30 W, 46, 100 %, 50604 MiB, 0x0000000000000000;1, 77.16 W, 47, 100 %, 49700 MiB, 0x0000000000000000;2, 59.67 W, 45, 100 %, 51196 MiB, 0x0000000000000000;3, 41.49 W, 41, 0 %, 59992 MiB, 0x0000000000000000;
2026-09-02T05:25:21Z,0, 59.20 W, 46, 100 %, 50604 MiB, 0x0000000000000000;1, 77.21 W, 47, 100 %, 49700 MiB, 0x0000000000000000;2, 59.66 W, 45, 100 %, 51196 MiB, 0x0000000000000000;3, 41.51 W, 41, 0 %, 59992 MiB, 0x0000000000000000;
2026-09-02T05:25:26Z,0, 59.30 W, 46, 100 %, 50604 MiB, 0x0000000000000000;1, 77.45 W, 47, 100 %, 49700 MiB, 0x0000000000000000;2, 59.69 W, 45, 100 %, 51196 MiB, 0x0000000000000000;3, 41.51 W, 41, 0 %, 59992 MiB, 0x0000000000000000;
2026-09-02T05:25:31Z,0, 59.40 W, 46, 100 %, 50604 MiB, 0x0000000000000000;1, 77.36 W, 47, 100 %, 49700 MiB, 0x0000000000000000;2, 59.67 W, 46, 100 %, 51196 MiB, 0x0000000000000000;3, 41.41 W, 41, 0 %, 59992 MiB, 0x0000000000000000;
2026-09-02T05:25:37Z,0, 59.43 W, 46, 100 %, 50604 MiB, 0x0000000000000000;1, 77.55 W, 47, 100 %, 49700 MiB, 0x0000000000000000;2, 59.88 W, 46, 100 %, 51196 MiB, 0x0000000000000000;3, 41.51 W, 41, 0 %, 59992 MiB, 0x0000000000000000;
2026-09-02T05:25:42Z,0, 59.41 W, 46, 100 %, 50604 MiB, 0x0000000000000000;1, 77.74 W, 47, 100 %, 49700 MiB, 0x0000000000000000;2, 59.75 W, 46, 100 %, 51196 MiB, 0x0000000000000000;3, 41.51 W, 41, 0 %, 59992 MiB, 0x0000000000000000;
2026-09-02T05:25:47Z,0, 59.53 W, 46, 100 %, 50604 MiB, 0x0000000000000000;1, 77.74 W, 47, 100 %, 49700 MiB, 0x0000000000000000;2, 59.87 W, 46, 100 %, 51196 MiB, 0x0000000000000000;3, 41.60 W, 41, 0 %, 59992 MiB, 0x0000000000000000;
2026-09-02T05:25:52Z,0, 59.59 W, 46, 100 %, 50604 MiB, 0x0000000000000000;1, 77.82 W, 47, 100 %, 49700 MiB, 0x0000000000000000;2, 59.85 W, 46, 100 %, 51196 MiB, 0x0000000000000000;3, 41.60 W, 41, 0 %, 59992 MiB, 0x0000000000000000;
2026-09-02T05:25:57Z,0, 59.60 W, 46, 100 %, 50604 MiB, 0x0000000000000000;1, 77.84 W, 48, 100 %, 49700 MiB, 0x0000000000000000;2, 59.97 W, 46, 100 %, 51196 MiB, 0x0000000000000000;3, 41.51 W, 41, 0 %, 59992 MiB, 0x0000000000000000;
2026-09-02T05:26:02Z,0, 59.60 W, 46, 100 %, 50604 MiB, 0x0000000000000000;1, 77.94 W, 48, 100 %, 49700 MiB, 0x0000000000000000;2, 59.97 W, 46, 100 %, 51196 MiB, 0x0000000000000000;3, 41.61 W, 41, 0 %, 59992 MiB, 0x0000000000000000;
2026-09-02T05:26:07Z,0, 59.69 W, 46, 100 %, 50604 MiB, 0x0000000000000000;1, 75.78 W, 48, 100 %, 49700 MiB, 0x0000000000000000;2, 59.95 W, 46, 100 %, 51196 MiB, 0x0000000000000000;3, 41.71 W, 41, 0 %, 59992 MiB, 0x0000000000000000;
2026-09-02T05:26:13Z,0, 59.69 W, 46, 100 %, 50604 MiB, 0x0000000000000000;1, 75.88 W, 48, 100 %, 49700 MiB, 0x0000000000000000;2, 59.95 W, 46, 100 %, 51196 MiB, 0x0000000000000000;3, 41.70 W, 41, 0 %, 59992 MiB, 0x0000000000000000;
2026-09-02T05:26:18Z,0, 59.69 W, 47, 100 %, 50604 MiB, 0x0000000000000000;1, 75.00 W, 48, 100 %, 49700 MiB, 0x0000000000000000;2, 60.04 W, 46, 100 %, 51196 MiB, 0x0000000000000000;3, 41.60 W, 41, 0 %, 59992 MiB, 0x0000000000000000;
2026-09-02T05:26:23Z,0, 59.51 W, 47, 100 %, 50604 MiB, 0x0000000000000000;1, 75.89 W, 48, 100 %, 49700 MiB, 0x0000000000000000;2, 60.04 W, 46, 100 %, 51196 MiB, 0x0000000000000000;3, 41.41 W, 41, 0 %, 59994 MiB, 0x0000000000000000;
2026-09-02T05:26:28Z,0, 58.73 W, 47, 100 %, 50604 MiB, 0x0000000000000000;1, 75.88 W, 48, 100 %, 49700 MiB, 0x0000000000000000;2, 60.05 W, 46, 100 %, 51196 MiB, 0x0000000000000000;3, 41.50 W, 41, 0 %, 59994 MiB, 0x0000000000000000;
2026-09-02T05:26:33Z,0, 59.51 W, 47, 100 %, 50604 MiB, 0x0000000000000000;1, 75.90 W, 48, 100 %, 49700 MiB, 0x0000000000000000;2, 60.07 W, 46, 100 %, 51196 MiB, 0x0000000000000000;3, 41.51 W, 41, 0 %, 59994 MiB, 0x0000000000000000;
2026-09-02T05:26:38Z,0, 41.02 W, 46, 0 %, 50606 MiB, 0x0000000000000000;1, 46.24 W, 46, 0 %, 49700 MiB, 0x0000000000000000;2, 41.42 W, 45, 0 %, 51196 MiB, 0x0000000000000000;3, 41.53 W, 41, 0 %, 59998 MiB, 0x0000000000000000;
2026-09-02T05:26:43Z,0, 40.92 W, 45, 0 %, 50606 MiB, 0x0000000000000000;1, 46.24 W, 45, 0 %, 49700 MiB, 0x0000000000000000;2, 41.62 W, 45, 0 %, 51196 MiB, 0x0000000000000000;3, 41.53 W, 41, 0 %, 59998 MiB, 0x0000000000000000;
2026-09-02T05:26:49Z,0, 40.94 W, 45, 0 %, 50606 MiB, 0x0000000000000000;1, 45.85 W, 45, 0 %, 49700 MiB, 0x0000000000000000;2, 41.24 W, 45, 0 %, 51196 MiB, 0x0000000000000000;3, 41.63 W, 41, 0 %, 59998 MiB, 0x0000000000000000;
2026-09-02T05:26:54Z,0, 40.83 W, 45, 0 %, 50606 MiB, 0x0000000000000000;1, 45.83 W, 44, 0 %, 49700 MiB, 0x0000000000000000;2, 41.24 W, 44, 0 %, 51196 MiB, 0x0000000000000000;3, 41.54 W, 41, 0 %, 59998 MiB, 0x0000000000000000;
2026-09-02T05:26:59Z,0, 40.83 W, 45, 0 %, 50606 MiB, 0x0000000000000000;1, 45.75 W, 44, 0 %, 49700 MiB, 0x0000000000000000;2, 41.22 W, 44, 0 %, 51196 MiB, 0x0000000000000000;3, 41.54 W, 41, 0 %, 59998 MiB, 0x0000000000000000;
2026-09-02T05:27:04Z,0, 40.83 W, 45, 0 %, 50606 MiB, 0x0000000000000000;1, 45.85 W, 44, 0 %, 49700 MiB, 0x0000000000000000;2, 41.03 W, 44, 0 %, 51196 MiB, 0x0000000000000000;3, 41.53 W, 41, 0 %, 59998 MiB, 0x0000000000000000;
2026-09-02T05:27:09Z,0, 40.74 W, 44, 0 %, 50634 MiB, 0x0000000000000000;1, 45.36 W, 44, 0 %, 49728 MiB, 0x0000000000000000;2, 41.04 W, 44, 0 %, 51224 MiB, 0x0000000000000000;3, 41.63 W, 41, 0 %, 60026 MiB, 0x0000000000000000;
2026-09-02T05:27:14Z,0, 40.84 W, 44, 0 %, 51266 MiB, 0x0000000000000000;1, 45.25 W, 44, 0 %, 50232 MiB, 0x0000000000000000;2, 40.94 W, 44, 0 %, 51792 MiB, 0x0000000000000000;3, 41.75 W, 41, 0 %, 60530 MiB, 0x0000000000000000;
2026-09-02T05:27:20Z,0, 55.17 W, 46, 0 %, 51304 MiB, 0x0000000000000000;1, 68.50 W, 46, 0 %, 50270 MiB, 0x0000000000000000;2, 55.73 W, 46, 0 %, 51830 MiB, 0x0000000000000000;3, 57.92 W, 44, 97 %, 60568 MiB, 0x0000000000000000;
2026-09-02T05:27:25Z,0, 91.00 W, 47, 95 %, 51308 MiB, 0x0000000000000000;1, 144.11 W, 47, 94 %, 50276 MiB, 0x0000000000000000;2, 116.41 W, 47, 95 %, 51836 MiB, 0x0000000000000000;3, 79.41 W, 44, 12 %, 60576 MiB, 0x0000000000000000;
2026-09-02T05:27:30Z,0, 120.00 W, 48, 89 %, 51308 MiB, 0x0000000000000000;1, 144.06 W, 49, 83 %, 50276 MiB, 0x0000000000000000;2, 101.07 W, 48, 60 %, 51836 MiB, 0x0000000000000000;3, 107.45 W, 46, 44 %, 60576 MiB, 0x0000000000000000;
2026-09-02T05:27:35Z,0, 69.36 W, 49, 89 %, 51308 MiB, 0x0000000000000000;1, 91.79 W, 49, 85 %, 50276 MiB, 0x0000000000000000;2, 104.50 W, 48, 68 %, 51836 MiB, 0x0000000000000000;3, 152.41 W, 47, 52 %, 60576 MiB, 0x0000000000000000;
2026-09-02T05:27:40Z,0, 93.83 W, 49, 87 %, 51308 MiB, 0x0000000000000000;1, 95.39 W, 50, 85 %, 50276 MiB, 0x0000000000000000;2, 89.91 W, 49, 69 %, 51836 MiB, 0x0000000000000000;3, 81.11 W, 48, 48 %, 60576 MiB, 0x0000000000000000;
2026-09-02T05:27:45Z,0, 83.04 W, 49, 87 %, 51308 MiB, 0x0000000000000000;1, 92.95 W, 50, 83 %, 50276 MiB, 0x0000000000000000;2, 73.91 W, 49, 66 %, 51836 MiB, 0x0000000000000000;3, 83.98 W, 48, 48 %, 60576 MiB, 0x0000000000000000;
2026-09-02T05:27:50Z,0, 41.60 W, 47, 0 %, 51308 MiB, 0x0000000000000000;1, 46.82 W, 47, 0 %, 50276 MiB, 0x0000000000000000;2, 41.71 W, 47, 0 %, 51836 MiB, 0x0000000000000000;3, 42.83 W, 45, 0 %, 60576 MiB, 0x0000000000000000;
2026-09-02T05:27:56Z,0, 96.85 W, 51, 100 %, 51308 MiB, 0x0000000000000000;1, 148.88 W, 52, 99 %, 50276 MiB, 0x0000000000000000;2, 110.66 W, 51, 100 %, 51836 MiB, 0x0000000000000000;3, 163.65 W, 50, 84 %, 60576 MiB, 0x0000000000000004;
2026-09-02T05:28:01Z,0, 69.85 W, 51, 88 %, 51308 MiB, 0x0000000000000000;1, 134.65 W, 51, 81 %, 50276 MiB, 0x0000000000000000;2, 69.87 W, 50, 67 %, 51836 MiB, 0x0000000000000000;3, 88.03 W, 50, 43 %, 60576 MiB, 0x0000000000000000;
2026-09-02T05:28:06Z,0, 108.99 W, 53, 100 %, 51308 MiB, 0x0000000000000000;1, 143.61 W, 54, 100 %, 50276 MiB, 0x0000000000000000;2, 98.84 W, 52, 100 %, 51836 MiB, 0x0000000000000000;3, 183.80 W, 53, 89 %, 60576 MiB, 0x0000000000000000;
2026-09-02T05:28:11Z,0, 86.13 W, 51, 89 %, 51308 MiB, 0x0000000000000000;1, 82.77 W, 51, 87 %, 50276 MiB, 0x0000000000000004;2, 121.52 W, 50, 72 %, 51836 MiB, 0x0000000000000000;3, 79.18 W, 51, 55 %, 60576 MiB, 0x0000000000000004;
2026-09-02T05:28:16Z,0, 57.58 W, 50, 0 %, 51308 MiB, 0x0000000000000000;1, 74.20 W, 51, 0 %, 50276 MiB, 0x0000000000000000;2, 57.72 W, 50, 0 %, 51836 MiB, 0x0000000000000000;3, 65.83 W, 50, 0 %, 60576 MiB, 0x0000000000000000;
2026-09-02T05:28:21Z,0, 114.05 W, 54, 100 %, 51308 MiB, 0x0000000000000000;1, 141.35 W, 55, 100 %, 50276 MiB, 0x0000000000000000;2, 105.10 W, 53, 100 %, 51836 MiB, 0x0000000000000000;3, 192.75 W, 54, 90 %, 60576 MiB, 0x0000000000000004;
2026-09-02T05:28:27Z,0, 58.25 W, 52, 0 %, 51308 MiB, 0x0000000000000000;1, 74.40 W, 52, 0 %, 50276 MiB, 0x0000000000000000;2, 57.92 W, 51, 0 %, 51836 MiB, 0x0000000000000000;3, 66.79 W, 51, 0 %, 60576 MiB, 0x0000000000000000;
2026-09-02T05:28:32Z,0, 94.82 W, 53, 100 %, 51308 MiB, 0x0000000000000000;1, 210.56 W, 53, 100 %, 50276 MiB, 0x0000000000000000;2, 123.11 W, 51, 83 %, 51836 MiB, 0x0000000000000000;3, 123.36 W, 51, 97 %, 60576 MiB, 0x0000000000000004;
2026-09-02T05:28:37Z,0, 138.03 W, 55, 100 %, 51308 MiB, 0x0000000000000000;1, 94.36 W, 56, 100 %, 50276 MiB, 0x0000000000000004;2, 144.71 W, 54, 97 %, 51836 MiB, 0x0000000000000000;3, 216.90 W, 55, 87 %, 60576 MiB, 0x0000000000000004;
2026-09-02T05:28:42Z,0, 111.38 W, 55, 100 %, 51308 MiB, 0x0000000000000000;1, 185.38 W, 55, 100 %, 50276 MiB, 0x0000000000000004;2, 175.37 W, 54, 96 %, 51836 MiB, 0x0000000000000004;3, 138.07 W, 55, 88 %, 60576 MiB, 0x0000000000000004;
2026-09-02T05:28:47Z,0, 131.76 W, 56, 100 %, 51308 MiB, 0x0000000000000000;1, 193.70 W, 56, 100 %, 50276 MiB, 0x0000000000000004;2, 86.88 W, 55, 99 %, 51836 MiB, 0x0000000000000000;3, 108.11 W, 55, 87 %, 60576 MiB, 0x0000000000000004;
2026-09-02T05:28:52Z,0, 59.49 W, 54, 0 %, 51308 MiB, 0x0000000000000000;1, 76.91 W, 54, 31 %, 50276 MiB, 0x0000000000000000;2, 59.06 W, 53, 21 %, 51836 MiB, 0x0000000000000000;3, 67.38 W, 53, 19 %, 60576 MiB, 0x0000000000000000;
2026-09-02T05:28:57Z,0, 169.58 W, 57, 100 %, 51308 MiB, 0x0000000000000000;1, 176.69 W, 58, 100 %, 50276 MiB, 0x0000000000000004;2, 123.43 W, 56, 100 %, 51836 MiB, 0x0000000000000000;3, 194.08 W, 57, 100 %, 60576 MiB, 0x0000000000000004;
2026-09-02T05:29:03Z,0, 59.53 W, 54, 0 %, 51308 MiB, 0x0000000000000000;1, 74.20 W, 54, 0 %, 50276 MiB, 0x0000000000000000;2, 59.37 W, 53, 0 %, 51836 MiB, 0x0000000000000000;3, 67.84 W, 54, 0 %, 60576 MiB, 0x0000000000000000;
2026-09-02T05:29:08Z,0, 88.21 W, 57, 100 %, 51308 MiB, 0x0000000000000000;1, 201.49 W, 57, 100 %, 50276 MiB, 0x0000000000000004;2, 206.58 W, 56, 96 %, 51836 MiB, 0x0000000000000000;3, 81.89 W, 56, 88 %, 60576 MiB, 0x0000000000000004;
2026-09-02T05:29:13Z,0, 141.45 W, 56, 88 %, 51308 MiB, 0x0000000000000000;1, 120.13 W, 56, 84 %, 50276 MiB, 0x0000000000000000;2, 92.49 W, 55, 68 %, 51836 MiB, 0x0000000000000000;3, 140.12 W, 55, 51 %, 60576 MiB, 0x0000000000000000;
2026-09-02T05:29:18Z,0, 43.92 W, 53, 0 %, 51308 MiB, 0x0000000000000000;1, 49.16 W, 51, 0 %, 50276 MiB, 0x0000000000000000;2, 43.65 W, 52, 0 %, 51836 MiB, 0x0000000000000000;3, 44.98 W, 51, 0 %, 60576 MiB, 0x0000000000000000;
2026-09-02T05:29:23Z,0, 145.71 W, 58, 100 %, 51308 MiB, 0x0000000000000004;1, 207.55 W, 58, 100 %, 50276 MiB, 0x0000000000000004;2, 85.61 W, 58, 100 %, 51836 MiB, 0x0000000000000004;3, 104.75 W, 58, 100 %, 60576 MiB, 0x0000000000000004;
2026-09-02T05:29:28Z,0, 115.68 W, 58, 100 %, 51308 MiB, 0x0000000000000004;1, 82.96 W, 57, 100 %, 50276 MiB, 0x0000000000000004;2, 181.51 W, 57, 100 %, 51836 MiB, 0x0000000000000004;3, 213.49 W, 57, 100 %, 60576 MiB, 0x0000000000000004;
2026-09-02T05:29:33Z,0, 76.56 W, 57, 34 %, 51308 MiB, 0x0000000000000000;1, 79.52 W, 56, 82 %, 50276 MiB, 0x0000000000000000;2, 62.33 W, 56, 52 %, 51836 MiB, 0x0000000000000000;3, 93.01 W, 56, 57 %, 60576 MiB, 0x0000000000000000;
2026-09-02T05:29:39Z,0, 201.13 W, 60, 100 %, 51308 MiB, 0x0000000000000004;1, 142.06 W, 59, 100 %, 50276 MiB, 0x0000000000000004;2, 148.35 W, 59, 100 %, 51836 MiB, 0x0000000000000004;3, 170.12 W, 58, 100 %, 60576 MiB, 0x0000000000000004;
2026-09-02T05:29:44Z,0, 175.61 W, 61, 100 %, 51308 MiB, 0x0000000000000000;1, 191.26 W, 60, 100 %, 50276 MiB, 0x0000000000000004;2, 142.70 W, 60, 100 %, 51836 MiB, 0x0000000000000000;3, 117.51 W, 59, 100 %, 60576 MiB, 0x0000000000000004;
2026-09-02T05:29:49Z,0, 61.88 W, 58, 0 %, 51308 MiB, 0x0000000000000000;1, 75.27 W, 56, 0 %, 50276 MiB, 0x0000000000000000;2, 61.11 W, 56, 0 %, 51836 MiB, 0x0000000000000000;3, 67.63 W, 56, 0 %, 60576 MiB, 0x0000000000000000;
2026-09-02T05:29:54Z,0, 188.34 W, 61, 100 %, 51308 MiB, 0x0000000000000004;1, 84.79 W, 60, 100 %, 50276 MiB, 0x0000000000000004;2, 172.03 W, 60, 100 %, 51836 MiB, 0x0000000000000004;3, 211.58 W, 58, 100 %, 60576 MiB, 0x0000000000000004;
2026-09-02T05:29:59Z,0, 155.98 W, 61, 100 %, 51308 MiB, 0x0000000000000004;1, 82.94 W, 60, 100 %, 50276 MiB, 0x0000000000000004;2, 194.35 W, 60, 100 %, 51836 MiB, 0x0000000000000004;3, 208.04 W, 60, 93 %, 60576 MiB, 0x0000000000000004;
2026-09-02T05:30:04Z,0, 62.68 W, 59, 0 %, 51308 MiB, 0x0000000000000000;1, 77.06 W, 57, 0 %, 50276 MiB, 0x0000000000000000;2, 61.86 W, 57, 0 %, 51836 MiB, 0x0000000000000000;3, 68.63 W, 57, 0 %, 60576 MiB, 0x0000000000000000;
2026-09-02T05:30:10Z,0, 65.77 W, 60, 100 %, 51308 MiB, 0x0000000000000004;1, 79.53 W, 59, 100 %, 50276 MiB, 0x0000000000000004;2, 162.22 W, 59, 97 %, 51836 MiB, 0x0000000000000004;3, 164.12 W, 58, 89 %, 60576 MiB, 0x0000000000000004;
2026-09-02T05:30:15Z,0, 206.11 W, 60, 100 %, 51308 MiB, 0x0000000000000004;1, 115.52 W, 59, 100 %, 50276 MiB, 0x0000000000000004;2, 112.92 W, 59, 97 %, 51836 MiB, 0x0000000000000004;3, 68.53 W, 59, 93 %, 60576 MiB, 0x0000000000000004;
2026-09-02T05:30:20Z,0, 142.08 W, 61, 100 %, 51308 MiB, 0x0000000000000000;1, 181.79 W, 60, 100 %, 50276 MiB, 0x0000000000000000;2, 143.61 W, 60, 100 %, 51836 MiB, 0x0000000000000000;3, 168.82 W, 60, 93 %, 60576 MiB, 0x0000000000000004;
2026-09-02T05:30:25Z,0, 45.59 W, 57, 0 %, 51308 MiB, 0x0000000000000000;1, 50.74 W, 54, 0 %, 50276 MiB, 0x0000000000000000;2, 45.10 W, 55, 0 %, 51836 MiB, 0x0000000000000000;3, 46.24 W, 54, 0 %, 60576 MiB, 0x0000000000000000;
2026-09-02T05:30:30Z,0, 84.46 W, 61, 100 %, 51308 MiB, 0x0000000000000004;1, 81.87 W, 60, 100 %, 50276 MiB, 0x0000000000000004;2, 205.30 W, 59, 100 %, 51836 MiB, 0x0000000000000000;3, 71.56 W, 58, 100 %, 60576 MiB, 0x0000000000000004;
2026-09-02T05:30:35Z,0, 169.45 W, 62, 100 %, 51308 MiB, 0x0000000000000004;1, 107.04 W, 61, 100 %, 50276 MiB, 0x0000000000000004;2, 207.97 W, 61, 100 %, 51836 MiB, 0x0000000000000004;3, 158.80 W, 60, 100 %, 60576 MiB, 0x0000000000000004;
2026-09-02T05:30:40Z,0, 163.49 W, 63, 100 %, 51308 MiB, 0x0000000000000000;1, 179.06 W, 61, 100 %, 50276 MiB, 0x0000000000000004;2, 155.29 W, 62, 100 %, 51836 MiB, 0x0000000000000004;3, 198.88 W, 60, 67 %, 60576 MiB, 0x0000000000000004;
2026-09-02T05:30:46Z,0, 161.71 W, 64, 100 %, 51308 MiB, 0x0000000000000004;1, 176.24 W, 62, 100 %, 50276 MiB, 0x0000000000000004;2, 177.91 W, 63, 100 %, 51836 MiB, 0x0000000000000004;3, 158.11 W, 61, 100 %, 60576 MiB, 0x0000000000000004;
2026-09-02T05:30:51Z,0, 162.35 W, 65, 100 %, 51308 MiB, 0x0000000000000000;1, 189.47 W, 63, 100 %, 50276 MiB, 0x0000000000000004;2, 173.57 W, 63, 100 %, 51836 MiB, 0x0000000000000000;3, 164.04 W, 62, 100 %, 60576 MiB, 0x0000000000000004;
2026-09-02T05:30:56Z,0, 69.37 W, 60, 100 %, 51308 MiB, 0x0000000000000000;1, 84.62 W, 58, 100 %, 50276 MiB, 0x0000000000000000;2, 46.04 W, 57, 0 %, 51836 MiB, 0x0000000000000000;3, 46.99 W, 56, 0 %, 60576 MiB, 0x0000000000000000;
2026-09-02T05:31:01Z,0, 68.62 W, 59, 100 %, 51308 MiB, 0x0000000000000000;1, 81.51 W, 57, 100 %, 50276 MiB, 0x0000000000000000;2, 45.49 W, 56, 0 %, 51836 MiB, 0x0000000000000000;3, 46.32 W, 55, 0 %, 60576 MiB, 0x0000000000000000;
2026-09-02T05:31:06Z,0, 67.25 W, 58, 100 %, 51308 MiB, 0x0000000000000000;1, 81.87 W, 56, 100 %, 50276 MiB, 0x0000000000000000;2, 45.00 W, 55, 0 %, 51836 MiB, 0x0000000000000000;3, 45.73 W, 54, 0 %, 60576 MiB, 0x0000000000000000;
2026-09-02T05:31:11Z,0, 66.72 W, 58, 100 %, 51308 MiB, 0x0000000000000000;1, 81.15 W, 56, 100 %, 50276 MiB, 0x0000000000000000;2, 44.72 W, 54, 0 %, 51836 MiB, 0x0000000000000000;3, 45.45 W, 53, 0 %, 60576 MiB, 0x0000000000000000;
2026-09-02T05:31:17Z,0, 65.74 W, 57, 100 %, 51308 MiB, 0x0000000000000000;1, 80.75 W, 55, 100 %, 50276 MiB, 0x0000000000000000;2, 44.23 W, 53, 0 %, 51836 MiB, 0x0000000000000000;3, 45.06 W, 52, 0 %, 60576 MiB, 0x0000000000000000;
2026-09-02T05:31:22Z,0, 66.02 W, 57, 100 %, 51308 MiB, 0x0000000000000000;1, 80.34 W, 55, 100 %, 50276 MiB, 0x0000000000000000;2, 44.11 W, 53, 0 %, 51836 MiB, 0x0000000000000000;3, 44.77 W, 51, 0 %, 60576 MiB, 0x0000000000000000;
2026-09-02T05:31:27Z,0, 65.66 W, 56, 100 %, 51308 MiB, 0x0000000000000000;1, 79.76 W, 54, 100 %, 50276 MiB, 0x0000000000000000;2, 44.22 W, 52, 0 %, 51836 MiB, 0x0000000000000000;3, 44.58 W, 50, 0 %, 60576 MiB, 0x0000000000000000;
2026-09-02T05:31:32Z,0, 65.38 W, 56, 100 %, 51308 MiB, 0x0000000000000000;1, 79.40 W, 54, 100 %, 50276 MiB, 0x0000000000000000;2, 43.54 W, 51, 0 %, 51836 MiB, 0x0000000000000000;3, 44.19 W, 50, 0 %, 60576 MiB, 0x0000000000000000;
2026-09-02T05:31:37Z,0, 64.32 W, 55, 100 %, 51308 MiB, 0x0000000000000000;1, 79.17 W, 53, 100 %, 50276 MiB, 0x0000000000000000;2, 43.43 W, 51, 0 %, 51836 MiB, 0x0000000000000000;3, 44.10 W, 49, 0 %, 60576 MiB, 0x0000000000000000;
2026-09-02T05:31:42Z,0, 64.81 W, 55, 100 %, 51308 MiB, 0x0000000000000000;1, 78.87 W, 53, 100 %, 50276 MiB, 0x0000000000000000;2, 43.06 W, 50, 0 %, 51836 MiB, 0x0000000000000000;3, 43.89 W, 49, 0 %, 60576 MiB, 0x0000000000000000;
2026-09-02T05:31:47Z,0, 64.52 W, 55, 100 %, 51308 MiB, 0x0000000000000000;1, 78.62 W, 53, 100 %, 50276 MiB, 0x0000000000000000;2, 42.96 W, 50, 0 %, 51836 MiB, 0x0000000000000000;3, 43.79 W, 48, 0 %, 60576 MiB, 0x0000000000000000;
2026-09-02T05:31:53Z,0, 64.32 W, 54, 100 %, 51308 MiB, 0x0000000000000000;1, 80.56 W, 53, 100 %, 50276 MiB, 0x0000000000000000;2, 42.86 W, 49, 0 %, 51836 MiB, 0x0000000000000000;3, 43.60 W, 48, 0 %, 60576 MiB, 0x0000000000000000;
2026-09-02T05:31:58Z,0, 64.13 W, 54, 100 %, 51308 MiB, 0x0000000000000000;1, 80.44 W, 52, 100 %, 50276 MiB, 0x0000000000000000;2, 42.68 W, 49, 0 %, 51836 MiB, 0x0000000000000000;3, 43.52 W, 47, 0 %, 60576 MiB, 0x0000000000000000;
2026-09-02T05:32:03Z,0, 63.91 W, 54, 100 %, 51308 MiB, 0x0000000000000000;1, 80.15 W, 52, 100 %, 50276 MiB, 0x0000000000000000;2, 42.48 W, 49, 0 %, 51836 MiB, 0x0000000000000000;3, 43.21 W, 47, 0 %, 60576 MiB, 0x0000000000000000;
2026-09-02T05:32:08Z,0, 63.84 W, 53, 100 %, 51308 MiB, 0x0000000000000000;1, 80.01 W, 52, 100 %, 50276 MiB, 0x0000000000000000;2, 42.40 W, 48, 0 %, 51836 MiB, 0x0000000000000000;3, 43.21 W, 46, 0 %, 60576 MiB, 0x0000000000000000;
2026-09-02T05:32:13Z,0, 63.65 W, 53, 100 %, 51308 MiB, 0x0000000000000000;1, 79.99 W, 52, 100 %, 50276 MiB, 0x0000000000000000;2, 42.39 W, 48, 0 %, 51836 MiB, 0x0000000000000000;3, 43.03 W, 46, 0 %, 60576 MiB, 0x0000000000000000;
2026-09-02T05:32:18Z,0, 62.80 W, 53, 100 %, 51308 MiB, 0x0000000000000000;1, 79.69 W, 52, 100 %, 50276 MiB, 0x0000000000000000;2, 42.19 W, 48, 0 %, 51836 MiB, 0x0000000000000000;3, 42.93 W, 46, 0 %, 60576 MiB, 0x0000000000000000;
2026-09-02T05:32:24Z,0, 63.20 W, 53, 100 %, 51308 MiB, 0x0000000000000000;1, 79.67 W, 51, 100 %, 50276 MiB, 0x0000000000000000;2, 42.29 W, 47, 0 %, 51836 MiB, 0x0000000000000000;3, 42.90 W, 45, 0 %, 60576 MiB, 0x0000000000000000;
2026-09-02T05:32:29Z,0, 63.05 W, 52, 100 %, 51308 MiB, 0x0000000000000000;1, 79.47 W, 51, 100 %, 50276 MiB, 0x0000000000000000;2, 42.20 W, 47, 0 %, 51836 MiB, 0x0000000000000000;3, 42.82 W, 45, 0 %, 60576 MiB, 0x0000000000000000;
2026-09-02T05:32:34Z,0, 62.95 W, 52, 100 %, 51308 MiB, 0x0000000000000000;1, 79.27 W, 51, 100 %, 50276 MiB, 0x0000000000000000;2, 41.98 W, 47, 0 %, 51836 MiB, 0x0000000000000000;3, 42.62 W, 45, 0 %, 60576 MiB, 0x0000000000000000;
2026-09-02T05:32:39Z,0, 62.86 W, 52, 100 %, 51308 MiB, 0x0000000000000000;1, 79.27 W, 51, 100 %, 50276 MiB, 0x0000000000000000;2, 41.99 W, 47, 0 %, 51836 MiB, 0x0000000000000000;3, 42.63 W, 45, 0 %, 60576 MiB, 0x0000000000000000;
2026-09-02T05:32:44Z,0, 62.81 W, 52, 100 %, 51308 MiB, 0x0000000000000000;1, 79.12 W, 51, 100 %, 50276 MiB, 0x0000000000000000;2, 41.90 W, 46, 0 %, 51836 MiB, 0x0000000000000000;3, 42.65 W, 44, 0 %, 60576 MiB, 0x0000000000000000;
2026-09-02T05:32:49Z,0, 62.60 W, 52, 100 %, 51308 MiB, 0x0000000000000000;1, 79.02 W, 51, 100 %, 50276 MiB, 0x0000000000000000;2, 41.60 W, 46, 0 %, 51836 MiB, 0x0000000000000000;3, 42.63 W, 44, 0 %, 60576 MiB, 0x0000000000000000;
2026-09-02T05:32:54Z,0, 62.48 W, 51, 100 %, 51308 MiB, 0x0000000000000000;1, 78.98 W, 51, 100 %, 50276 MiB, 0x0000000000000000;2, 41.70 W, 46, 0 %, 51836 MiB, 0x0000000000000000;3, 42.52 W, 44, 0 %, 60576 MiB, 0x0000000000000000;
2026-09-02T05:33:00Z,0, 62.48 W, 51, 100 %, 51308 MiB, 0x0000000000000000;1, 78.80 W, 51, 100 %, 50276 MiB, 0x0000000000000000;2, 41.60 W, 46, 0 %, 51836 MiB, 0x0000000000000000;3, 42.55 W, 44, 0 %, 60576 MiB, 0x0000000000000000;
2026-09-02T05:33:05Z,0, 62.27 W, 51, 100 %, 51308 MiB, 0x0000000000000000;1, 78.78 W, 50, 100 %, 50276 MiB, 0x0000000000000000;2, 41.59 W, 46, 0 %, 51836 MiB, 0x0000000000000000;3, 42.45 W, 44, 0 %, 60576 MiB, 0x0000000000000000;
2026-09-02T05:33:10Z,0, 61.53 W, 51, 100 %, 51308 MiB, 0x0000000000000000;1, 78.70 W, 50, 100 %, 50276 MiB, 0x0000000000000000;2, 41.50 W, 45, 0 %, 51836 MiB, 0x0000000000000000;3, 42.44 W, 44, 0 %, 60576 MiB, 0x0000000000000000;
2026-09-02T05:33:15Z,0, 62.14 W, 51, 100 %, 51308 MiB, 0x0000000000000000;1, 78.64 W, 50, 100 %, 50276 MiB, 0x0000000000000000;2, 41.51 W, 45, 0 %, 51836 MiB, 0x0000000000000000;3, 42.25 W, 43, 0 %, 60576 MiB, 0x0000000000000000;
2026-09-02T05:33:20Z,0, 62.11 W, 51, 100 %, 51308 MiB, 0x0000000000000000;1, 78.61 W, 50, 100 %, 50276 MiB, 0x0000000000000000;2, 41.60 W, 45, 0 %, 51836 MiB, 0x0000000000000000;3, 42.14 W, 43, 0 %, 60576 MiB, 0x0000000000000000;
2026-09-02T05:33:25Z,0, 61.44 W, 51, 100 %, 51308 MiB, 0x0000000000000000;1, 78.53 W, 50, 100 %, 50276 MiB, 0x0000000000000000;2, 41.40 W, 45, 0 %, 51836 MiB, 0x0000000000000000;3, 42.24 W, 43, 0 %, 60576 MiB, 0x0000000000000000;
2026-09-02T05:33:30Z,0, 62.10 W, 51, 100 %, 51308 MiB, 0x0000000000000000;1, 78.37 W, 50, 100 %, 50276 MiB, 0x0000000000000000;2, 41.30 W, 45, 0 %, 51836 MiB, 0x0000000000000000;3, 42.24 W, 43, 0 %, 60576 MiB, 0x0000000000000000;
2026-09-02T05:33:36Z,0, 61.92 W, 50, 100 %, 51308 MiB, 0x0000000000000000;1, 78.44 W, 50, 100 %, 50276 MiB, 0x0000000000000000;2, 41.41 W, 45, 0 %, 51836 MiB, 0x0000000000000000;3, 42.26 W, 43, 0 %, 60576 MiB, 0x0000000000000000;
2026-09-02T05:33:41Z,0, 61.90 W, 50, 100 %, 51308 MiB, 0x0000000000000000;1, 78.41 W, 50, 100 %, 50276 MiB, 0x0000000000000000;2, 41.31 W, 45, 0 %, 51836 MiB, 0x0000000000000000;3, 42.05 W, 43, 0 %, 60576 MiB, 0x0000000000000000;
2026-09-02T05:33:46Z,0, 61.81 W, 50, 100 %, 51308 MiB, 0x0000000000000000;1, 78.23 W, 50, 100 %, 50276 MiB, 0x0000000000000000;2, 41.41 W, 45, 0 %, 51836 MiB, 0x0000000000000000;3, 42.05 W, 43, 0 %, 60576 MiB, 0x0000000000000000;
2026-09-02T05:33:51Z,0, 61.69 W, 50, 100 %, 51308 MiB, 0x0000000000000000;1, 78.19 W, 50, 100 %, 50276 MiB, 0x0000000000000000;2, 41.30 W, 44, 0 %, 51836 MiB, 0x0000000000000000;3, 42.14 W, 43, 0 %, 60576 MiB, 0x0000000000000000;
2026-09-02T05:33:56Z,0, 61.74 W, 50, 100 %, 51308 MiB, 0x0000000000000000;1, 78.13 W, 50, 100 %, 50276 MiB, 0x0000000000000000;2, 41.12 W, 44, 0 %, 51836 MiB, 0x0000000000000000;3, 42.14 W, 43, 0 %, 60576 MiB, 0x0000000000000000;
2026-09-02T05:34:01Z,0, 61.72 W, 50, 100 %, 51308 MiB, 0x0000000000000000;1, 78.23 W, 50, 100 %, 50276 MiB, 0x0000000000000000;2, 41.11 W, 44, 0 %, 51836 MiB, 0x0000000000000000;3, 42.24 W, 43, 0 %, 60576 MiB, 0x0000000000000000;
2026-09-02T05:34:06Z,0, 61.65 W, 50, 100 %, 51308 MiB, 0x0000000000000000;1, 78.13 W, 50, 100 %, 50276 MiB, 0x0000000000000000;2, 41.03 W, 44, 0 %, 51836 MiB, 0x0000000000000000;3, 42.06 W, 42, 0 %, 60576 MiB, 0x0000000000000000;
2026-09-02T05:34:12Z,0, 61.63 W, 50, 100 %, 51308 MiB, 0x0000000000000000;1, 78.13 W, 50, 100 %, 50276 MiB, 0x0000000000000000;2, 41.12 W, 44, 0 %, 51836 MiB, 0x0000000000000000;3, 42.04 W, 42, 0 %, 60576 MiB, 0x0000000000000000;
2026-09-02T05:34:17Z,0, 60.93 W, 50, 100 %, 51308 MiB, 0x0000000000000000;1, 78.09 W, 50, 100 %, 50276 MiB, 0x0000000000000000;2, 41.02 W, 44, 0 %, 51836 MiB, 0x0000000000000000;3, 41.85 W, 42, 0 %, 60576 MiB, 0x0000000000000000;
2026-09-02T05:34:22Z,0, 61.53 W, 50, 100 %, 51308 MiB, 0x0000000000000000;1, 78.13 W, 50, 100 %, 50276 MiB, 0x0000000000000000;2, 40.92 W, 44, 0 %, 51836 MiB, 0x0000000000000000;3, 41.95 W, 42, 0 %, 60576 MiB, 0x0000000000000000;
2026-09-02T05:34:27Z,0, 61.53 W, 50, 100 %, 51308 MiB, 0x0000000000000000;1, 78.04 W, 50, 100 %, 50276 MiB, 0x0000000000000000;2, 41.02 W, 44, 0 %, 51836 MiB, 0x0000000000000000;3, 41.95 W, 42, 0 %, 60576 MiB, 0x0000000000000000;
2026-09-02T05:34:32Z,0, 61.55 W, 50, 100 %, 51308 MiB, 0x0000000000000000;1, 77.94 W, 50, 100 %, 50276 MiB, 0x0000000000000000;2, 41.11 W, 44, 0 %, 51836 MiB, 0x0000000000000000;3, 41.85 W, 42, 0 %, 60576 MiB, 0x0000000000000000;
2026-09-02T05:34:37Z,0, 60.76 W, 49, 100 %, 51308 MiB, 0x0000000000000000;1, 77.94 W, 49, 100 %, 50276 MiB, 0x0000000000000000;2, 41.11 W, 44, 0 %, 51836 MiB, 0x0000000000000000;3, 41.95 W, 42, 0 %, 60576 MiB, 0x0000000000000000;
2026-09-02T05:34:42Z,0, 60.66 W, 49, 100 %, 51308 MiB, 0x0000000000000000;1, 77.94 W, 49, 100 %, 50276 MiB, 0x0000000000000000;2, 41.02 W, 44, 0 %, 51836 MiB, 0x0000000000000000;3, 41.94 W, 42, 0 %, 60576 MiB, 0x0000000000000000;
2026-09-02T05:34:48Z,0, 61.26 W, 49, 100 %, 51308 MiB, 0x0000000000000000;1, 77.95 W, 49, 100 %, 50276 MiB, 0x0000000000000000;2, 41.03 W, 44, 0 %, 51836 MiB, 0x0000000000000000;3, 41.85 W, 42, 0 %, 60576 MiB, 0x0000000000000000;
2026-09-02T05:34:53Z,0, 60.66 W, 49, 100 %, 51308 MiB, 0x0000000000000000;1, 77.94 W, 49, 100 %, 50276 MiB, 0x0000000000000000;2, 41.01 W, 44, 0 %, 51836 MiB, 0x0000000000000000;3, 41.84 W, 42, 0 %, 60576 MiB, 0x0000000000000000;
2026-09-02T05:34:58Z,0, 61.32 W, 49, 100 %, 51308 MiB, 0x0000000000000000;1, 77.84 W, 49, 100 %, 50276 MiB, 0x0000000000000000;2, 41.02 W, 43, 0 %, 51836 MiB, 0x0000000000000000;3, 41.86 W, 42, 0 %, 60576 MiB, 0x0000000000000000;
2026-09-02T05:35:03Z,0, 61.34 W, 49, 100 %, 51308 MiB, 0x0000000000000000;1, 77.92 W, 49, 100 %, 50276 MiB, 0x0000000000000000;2, 40.83 W, 43, 0 %, 51836 MiB, 0x0000000000000000;3, 41.86 W, 42, 0 %, 60576 MiB, 0x0000000000000000;
2026-09-02T05:35:08Z,0, 60.56 W, 49, 100 %, 51308 MiB, 0x0000000000000000;1, 77.84 W, 49, 100 %, 50276 MiB, 0x0000000000000000;2, 40.83 W, 43, 0 %, 51836 MiB, 0x0000000000000000;3, 41.95 W, 42, 0 %, 60576 MiB, 0x0000000000000000;
2026-09-02T05:35:13Z,0, 61.23 W, 49, 100 %, 51308 MiB, 0x0000000000000000;1, 77.84 W, 49, 100 %, 50276 MiB, 0x0000000000000000;2, 40.84 W, 43, 0 %, 51836 MiB, 0x0000000000000000;3, 42.05 W, 42, 0 %, 60576 MiB, 0x0000000000000000;
2026-09-02T05:35:18Z,0, 61.20 W, 49, 100 %, 51308 MiB, 0x0000000000000000;1, 77.84 W, 49, 100 %, 50276 MiB, 0x0000000000000000;2, 40.72 W, 43, 0 %, 51836 MiB, 0x0000000000000000;3, 41.86 W, 42, 0 %, 60576 MiB, 0x0000000000000000;
2026-09-02T05:35:24Z,0, 61.15 W, 49, 100 %, 51308 MiB, 0x0000000000000000;1, 77.70 W, 49, 100 %, 50276 MiB, 0x0000000000000000;2, 40.84 W, 43, 0 %, 51836 MiB, 0x0000000000000000;3, 41.65 W, 42, 0 %, 60576 MiB, 0x0000000000000000;
2026-09-02T05:35:29Z,0, 61.12 W, 49, 100 %, 51308 MiB, 0x0000000000000000;1, 77.70 W, 49, 100 %, 50276 MiB, 0x0000000000000000;2, 40.83 W, 43, 0 %, 51836 MiB, 0x0000000000000000;3, 41.74 W, 42, 0 %, 60576 MiB, 0x0000000000000000;
2026-09-02T05:35:34Z,0, 60.47 W, 49, 100 %, 51308 MiB, 0x0000000000000000;1, 77.74 W, 49, 100 %, 50276 MiB, 0x0000000000000000;2, 40.83 W, 43, 0 %, 51836 MiB, 0x0000000000000000;3, 41.75 W, 42, 0 %, 60576 MiB, 0x0000000000000000;
2026-09-02T05:35:39Z,0, 60.56 W, 49, 100 %, 51308 MiB, 0x0000000000000000;1, 77.75 W, 49, 100 %, 50276 MiB, 0x0000000000000000;2, 40.72 W, 43, 0 %, 51836 MiB, 0x0000000000000000;3, 41.64 W, 42, 0 %, 60576 MiB, 0x0000000000000000;
2026-09-02T05:35:44Z,0, 60.47 W, 49, 100 %, 51308 MiB, 0x0000000000000000;1, 77.65 W, 49, 100 %, 50276 MiB, 0x0000000000000000;2, 40.84 W, 43, 0 %, 51836 MiB, 0x0000000000000000;3, 41.66 W, 42, 0 %, 60576 MiB, 0x0000000000000000;
2026-09-02T05:35:49Z,0, 61.12 W, 49, 100 %, 51308 MiB, 0x0000000000000000;1, 77.70 W, 49, 100 %, 50276 MiB, 0x0000000000000000;2, 40.73 W, 43, 0 %, 51836 MiB, 0x0000000000000000;3, 41.75 W, 42, 0 %, 60576 MiB, 0x0000000000000000;
2026-09-02T05:35:55Z,0, 60.28 W, 49, 100 %, 51308 MiB, 0x0000000000000000;1, 77.74 W, 49, 100 %, 50276 MiB, 0x0000000000000000;2, 40.82 W, 43, 0 %, 51836 MiB, 0x0000000000000000;3, 41.86 W, 42, 0 %, 60576 MiB, 0x0000000000000000;
2026-09-02T05:36:00Z,0, 58.74 W, 48, 11 %, 6 MiB, 0x0000000000000000;1, 77.65 W, 49, 100 %, 50276 MiB, 0x0000000000000000;2, 42.28 W, 43, 84 %, 6 MiB, 0x0000000000000000;3, 62.86 W, 42, 100 %, 6 MiB, 0x0000000000000000;
2026-09-02T05:36:05Z,0, 36.34 W, 47, 0 %, 6 MiB, 0x0000000000000001;1, 77.55 W, 49, 100 %, 50276 MiB, 0x0000000000000000;2, 35.20 W, 43, 0 %, 6 MiB, 0x0000000000000001;3, 36.89 W, 42, 0 %, 6 MiB, 0x0000000000000001;
2026-09-02T05:36:10Z,0, 35.74 W, 47, 0 %, 0 MiB, 0x0000000000000001;1, 74.36 W, 49, 100 %, 0 MiB, 0x0000000000000000;2, 35.21 W, 43, 0 %, 0 MiB, 0x0000000000000001;3, 36.79 W, 41, 0 %, 0 MiB, 0x0000000000000001;
