time_utc_2026-10-06,card,core_c,hbm_c,power_limit_w,power_draw_w
16:07:03,CMP-2,45,57,140.00,44.88
16:07:03,CMP-1,49,52,140.00,44.40
16:07:03,CMP-3,40,54,140.00,41.97
16:07:03,"CMP-4 (shared, not under test)",42,54,140.00,41.82
16:07:05,CMP-2,45,56,140.00,44.91
16:07:05,CMP-1,49,52,140.00,44.41
16:07:05,CMP-3,40,54,140.00,41.86
16:07:05,"CMP-4 (shared, not under test)",42,54,140.00,41.83
16:07:07,CMP-2,45,56,140.00,45.01
16:07:07,CMP-1,49,52,140.00,44.41
16:07:07,CMP-3,40,54,140.00,41.87
16:07:07,"CMP-4 (shared, not under test)",42,54,140.00,41.92
16:07:10,CMP-2,45,56,140.00,44.91
16:07:10,CMP-1,49,52,140.00,44.60
16:07:10,CMP-3,40,53,140.00,41.85
16:07:10,"CMP-4 (shared, not under test)",42,54,140.00,41.73
16:07:12,CMP-2,45,56,140.00,44.91
16:07:12,CMP-1,49,52,140.00,44.50
16:07:12,CMP-3,40,53,140.00,41.97
16:07:12,"CMP-4 (shared, not under test)",42,54,140.00,41.93
16:07:14,CMP-2,45,57,140.00,44.81
16:07:14,CMP-1,49,52,140.00,44.70
16:07:14,CMP-3,40,54,140.00,41.76
16:07:14,"CMP-4 (shared, not under test)",42,54,140.00,41.82
16:07:16,CMP-2,45,56,140.00,44.72
16:07:16,CMP-1,49,52,140.00,44.60
16:07:16,CMP-3,40,54,140.00,41.87
16:07:16,"CMP-4 (shared, not under test)",42,54,140.00,41.92
16:07:18,CMP-2,45,56,140.00,44.72
16:07:18,CMP-1,49,52,140.00,44.50
16:07:18,CMP-3,40,54,140.00,42.07
16:07:18,"CMP-4 (shared, not under test)",42,54,140.00,42.31
16:07:20,CMP-2,45,56,140.00,44.62
16:07:20,CMP-1,49,52,140.00,44.51
16:07:20,CMP-3,40,54,140.00,41.87
16:07:20,"CMP-4 (shared, not under test)",42,54,140.00,41.82
16:07:22,CMP-2,45,56,140.00,44.81
16:07:22,CMP-1,49,52,140.00,44.50
16:07:22,CMP-3,40,53,140.00,41.87
16:07:22,"CMP-4 (shared, not under test)",42,54,140.00,41.73
16:07:24,CMP-2,45,56,140.00,44.81
16:07:24,CMP-1,49,52,140.00,44.41
16:07:24,CMP-3,40,54,140.00,41.97
16:07:24,"CMP-4 (shared, not under test)",42,54,140.00,41.73
16:07:26,CMP-2,45,56,140.00,44.72
16:07:26,CMP-1,49,52,140.00,44.49
16:07:26,CMP-3,40,54,140.00,41.97
16:07:26,"CMP-4 (shared, not under test)",42,54,140.00,41.63
16:07:28,CMP-2,45,56,140.00,44.72
16:07:28,CMP-1,49,52,140.00,44.61
16:07:28,CMP-3,40,53,140.00,41.97
16:07:28,"CMP-4 (shared, not under test)",42,54,140.00,41.73
16:07:30,CMP-2,45,56,140.00,44.81
16:07:30,CMP-1,49,52,140.00,44.49
16:07:30,CMP-3,40,54,140.00,42.06
16:07:30,"CMP-4 (shared, not under test)",42,54,140.00,41.63
16:07:32,CMP-2,45,56,140.00,44.85
16:07:32,CMP-1,53,54,140.00,154.65
16:07:32,CMP-3,40,54,140.00,42.04
16:07:32,"CMP-4 (shared, not under test)",42,54,140.00,41.72
16:07:35,CMP-2,45,56,140.00,44.76
16:07:35,CMP-1,54,56,140.00,182.57
16:07:35,CMP-3,40,53,140.00,41.83
16:07:35,"CMP-4 (shared, not under test)",42,54,140.00,41.72
16:07:37,CMP-2,45,56,140.00,44.76
16:07:37,CMP-1,56,57,140.00,138.78
16:07:37,CMP-3,40,53,140.00,41.83
16:07:37,"CMP-4 (shared, not under test)",42,54,140.00,41.73
16:07:39,CMP-2,45,56,140.00,44.95
16:07:39,CMP-1,56,56,140.00,138.17
16:07:39,CMP-3,40,54,140.00,42.14
16:07:39,"CMP-4 (shared, not under test)",42,54,140.00,42.21
16:07:41,CMP-2,45,56,140.00,45.17
16:07:41,CMP-1,56,56,140.00,127.69
16:07:41,CMP-3,40,53,140.00,41.85
16:07:41,"CMP-4 (shared, not under test)",42,54,140.00,41.82
16:07:43,CMP-2,46,56,140.00,52.04
16:07:43,CMP-1,57,58,140.00,142.76
16:07:43,CMP-3,41,54,140.00,54.82
16:07:43,"CMP-4 (shared, not under test)",42,54,140.00,41.72
16:07:45,CMP-2,46,56,140.00,50.90
16:07:45,CMP-1,58,58,140.00,141.41
16:07:45,CMP-3,40,54,140.00,41.95
16:07:45,"CMP-4 (shared, not under test)",42,54,140.00,41.72
16:07:47,CMP-2,45,56,140.00,45.05
16:07:47,CMP-1,58,58,140.00,139.65
16:07:47,CMP-3,40,54,140.00,42.33
16:07:47,"CMP-4 (shared, not under test)",42,54,140.00,41.82
16:07:49,CMP-2,45,56,140.00,44.93
16:07:49,CMP-1,58,59,140.00,128.99
16:07:49,CMP-3,40,54,140.00,42.04
16:07:49,"CMP-4 (shared, not under test)",42,54,140.00,41.72
16:07:51,CMP-2,45,56,140.00,44.95
16:07:51,CMP-1,59,60,140.00,143.00
16:07:51,CMP-3,40,54,140.00,41.96
16:07:51,"CMP-4 (shared, not under test)",42,54,140.00,41.72
16:07:53,CMP-2,45,56,140.00,44.95
16:07:53,CMP-1,59,59,140.00,134.51
16:07:53,CMP-3,40,54,140.00,42.04
16:07:53,"CMP-4 (shared, not under test)",42,54,140.00,41.72
16:07:55,CMP-2,45,56,140.00,44.85
16:07:55,CMP-1,59,59,140.00,122.98
16:07:55,CMP-3,40,54,140.00,41.95
16:07:55,"CMP-4 (shared, not under test)",42,54,140.00,42.02
16:07:57,CMP-2,45,56,140.00,44.75
16:07:57,CMP-1,60,61,140.00,116.32
16:07:57,CMP-3,40,54,140.00,41.65
16:07:57,"CMP-4 (shared, not under test)",42,54,140.00,41.82
16:07:59,CMP-2,45,56,140.00,45.06
16:07:59,CMP-1,60,61,140.00,141.80
16:07:59,CMP-3,40,54,140.00,41.96
16:07:59,"CMP-4 (shared, not under test)",42,54,140.00,42.41
16:08:02,CMP-2,45,56,140.00,44.95
16:08:02,CMP-1,61,60,140.00,141.70
16:08:02,CMP-3,40,54,140.00,41.74
16:08:02,"CMP-4 (shared, not under test)",42,54,140.00,41.82
16:08:04,CMP-2,45,56,140.00,44.85
16:08:04,CMP-1,61,60,140.00,139.60
16:08:04,CMP-3,40,54,140.00,41.74
16:08:04,"CMP-4 (shared, not under test)",42,54,140.00,41.82
16:08:06,CMP-2,45,56,140.00,44.76
16:08:06,CMP-1,61,63,140.00,128.32
16:08:06,CMP-3,40,54,140.00,42.04
16:08:06,"CMP-4 (shared, not under test)",42,54,140.00,41.72
16:08:08,CMP-2,45,56,140.00,44.76
16:08:08,CMP-1,62,62,140.00,141.41
16:08:08,CMP-3,40,54,140.00,41.94
16:08:08,"CMP-4 (shared, not under test)",42,54,140.00,42.21
16:08:10,CMP-2,45,57,140.00,44.76
16:08:10,CMP-1,62,62,140.00,134.51
16:08:10,CMP-3,40,54,140.00,41.74
16:08:10,"CMP-4 (shared, not under test)",42,54,140.00,41.72
16:08:12,CMP-2,45,56,140.00,44.76
16:08:12,CMP-1,62,61,140.00,121.80
16:08:12,CMP-3,40,54,140.00,41.86
16:08:12,"CMP-4 (shared, not under test)",42,54,140.00,41.82
16:08:14,CMP-2,45,57,140.00,44.76
16:08:14,CMP-1,63,64,140.00,173.41
16:08:14,CMP-3,40,54,140.00,41.74
16:08:14,"CMP-4 (shared, not under test)",42,54,140.00,41.83
16:08:16,CMP-2,45,57,140.00,44.76
16:08:16,CMP-1,63,63,140.00,142.56
16:08:16,CMP-3,40,54,140.00,41.63
16:08:16,"CMP-4 (shared, not under test)",42,54,140.00,41.82
16:08:18,CMP-2,45,57,140.00,44.76
16:08:18,CMP-1,63,63,140.00,114.29
16:08:18,CMP-3,40,54,140.00,41.74
16:08:18,"CMP-4 (shared, not under test)",42,54,140.00,41.82
16:08:20,CMP-2,45,55,140.00,44.95
16:08:20,CMP-1,63,64,140.00,132.78
16:08:20,CMP-3,40,54,140.00,41.65
16:08:20,"CMP-4 (shared, not under test)",42,54,140.00,41.82
16:08:22,CMP-2,45,56,140.00,44.85
16:08:22,CMP-1,64,64,140.00,147.17
16:08:22,CMP-3,40,54,140.00,41.85
16:08:22,"CMP-4 (shared, not under test)",42,54,140.00,41.83
16:08:24,CMP-2,45,55,140.00,44.78
16:08:24,CMP-1,63,63,140.00,106.72
16:08:24,CMP-3,40,54,140.00,42.05
16:08:24,"CMP-4 (shared, not under test)",42,54,140.00,41.82
16:08:26,CMP-2,45,56,140.00,44.85
16:08:26,CMP-1,65,65,140.00,141.23
16:08:26,CMP-3,40,53,140.00,41.95
16:08:26,"CMP-4 (shared, not under test)",42,54,140.00,42.21
16:08:28,CMP-2,45,55,140.00,44.76
16:08:28,CMP-1,65,64,140.00,136.80
16:08:28,CMP-3,40,53,140.00,41.85
16:08:29,"CMP-4 (shared, not under test)",42,54,140.00,41.72
16:08:31,CMP-2,45,57,140.00,44.76
16:08:31,CMP-1,64,65,140.00,119.41
16:08:31,CMP-3,40,54,140.00,41.85
16:08:31,"CMP-4 (shared, not under test)",42,54,140.00,41.53
16:08:33,CMP-2,45,56,140.00,44.76
16:08:33,CMP-1,65,66,140.00,173.64
16:08:33,CMP-3,40,54,140.00,41.74
16:08:33,"CMP-4 (shared, not under test)",42,54,140.00,41.82
16:08:35,CMP-2,45,55,140.00,44.66
16:08:35,CMP-1,65,65,140.00,140.99
16:08:35,CMP-3,40,54,140.00,41.86
16:08:35,"CMP-4 (shared, not under test)",42,54,140.00,41.63
16:08:37,CMP-2,45,55,140.00,44.76
16:08:37,CMP-1,65,65,140.00,140.98
16:08:37,CMP-3,40,53,140.00,41.85
16:08:37,"CMP-4 (shared, not under test)",41,54,140.00,41.63
16:08:39,CMP-2,45,55,140.00,45.13
16:08:39,CMP-1,66,65,140.00,229.58
16:08:39,CMP-3,40,54,140.00,41.85
16:08:39,"CMP-4 (shared, not under test)",41,54,140.00,41.72
16:08:41,CMP-2,45,57,140.00,44.84
16:08:41,CMP-1,66,65,140.00,238.13
16:08:41,CMP-3,40,53,140.00,41.85
16:08:41,"CMP-4 (shared, not under test)",41,54,140.00,41.63
16:08:43,CMP-2,45,55,140.00,44.88
16:08:43,CMP-1,67,64,140.00,255.35
16:08:43,CMP-3,40,53,140.00,42.25
16:08:43,"CMP-4 (shared, not under test)",41,54,140.00,41.72
16:08:45,CMP-2,45,55,140.00,44.79
16:08:45,CMP-1,67,66,140.00,270.24
16:08:45,CMP-3,40,54,140.00,41.96
16:08:45,"CMP-4 (shared, not under test)",41,54,140.00,41.54
16:08:47,CMP-2,45,55,140.00,44.79
16:08:47,CMP-1,66,65,140.00,138.28
16:08:47,CMP-3,40,53,140.00,41.86
16:08:47,"CMP-4 (shared, not under test)",41,54,140.00,41.63
16:08:49,CMP-2,45,55,140.00,44.76
16:08:49,CMP-1,67,65,140.00,138.54
16:08:49,CMP-3,40,54,140.00,41.76
16:08:49,"CMP-4 (shared, not under test)",41,54,140.00,41.63
16:08:51,CMP-2,45,56,140.00,44.79
16:08:51,CMP-1,62,63,140.00,51.05
16:08:51,CMP-3,40,54,140.00,41.86
16:08:51,"CMP-4 (shared, not under test)",41,54,140.00,41.54
16:08:53,CMP-2,45,55,140.00,44.79
16:08:53,CMP-1,62,63,140.00,68.36
16:08:53,CMP-3,40,53,140.00,41.86
16:08:53,"CMP-4 (shared, not under test)",41,54,140.00,41.63
16:08:55,CMP-2,45,55,140.00,44.76
16:08:55,CMP-1,65,66,140.00,115.08
16:08:55,CMP-3,40,53,140.00,41.95
16:08:55,"CMP-4 (shared, not under test)",41,54,140.00,41.53
16:08:58,CMP-2,45,55,140.00,44.95
16:08:58,CMP-1,66,66,140.00,126.52
16:08:58,CMP-3,40,53,140.00,41.94
16:08:58,"CMP-4 (shared, not under test)",41,54,140.00,41.53
16:09:00,CMP-2,50,58,140.00,135.06
16:09:00,CMP-1,67,65,140.00,131.12
16:09:00,CMP-3,45,56,140.00,145.93
16:09:00,"CMP-4 (shared, not under test)",41,54,140.00,41.60
16:09:02,CMP-2,52,59,140.00,145.90
16:09:02,CMP-1,67,66,140.00,147.15
16:09:02,CMP-3,42,54,140.00,55.67
16:09:02,"CMP-4 (shared, not under test)",41,54,140.00,41.61
16:09:04,CMP-2,52,60,140.00,136.63
16:09:04,CMP-1,67,65,140.00,138.88
16:09:04,CMP-3,41,54,140.00,41.63
16:09:04,"CMP-4 (shared, not under test)",41,54,140.00,41.80
16:09:06,CMP-2,53,59,140.00,129.87
16:09:06,CMP-1,67,66,140.00,113.08
16:09:06,CMP-3,41,54,140.00,63.64
16:09:06,"CMP-4 (shared, not under test)",41,54,140.00,41.70
16:09:08,CMP-2,48,57,140.00,52.15
16:09:08,CMP-1,67,68,140.00,142.61
16:09:08,CMP-3,41,54,140.00,41.74
16:09:08,"CMP-4 (shared, not under test)",41,54,140.00,41.71
16:09:10,CMP-2,47,57,140.00,46.21
16:09:10,CMP-1,67,68,140.00,183.70
16:09:10,CMP-3,41,54,140.00,51.88
16:09:10,"CMP-4 (shared, not under test)",41,54,140.00,41.53
16:09:12,CMP-2,47,58,140.00,45.44
16:09:12,CMP-1,68,67,140.00,172.74
16:09:12,CMP-3,41,54,140.00,42.04
16:09:12,"CMP-4 (shared, not under test)",41,54,140.00,41.71
16:09:14,CMP-2,47,58,140.00,47.37
16:09:14,CMP-1,68,67,140.00,140.45
16:09:14,CMP-3,41,54,140.00,41.64
16:09:14,"CMP-4 (shared, not under test)",41,54,140.00,41.63
16:09:16,CMP-2,47,58,140.00,45.52
16:09:16,CMP-1,68,70,140.00,162.99
16:09:16,CMP-3,41,54,140.00,41.55
16:09:16,"CMP-4 (shared, not under test)",41,54,140.00,41.71
16:09:18,CMP-2,46,57,140.00,45.15
16:09:18,CMP-1,68,68,140.00,112.69
16:09:18,CMP-3,41,54,140.00,41.73
16:09:18,"CMP-4 (shared, not under test)",41,54,140.00,41.72
16:09:20,CMP-2,46,56,140.00,45.33
16:09:20,CMP-1,68,68,140.00,115.31
16:09:20,CMP-3,40,54,140.00,41.64
16:09:20,"CMP-4 (shared, not under test)",41,54,140.00,41.63
16:09:22,CMP-2,46,58,140.00,45.35
16:09:22,CMP-1,69,68,140.00,142.28
16:09:22,CMP-3,40,54,140.00,41.46
16:09:22,"CMP-4 (shared, not under test)",41,54,140.00,41.72
16:09:24,CMP-2,46,56,140.00,45.24
16:09:25,CMP-1,69,69,140.00,115.26
16:09:25,CMP-3,40,54,140.00,41.46
16:09:25,"CMP-4 (shared, not under test)",41,54,140.00,41.72
16:09:27,CMP-2,46,56,140.00,45.35
16:09:27,CMP-1,69,67,140.00,132.87
16:09:27,CMP-3,40,54,140.00,41.44
16:09:27,"CMP-4 (shared, not under test)",41,54,140.00,41.63
16:09:29,CMP-2,46,56,140.00,45.35
16:09:29,CMP-1,69,70,140.00,132.39
16:09:29,CMP-3,40,54,140.00,41.44
16:09:29,"CMP-4 (shared, not under test)",41,54,140.00,41.73
16:09:31,CMP-2,46,56,140.00,45.25
16:09:31,CMP-1,69,68,140.00,141.13
16:09:31,CMP-3,40,54,140.00,41.44
16:09:31,"CMP-4 (shared, not under test)",41,54,140.00,41.72
16:09:33,CMP-2,46,56,140.00,45.15
16:09:33,CMP-1,69,70,140.00,127.88
16:09:33,CMP-3,40,54,140.00,41.44
16:09:33,"CMP-4 (shared, not under test)",41,54,140.00,41.72
16:09:35,CMP-2,46,56,140.00,45.15
16:09:35,CMP-1,69,68,140.00,176.36
16:09:35,CMP-3,40,54,140.00,41.44
16:09:35,"CMP-4 (shared, not under test)",41,54,140.00,41.63
16:09:37,CMP-2,46,56,140.00,45.25
16:09:37,CMP-1,69,69,140.00,143.53
16:09:37,CMP-3,40,54,140.00,41.74
16:09:37,"CMP-4 (shared, not under test)",41,54,140.00,41.63
16:09:39,CMP-2,46,56,140.00,45.15
16:09:39,CMP-1,70,69,140.00,132.74
16:09:39,CMP-3,40,54,140.00,41.63
16:09:39,"CMP-4 (shared, not under test)",41,54,140.00,41.44
16:09:41,CMP-2,46,56,140.00,45.14
16:09:41,CMP-1,69,71,140.00,119.32
16:09:41,CMP-3,40,54,140.00,41.54
16:09:41,"CMP-4 (shared, not under test)",41,54,140.00,41.54
16:09:43,CMP-2,46,56,140.00,45.15
16:09:43,CMP-1,69,69,140.00,124.62
16:09:43,CMP-3,40,53,140.00,41.36
16:09:43,"CMP-4 (shared, not under test)",41,54,140.00,41.53
16:09:45,CMP-2,46,56,140.00,45.45
16:09:45,CMP-1,70,68,140.00,142.38
16:09:45,CMP-3,40,54,140.00,41.44
16:09:45,"CMP-4 (shared, not under test)",41,54,140.00,41.42
16:09:47,CMP-2,46,56,140.00,45.25
16:09:47,CMP-1,69,68,140.00,134.03
16:09:47,CMP-3,40,54,140.00,41.46
16:09:47,"CMP-4 (shared, not under test)",41,54,140.00,41.44
16:09:49,CMP-2,46,56,140.00,45.15
16:09:49,CMP-1,70,68,140.00,142.42
16:09:49,CMP-3,40,54,140.00,41.35
16:09:49,"CMP-4 (shared, not under test)",41,54,140.00,41.53
16:09:51,CMP-2,46,56,140.00,45.14
16:09:51,CMP-1,69,69,140.00,136.43
16:09:51,CMP-3,40,54,140.00,41.54
16:09:52,"CMP-4 (shared, not under test)",41,54,140.00,41.53
16:09:54,CMP-2,46,56,140.00,45.15
16:09:54,CMP-1,70,69,140.00,115.36
16:09:54,CMP-3,40,54,140.00,41.54
16:09:54,"CMP-4 (shared, not under test)",41,54,140.00,41.44
16:09:56,CMP-2,46,56,140.00,45.06
16:09:56,CMP-1,69,69,140.00,152.97
16:09:56,CMP-3,40,54,140.00,41.76
16:09:56,"CMP-4 (shared, not under test)",41,54,140.00,41.53
16:09:58,CMP-2,46,56,140.00,45.15
16:09:58,CMP-1,70,69,140.00,139.26
16:09:58,CMP-3,40,53,140.00,41.76
16:09:58,"CMP-4 (shared, not under test)",41,53,140.00,41.44
16:10:00,CMP-2,46,56,140.00,45.04
16:10:00,CMP-1,70,68,140.00,142.87
16:10:00,CMP-3,44,53,140.00,160.25
16:10:00,"CMP-4 (shared, not under test)",41,54,140.00,41.51
16:10:02,CMP-2,51,59,140.00,118.43
16:10:02,CMP-1,70,68,140.00,139.60
16:10:02,CMP-3,47,55,140.00,174.25
16:10:02,"CMP-4 (shared, not under test)",41,54,140.00,41.50
16:10:04,CMP-2,52,60,140.00,124.67
16:10:04,CMP-1,70,69,140.00,143.76
16:10:04,CMP-3,48,55,140.00,139.04
16:10:04,"CMP-4 (shared, not under test)",41,54,140.00,41.50
16:10:06,CMP-2,54,59,140.00,148.44
16:10:06,CMP-1,70,69,140.00,140.91
16:10:06,CMP-3,48,59,140.00,138.62
16:10:06,"CMP-4 (shared, not under test)",41,53,140.00,41.50
16:10:08,CMP-2,53,60,140.00,111.52
16:10:08,CMP-1,70,69,140.00,144.28
16:10:08,CMP-3,49,57,140.00,138.14
16:10:08,"CMP-4 (shared, not under test)",41,54,140.00,41.50
16:10:10,CMP-2,54,60,140.00,122.04
16:10:10,CMP-1,70,68,140.00,200.38
16:10:10,CMP-3,50,58,140.00,141.92
16:10:10,"CMP-4 (shared, not under test)",41,53,140.00,41.60
16:10:12,CMP-2,55,59,140.00,137.72
16:10:12,CMP-1,68,69,140.00,65.32
16:10:12,CMP-3,49,59,140.00,138.24
16:10:12,"CMP-4 (shared, not under test)",41,54,140.00,41.60
16:10:14,CMP-2,55,61,140.00,133.48
16:10:14,CMP-1,70,69,140.00,139.45
16:10:14,CMP-3,51,59,140.00,142.48
16:10:14,"CMP-4 (shared, not under test)",41,53,140.00,41.51
16:10:16,CMP-2,55,61,140.00,122.01
16:10:16,CMP-1,65,67,140.00,52.93
16:10:16,CMP-3,50,60,140.00,138.71
16:10:16,"CMP-4 (shared, not under test)",41,53,140.00,41.70
16:10:19,CMP-2,56,63,140.00,134.76
16:10:19,CMP-1,64,67,140.00,52.74
16:10:19,CMP-3,52,59,140.00,139.42
16:10:19,"CMP-4 (shared, not under test)",41,53,140.00,41.60
16:10:21,CMP-2,57,61,140.00,126.60
16:10:21,CMP-1,64,66,140.00,52.45
16:10:21,CMP-3,52,60,140.00,143.92
16:10:21,"CMP-4 (shared, not under test)",41,54,140.00,41.51
16:10:23,CMP-2,57,62,140.00,140.90
16:10:23,CMP-1,64,66,200.00,52.06
16:10:23,CMP-3,51,62,140.00,106.38
16:10:23,"CMP-4 (shared, not under test)",41,53,140.00,41.51
16:10:25,CMP-2,57,62,140.00,124.44
16:10:25,CMP-1,69,68,200.00,219.09
16:10:25,CMP-3,53,60,140.00,141.81
16:10:25,"CMP-4 (shared, not under test)",41,54,140.00,41.69
16:10:27,CMP-2,57,63,140.00,180.93
16:10:27,CMP-1,72,68,200.00,202.93
16:10:27,CMP-3,53,60,140.00,127.48
16:10:27,"CMP-4 (shared, not under test)",41,53,140.00,41.69
16:10:29,CMP-2,58,62,140.00,115.04
16:10:29,CMP-1,72,70,200.00,134.23
16:10:29,CMP-3,53,63,140.00,169.89
16:10:29,"CMP-4 (shared, not under test)",41,54,140.00,41.69
16:10:31,CMP-2,58,63,140.00,167.19
16:10:31,CMP-1,73,69,200.00,171.89
16:10:31,CMP-3,54,61,140.00,143.91
16:10:31,"CMP-4 (shared, not under test)",41,54,140.00,41.78
16:10:33,CMP-2,58,63,140.00,174.18
16:10:33,CMP-1,73,71,200.00,176.13
16:10:33,CMP-3,53,63,140.00,127.67
16:10:33,"CMP-4 (shared, not under test)",41,54,140.00,41.69
16:10:35,CMP-2,59,64,140.00,140.85
16:10:35,CMP-1,74,71,200.00,193.96
16:10:35,CMP-3,55,62,140.00,140.67
16:10:35,"CMP-4 (shared, not under test)",41,53,140.00,41.69
16:10:37,CMP-2,58,64,140.00,115.49
16:10:37,CMP-1,74,71,200.00,188.65
16:10:37,CMP-3,54,62,140.00,143.10
16:10:37,"CMP-4 (shared, not under test)",41,53,140.00,41.50
16:10:39,CMP-2,59,64,140.00,111.48
16:10:39,CMP-1,73,73,200.00,180.01
16:10:39,CMP-3,54,63,140.00,113.83
16:10:39,"CMP-4 (shared, not under test)",41,53,140.00,41.78
16:10:42,CMP-2,59,65,140.00,142.15
16:10:42,CMP-1,74,71,200.00,167.42
16:10:42,CMP-3,55,62,140.00,138.09
16:10:42,"CMP-4 (shared, not under test)",41,54,140.00,41.50
16:10:44,CMP-2,60,64,140.00,142.71
16:10:44,CMP-1,74,74,200.00,240.74
16:10:44,CMP-3,54,64,140.00,153.73
16:10:44,"CMP-4 (shared, not under test)",41,53,140.00,41.40
16:10:46,CMP-2,60,64,140.00,129.21
16:10:46,CMP-1,76,71,200.00,186.57
16:10:46,CMP-3,56,63,140.00,144.48
16:10:46,"CMP-4 (shared, not under test)",41,53,140.00,41.60
16:10:48,CMP-2,60,64,140.00,125.25
16:10:48,CMP-1,75,72,200.00,177.86
16:10:48,CMP-3,55,64,140.00,139.38
16:10:48,"CMP-4 (shared, not under test)",41,54,140.00,41.50
16:10:50,CMP-2,60,65,140.00,143.08
16:10:50,CMP-1,76,73,200.00,248.97
16:10:50,CMP-3,56,63,140.00,143.43
16:10:50,"CMP-4 (shared, not under test)",41,53,140.00,41.48
16:10:52,CMP-2,60,65,140.00,147.43
16:10:52,CMP-1,76,71,200.00,191.68
16:10:52,CMP-3,56,63,140.00,143.33
16:10:52,"CMP-4 (shared, not under test)",41,54,140.00,41.50
16:10:54,CMP-2,61,66,140.00,170.92
16:10:54,CMP-1,76,73,200.00,195.50
16:10:54,CMP-3,55,64,140.00,181.01
16:10:54,"CMP-4 (shared, not under test)",41,54,140.00,41.57
16:10:56,CMP-2,61,65,140.00,141.37
16:10:56,CMP-1,76,72,200.00,185.68
16:10:56,CMP-3,57,64,140.00,137.41
16:10:56,"CMP-4 (shared, not under test)",41,53,140.00,41.60
16:10:58,CMP-2,61,66,140.00,149.20
16:10:58,CMP-1,75,74,200.00,189.29
16:10:58,CMP-3,56,64,140.00,90.09
16:10:58,"CMP-4 (shared, not under test)",41,53,140.00,41.50
16:11:00,CMP-2,62,65,140.00,158.17
16:11:00,CMP-1,76,73,200.00,184.35
16:11:00,CMP-3,57,63,140.00,138.28
16:11:00,"CMP-4 (shared, not under test)",41,53,140.00,41.59
16:11:02,CMP-2,61,66,140.00,110.53
16:11:02,CMP-1,76,74,200.00,218.65
16:11:02,CMP-3,57,65,140.00,122.95
16:11:02,"CMP-4 (shared, not under test)",41,53,140.00,41.50
16:11:04,CMP-2,57,64,140.00,58.23
16:11:04,CMP-1,77,72,200.00,191.96
16:11:04,CMP-3,58,64,140.00,142.59
16:11:04,"CMP-4 (shared, not under test)",41,53,140.00,41.50
16:11:06,CMP-2,62,65,140.00,146.45
16:11:06,CMP-1,76,75,200.00,220.09
16:11:06,CMP-3,58,63,140.00,143.82
16:11:06,"CMP-4 (shared, not under test)",41,53,140.00,41.30
16:11:09,CMP-2,62,66,140.00,143.83
16:11:09,CMP-1,77,74,200.00,190.50
16:11:09,CMP-3,58,63,140.00,137.61
16:11:09,"CMP-4 (shared, not under test)",41,53,140.00,41.59
16:11:11,CMP-2,62,65,140.00,144.25
16:11:11,CMP-1,77,73,200.00,173.13
16:11:11,CMP-3,58,64,140.00,142.68
16:11:11,"CMP-4 (shared, not under test)",41,53,140.00,41.50
16:11:13,CMP-2,62,66,140.00,143.23
16:11:13,CMP-1,77,73,200.00,194.37
16:11:13,CMP-3,58,66,140.00,144.54
16:11:13,"CMP-4 (shared, not under test)",41,53,140.00,41.49
16:11:15,CMP-2,63,66,140.00,142.56
16:11:15,CMP-1,77,74,200.00,198.80
16:11:15,CMP-3,59,64,140.00,141.04
16:11:15,"CMP-4 (shared, not under test)",41,53,140.00,41.89
16:11:17,CMP-2,63,66,140.00,144.36
16:11:17,CMP-1,77,73,200.00,200.43
16:11:17,CMP-3,58,67,140.00,89.42
16:11:17,"CMP-4 (shared, not under test)",41,53,140.00,41.50
16:11:19,CMP-2,63,66,140.00,138.58
16:11:19,CMP-1,75,72,200.00,73.07
16:11:19,CMP-3,59,65,140.00,140.08
16:11:19,"CMP-4 (shared, not under test)",41,53,140.00,41.51
16:11:21,CMP-2,58,65,140.00,58.42
16:11:21,CMP-1,77,73,200.00,201.19
16:11:21,CMP-3,58,65,140.00,158.19
16:11:21,"CMP-4 (shared, not under test)",41,53,140.00,41.60
16:11:23,CMP-2,57,65,140.00,57.66
16:11:23,CMP-1,77,74,200.00,198.59
16:11:23,CMP-3,59,64,140.00,144.76
16:11:23,"CMP-4 (shared, not under test)",41,53,140.00,41.50
16:11:25,CMP-2,56,65,140.00,49.52
16:11:25,CMP-1,77,74,200.00,203.28
16:11:25,CMP-3,59,65,140.00,144.10
16:11:25,"CMP-4 (shared, not under test)",41,53,140.00,41.60
16:11:27,CMP-2,61,65,140.00,115.97
16:11:27,CMP-1,70,70,200.00,75.53
16:11:27,CMP-3,59,65,140.00,158.13
16:11:27,"CMP-4 (shared, not under test)",41,53,140.00,41.50
16:11:29,CMP-2,62,67,140.00,132.40
16:11:29,CMP-1,69,69,200.00,74.33
16:11:29,CMP-3,60,65,140.00,140.72
16:11:29,"CMP-4 (shared, not under test)",41,54,140.00,41.70
16:11:31,CMP-2,62,67,140.00,137.59
16:11:31,CMP-1,74,70,200.00,190.03
16:11:31,CMP-3,59,67,140.00,121.41
16:11:31,"CMP-4 (shared, not under test)",41,54,140.00,41.58
16:11:34,CMP-2,63,65,140.00,141.18
16:11:34,CMP-1,75,75,200.00,186.59
16:11:34,CMP-3,60,66,140.00,142.18
16:11:34,"CMP-4 (shared, not under test)",41,54,140.00,41.59
16:11:36,CMP-2,62,66,140.00,125.43
16:11:36,CMP-1,76,73,200.00,259.60
16:11:36,CMP-3,59,67,140.00,159.76
16:11:36,"CMP-4 (shared, not under test)",41,53,140.00,41.69
16:11:38,CMP-2,63,68,140.00,158.64
16:11:38,CMP-1,75,74,200.00,252.57
16:11:38,CMP-3,60,65,140.00,143.33
16:11:38,"CMP-4 (shared, not under test)",41,53,140.00,41.69
16:11:40,CMP-2,63,67,140.00,173.97
16:11:40,CMP-1,77,73,200.00,196.28
16:11:40,CMP-3,59,66,140.00,137.10
16:11:40,"CMP-4 (shared, not under test)",41,53,140.00,41.60
16:11:42,CMP-2,64,66,140.00,135.44
16:11:42,CMP-1,76,73,200.00,198.41
16:11:42,CMP-3,61,66,140.00,141.05
16:11:42,"CMP-4 (shared, not under test)",41,53,140.00,41.60
16:11:44,CMP-2,63,67,140.00,95.06
16:11:44,CMP-1,76,74,200.00,232.10
16:11:44,CMP-3,60,67,140.00,125.36
16:11:44,"CMP-4 (shared, not under test)",41,54,140.00,41.60
16:11:46,CMP-2,64,66,140.00,141.13
16:11:46,CMP-1,76,73,200.00,226.17
16:11:46,CMP-3,61,66,140.00,142.00
16:11:46,"CMP-4 (shared, not under test)",41,53,140.00,41.60
16:11:48,CMP-2,64,68,140.00,169.10
16:11:48,CMP-1,77,73,200.00,187.02
16:11:48,CMP-3,61,66,140.00,142.05
16:11:48,"CMP-4 (shared, not under test)",41,53,140.00,41.58
16:11:50,CMP-2,63,68,140.00,162.53
16:11:50,CMP-1,77,74,200.00,175.06
16:11:50,CMP-3,61,67,140.00,168.81
16:11:50,"CMP-4 (shared, not under test)",41,54,140.00,41.59
16:11:52,CMP-2,64,69,140.00,141.88
16:11:52,CMP-1,77,74,200.00,171.60
16:11:52,CMP-3,61,67,140.00,141.81
16:11:52,"CMP-4 (shared, not under test)",41,53,140.00,41.50
16:11:54,CMP-2,64,67,140.00,106.03
16:11:54,CMP-1,77,75,200.00,156.87
16:11:54,CMP-3,60,68,140.00,160.85
16:11:54,"CMP-4 (shared, not under test)",41,54,140.00,41.50
16:11:56,CMP-2,64,67,140.00,137.33
16:11:56,CMP-1,78,73,200.00,196.56
16:11:56,CMP-3,61,66,140.00,139.71
16:11:56,"CMP-4 (shared, not under test)",41,53,140.00,41.69
16:11:58,CMP-2,64,69,140.00,136.83
16:11:58,CMP-1,77,74,200.00,184.64
16:11:58,CMP-3,60,68,140.00,114.38
16:11:58,"CMP-4 (shared, not under test)",41,53,140.00,41.50
16:12:01,CMP-2,65,68,140.00,111.20
16:12:01,CMP-1,77,76,200.00,200.63
16:12:01,CMP-3,62,66,140.00,140.76
16:12:01,"CMP-4 (shared, not under test)",41,54,140.00,41.60
16:12:03,CMP-2,65,68,140.00,148.26
16:12:03,CMP-1,77,75,200.00,225.99
16:12:03,CMP-3,61,67,140.00,133.56
16:12:03,"CMP-4 (shared, not under test)",41,54,140.00,41.49
16:12:05,CMP-2,65,67,140.00,123.56
16:12:05,CMP-1,78,75,200.00,197.76
16:12:05,CMP-3,61,68,140.00,132.49
16:12:05,"CMP-4 (shared, not under test)",41,54,140.00,41.60
16:12:07,CMP-2,65,68,140.00,142.62
16:12:07,CMP-1,78,74,200.00,162.20
16:12:07,CMP-3,61,66,140.00,142.96
16:12:07,"CMP-4 (shared, not under test)",41,53,140.00,41.50
16:12:09,CMP-2,65,69,140.00,186.56
16:12:09,CMP-1,78,77,200.00,214.64
16:12:09,CMP-3,62,68,140.00,152.00
16:12:09,"CMP-4 (shared, not under test)",41,54,140.00,41.99
16:12:11,CMP-2,65,67,140.00,133.30
16:12:11,CMP-1,78,75,200.00,162.09
16:12:11,CMP-3,62,68,140.00,141.14
16:12:11,"CMP-4 (shared, not under test)",41,54,140.00,41.50
16:12:13,CMP-2,65,70,140.00,133.87
16:12:13,CMP-1,77,75,200.00,221.69
16:12:13,CMP-3,61,68,140.00,138.57
16:12:13,"CMP-4 (shared, not under test)",41,54,140.00,41.47
16:12:15,CMP-2,65,68,140.00,106.38
16:12:15,CMP-1,79,73,200.00,167.04
16:12:15,CMP-3,62,66,140.00,142.47
16:12:15,"CMP-4 (shared, not under test)",41,54,140.00,41.68
16:12:17,CMP-2,66,68,140.00,132.57
16:12:17,CMP-1,78,75,200.00,199.87
16:12:17,CMP-3,61,68,140.00,112.85
16:12:17,"CMP-4 (shared, not under test)",41,53,140.00,41.38
16:12:19,CMP-2,65,70,140.00,153.49
16:12:19,CMP-1,78,74,200.00,169.51
16:12:19,CMP-3,62,68,140.00,141.90
16:12:19,"CMP-4 (shared, not under test)",41,53,140.00,41.50
16:12:21,CMP-2,66,68,140.00,127.58
16:12:21,CMP-1,77,74,200.00,182.43
16:12:21,CMP-3,61,69,140.00,93.50
16:12:21,"CMP-4 (shared, not under test)",41,53,140.00,41.69
16:12:23,CMP-2,66,69,140.00,139.61
16:12:23,CMP-1,79,75,200.00,201.09
16:12:23,CMP-3,62,68,140.00,142.82
16:12:23,"CMP-4 (shared, not under test)",41,54,140.00,41.50
16:12:25,CMP-2,65,69,140.00,136.01
16:12:25,CMP-1,78,75,200.00,216.69
16:12:25,CMP-3,61,69,140.00,164.21
16:12:25,"CMP-4 (shared, not under test)",41,54,140.00,41.69
16:12:28,CMP-2,66,68,140.00,110.29
16:12:28,CMP-1,79,75,200.00,201.95
16:12:28,CMP-3,63,68,140.00,142.91
16:12:28,"CMP-4 (shared, not under test)",41,54,140.00,41.50
16:12:30,CMP-2,66,70,140.00,147.17
16:12:30,CMP-1,79,75,200.00,202.98
16:12:30,CMP-3,62,69,140.00,139.68
16:12:30,"CMP-4 (shared, not under test)",41,54,140.00,41.59
16:12:32,CMP-2,65,68,140.00,144.14
16:12:32,CMP-1,79,74,200.00,195.81
16:12:32,CMP-3,63,69,140.00,158.00
16:12:32,"CMP-4 (shared, not under test)",41,54,140.00,41.60
16:12:34,CMP-2,66,69,140.00,140.28
16:12:34,CMP-1,72,71,200.00,76.81
16:12:34,CMP-3,62,67,140.00,133.25
16:12:34,"CMP-4 (shared, not under test)",41,53,140.00,41.60
16:12:36,CMP-2,64,68,140.00,65.01
16:12:36,CMP-1,70,70,200.00,75.72
16:12:36,CMP-3,62,67,140.00,141.58
16:12:36,"CMP-4 (shared, not under test)",41,52,140.00,41.61
16:12:38,CMP-2,66,68,140.00,139.43
16:12:38,CMP-1,69,70,200.00,54.86
16:12:38,CMP-3,63,67,140.00,140.95
16:12:38,"CMP-4 (shared, not under test)",41,54,140.00,41.60
16:12:40,CMP-2,66,69,140.00,129.99
16:12:40,CMP-1,68,69,200.00,54.28
16:12:40,CMP-3,62,68,140.00,145.54
16:12:40,"CMP-4 (shared, not under test)",41,54,140.00,41.72
16:12:42,CMP-2,67,70,140.00,142.05
16:12:42,CMP-1,67,68,250.00,54.38
16:12:42,CMP-3,58,68,140.00,50.69
16:12:42,"CMP-4 (shared, not under test)",41,54,140.00,41.61
16:12:44,CMP-2,67,69,140.00,143.99
16:12:44,CMP-1,77,73,250.00,240.14
16:12:44,CMP-3,57,66,140.00,63.91
16:12:44,"CMP-4 (shared, not under test)",41,54,140.00,41.59
16:12:46,CMP-2,67,69,140.00,143.99
16:12:46,CMP-1,79,76,250.00,242.15
16:12:46,CMP-3,56,66,140.00,47.10
16:12:46,"CMP-4 (shared, not under test)",41,53,140.00,41.69
16:12:48,CMP-2,61,67,140.00,53.80
16:12:48,CMP-1,80,73,250.00,241.73
16:12:48,CMP-3,60,67,140.00,140.55
16:12:48,"CMP-4 (shared, not under test)",41,54,140.00,41.69
16:12:50,CMP-2,60,68,140.00,52.10
16:12:50,CMP-1,80,75,250.00,240.30
16:12:50,CMP-3,61,68,140.00,138.29
16:12:50,"CMP-4 (shared, not under test)",41,54,140.00,41.69
16:12:52,CMP-2,60,66,140.00,51.49
16:12:52,CMP-1,80,76,250.00,180.23
16:12:52,CMP-3,61,67,140.00,142.87
16:12:52,"CMP-4 (shared, not under test)",41,54,140.00,41.60
16:12:55,CMP-2,59,66,140.00,51.13
16:12:55,CMP-1,81,75,250.00,236.41
16:12:55,CMP-3,61,67,140.00,141.85
16:12:55,"CMP-4 (shared, not under test)",41,54,140.00,42.09
16:12:57,CMP-2,59,66,200.00,50.85
16:12:57,CMP-1,82,75,250.00,245.91
16:12:57,CMP-3,61,67,140.00,143.96
16:12:57,"CMP-4 (shared, not under test)",41,54,140.00,41.69
16:12:59,CMP-2,65,67,200.00,151.84
16:12:59,CMP-1,81,78,250.00,282.67
16:12:59,CMP-3,62,67,140.00,142.75
16:12:59,"CMP-4 (shared, not under test)",41,54,140.00,41.58
16:13:01,CMP-2,69,69,200.00,201.76
16:13:01,CMP-1,83,76,250.00,249.65
16:13:01,CMP-3,62,67,140.00,142.72
16:13:01,"CMP-4 (shared, not under test)",41,54,140.00,41.57
16:13:03,CMP-2,69,69,200.00,174.99
16:13:03,CMP-1,76,75,140.00,142.00
16:13:03,CMP-3,62,67,140.00,141.50
16:13:03,"CMP-4 (shared, not under test)",41,54,140.00,41.50
16:13:05,CMP-2,70,70,200.00,202.19
16:13:05,CMP-1,75,74,140.00,134.93
16:13:05,CMP-3,62,68,140.00,140.80
16:13:05,"CMP-4 (shared, not under test)",41,54,140.00,41.60
16:13:07,CMP-2,70,70,200.00,188.19
16:13:07,CMP-1,75,74,140.00,175.11
16:13:07,CMP-3,62,67,140.00,197.69
16:13:07,"CMP-4 (shared, not under test)",41,54,140.00,41.48
16:13:09,CMP-2,69,71,200.00,197.77
16:13:09,CMP-1,75,74,140.00,107.02
16:13:09,CMP-3,60,67,140.00,55.65
16:13:09,"CMP-4 (shared, not under test)",41,54,140.00,41.57
16:13:11,CMP-2,71,70,200.00,176.57
16:13:11,CMP-1,74,74,140.00,114.61
16:13:11,CMP-3,61,68,140.00,141.06
16:13:11,"CMP-4 (shared, not under test)",41,54,140.00,41.60
16:13:13,CMP-2,72,70,200.00,196.14
16:13:13,CMP-1,75,73,140.00,141.00
16:13:13,CMP-3,62,69,140.00,139.73
16:13:13,"CMP-4 (shared, not under test)",41,54,140.00,41.58
16:13:15,CMP-2,71,71,200.00,165.17
16:13:15,CMP-1,75,74,140.00,154.18
16:13:15,CMP-3,62,68,140.00,131.91
16:13:15,"CMP-4 (shared, not under test)",41,54,140.00,41.59
16:13:17,CMP-2,73,72,200.00,189.63
16:13:17,CMP-1,74,74,140.00,162.31
16:13:17,CMP-3,62,68,140.00,140.63
16:13:17,"CMP-4 (shared, not under test)",41,54,140.00,41.68
16:13:20,CMP-2,72,72,200.00,228.41
16:13:20,CMP-1,74,73,140.00,113.48
16:13:20,CMP-3,57,65,140.00,57.20
16:13:20,"CMP-4 (shared, not under test)",41,54,140.00,41.50
16:13:22,CMP-2,74,72,200.00,200.93
16:13:22,CMP-1,74,73,140.00,125.21
16:13:22,CMP-3,56,65,140.00,47.12
16:13:22,"CMP-4 (shared, not under test)",41,54,140.00,41.50
16:13:24,CMP-2,73,72,200.00,180.90
16:13:24,CMP-1,74,73,140.00,153.94
16:13:24,CMP-3,55,64,140.00,46.73
16:13:24,"CMP-4 (shared, not under test)",41,54,140.00,41.50
16:13:26,CMP-2,73,74,200.00,193.48
16:13:26,CMP-1,73,73,140.00,179.26
16:13:26,CMP-3,55,64,140.00,47.31
16:13:26,"CMP-4 (shared, not under test)",41,54,140.00,41.60
16:13:28,CMP-2,75,73,200.00,184.03
16:13:28,CMP-1,73,73,140.00,135.00
16:13:28,CMP-3,59,66,140.00,128.51
16:13:28,"CMP-4 (shared, not under test)",41,54,140.00,41.69
16:13:30,CMP-2,74,75,200.00,201.23
16:13:30,CMP-1,74,71,140.00,138.88
16:13:30,CMP-3,56,64,140.00,63.44
16:13:30,"CMP-4 (shared, not under test)",41,54,140.00,41.59
16:13:32,CMP-2,74,74,200.00,178.12
16:13:32,CMP-1,74,72,140.00,141.67
16:13:32,CMP-3,54,63,140.00,46.64
16:13:32,"CMP-4 (shared, not under test)",41,54,140.00,41.60
16:13:34,CMP-2,74,74,200.00,196.71
16:13:34,CMP-1,73,73,140.00,100.91
16:13:34,CMP-3,54,63,140.00,46.17
16:13:34,"CMP-4 (shared, not under test)",41,54,140.00,41.61
16:13:36,CMP-2,76,74,200.00,182.63
16:13:36,CMP-1,73,71,140.00,112.39
16:13:36,CMP-3,54,63,140.00,45.97
16:13:36,"CMP-4 (shared, not under test)",41,54,140.00,41.59
16:13:38,CMP-2,75,76,200.00,137.77
16:13:38,CMP-1,73,73,140.00,143.00
16:13:38,CMP-3,59,64,140.00,136.94
16:13:38,"CMP-4 (shared, not under test)",41,54,140.00,41.59
16:13:40,CMP-2,76,75,200.00,198.13
16:13:40,CMP-1,70,71,140.00,65.39
16:13:40,CMP-3,58,68,140.00,136.41
16:13:40,"CMP-4 (shared, not under test)",41,54,140.00,41.60
16:13:42,CMP-2,76,75,200.00,189.82
16:13:42,CMP-1,73,71,140.00,140.51
16:13:42,CMP-3,60,65,140.00,141.90
16:13:42,"CMP-4 (shared, not under test)",41,54,140.00,41.58
16:13:45,CMP-2,76,75,200.00,170.03
16:13:45,CMP-1,72,71,140.00,142.80
16:13:45,CMP-3,60,66,140.00,132.97
16:13:45,"CMP-4 (shared, not under test)",41,54,140.00,41.79
16:13:47,CMP-2,76,74,200.00,201.59
16:13:47,CMP-1,72,71,140.00,144.57
16:13:47,CMP-3,60,66,140.00,142.18
16:13:47,"CMP-4 (shared, not under test)",41,54,140.00,41.69
16:13:49,CMP-2,77,75,200.00,197.60
16:13:49,CMP-1,72,70,140.00,142.73
16:13:49,CMP-3,61,67,140.00,140.39
16:13:49,"CMP-4 (shared, not under test)",41,54,140.00,41.78
16:13:51,CMP-2,76,75,200.00,77.80
16:13:51,CMP-1,72,70,140.00,138.19
16:13:51,CMP-3,61,66,140.00,140.61
16:13:51,"CMP-4 (shared, not under test)",41,54,140.00,41.69
16:13:53,CMP-2,77,75,200.00,200.80
16:13:53,CMP-1,71,71,140.00,106.10
16:13:53,CMP-3,61,67,140.00,143.34
16:13:53,"CMP-4 (shared, not under test)",41,54,140.00,41.79
16:13:55,CMP-2,69,73,200.00,66.84
16:13:55,CMP-1,72,70,140.00,142.25
16:13:55,CMP-3,61,68,140.00,122.56
16:13:55,"CMP-4 (shared, not under test)",41,54,140.00,41.82
16:13:57,CMP-2,67,72,200.00,56.09
16:13:57,CMP-1,68,69,140.00,73.80
16:13:57,CMP-3,61,67,140.00,138.52
16:13:57,"CMP-4 (shared, not under test)",41,54,140.00,41.79
16:13:59,CMP-2,66,71,200.00,55.71
16:13:59,CMP-1,67,68,140.00,72.45
16:13:59,CMP-3,61,68,140.00,112.06
16:13:59,"CMP-4 (shared, not under test)",41,54,140.00,41.74
16:14:01,CMP-2,76,74,200.00,192.01
16:14:01,CMP-1,65,68,140.00,52.92
16:14:01,CMP-3,61,67,140.00,140.58
16:14:01,"CMP-4 (shared, not under test)",41,54,140.00,41.69
16:14:03,CMP-2,76,74,200.00,201.45
16:14:03,CMP-1,70,68,140.00,129.45
16:14:03,CMP-3,61,67,140.00,138.95
16:14:03,"CMP-4 (shared, not under test)",41,54,140.00,41.68
16:14:05,CMP-2,77,74,200.00,197.42
16:14:05,CMP-1,70,70,140.00,115.54
16:14:05,CMP-3,62,66,140.00,141.23
16:14:05,"CMP-4 (shared, not under test)",41,54,140.00,41.60
16:14:07,CMP-2,77,75,200.00,201.03
16:14:07,CMP-1,70,69,140.00,111.12
16:14:07,CMP-3,60,68,140.00,157.49
16:14:07,"CMP-4 (shared, not under test)",41,54,140.00,41.60
16:14:09,CMP-2,77,75,200.00,190.85
16:14:09,CMP-1,70,69,140.00,146.54
16:14:09,CMP-3,62,66,140.00,143.38
16:14:09,"CMP-4 (shared, not under test)",41,54,140.00,41.60
16:14:12,CMP-2,77,76,200.00,209.23
16:14:12,CMP-1,69,71,140.00,120.02
16:14:12,CMP-3,60,68,140.00,113.74
16:14:12,"CMP-4 (shared, not under test)",41,54,140.00,41.69
16:14:14,CMP-2,77,76,200.00,195.66
16:14:14,CMP-1,70,68,140.00,141.23
16:14:14,CMP-3,62,67,140.00,141.81
16:14:14,"CMP-4 (shared, not under test)",41,54,140.00,41.50
16:14:16,CMP-2,77,77,200.00,177.10
16:14:16,CMP-1,69,69,140.00,157.24
16:14:16,CMP-3,62,68,140.00,122.28
16:14:16,"CMP-4 (shared, not under test)",41,54,140.00,41.69
16:14:18,CMP-2,79,76,200.00,198.47
16:14:18,CMP-1,70,68,140.00,134.01
16:14:18,CMP-3,62,69,140.00,142.91
16:14:18,"CMP-4 (shared, not under test)",41,54,140.00,41.59
16:14:20,CMP-2,78,77,200.00,206.29
16:14:20,CMP-1,69,70,140.00,119.44
16:14:20,CMP-3,62,68,140.00,137.52
16:14:20,"CMP-4 (shared, not under test)",41,54,140.00,41.68
16:14:22,CMP-2,78,76,200.00,181.77
16:14:22,CMP-1,70,69,140.00,140.57
16:14:22,CMP-3,63,66,140.00,141.13
16:14:22,"CMP-4 (shared, not under test)",41,54,140.00,41.79
16:14:24,CMP-2,78,78,200.00,197.82
16:14:24,CMP-1,70,68,140.00,140.18
16:14:24,CMP-3,62,67,140.00,142.00
16:14:24,"CMP-4 (shared, not under test)",41,54,140.00,41.58
16:14:26,CMP-2,79,77,200.00,232.38
16:14:26,CMP-1,69,69,140.00,102.10
16:14:26,CMP-3,63,68,140.00,141.33
16:14:26,"CMP-4 (shared, not under test)",41,54,140.00,41.60
16:14:28,CMP-2,79,76,200.00,187.79
16:14:28,CMP-1,70,68,140.00,141.57
16:14:28,CMP-3,63,67,140.00,142.47
16:14:28,"CMP-4 (shared, not under test)",41,54,140.00,41.60
16:14:30,CMP-2,79,78,200.00,198.91
16:14:30,CMP-1,69,68,140.00,114.82
16:14:30,CMP-3,63,67,140.00,142.42
16:14:30,"CMP-4 (shared, not under test)",41,54,140.00,41.79
16:14:32,CMP-2,79,78,200.00,172.37
16:14:32,CMP-1,70,68,140.00,148.60
16:14:32,CMP-3,63,68,140.00,141.71
16:14:32,"CMP-4 (shared, not under test)",41,54,140.00,41.69
16:14:34,CMP-2,80,77,200.00,173.95
16:14:34,CMP-1,69,71,140.00,163.29
16:14:34,CMP-3,63,69,140.00,142.47
16:14:34,"CMP-4 (shared, not under test)",41,54,140.00,41.69
16:14:37,CMP-2,80,78,200.00,226.05
16:14:37,CMP-1,70,67,140.00,139.70
16:14:37,CMP-3,63,67,140.00,143.29
16:14:37,"CMP-4 (shared, not under test)",41,54,140.00,41.68
16:14:39,CMP-2,80,78,200.00,185.66
16:14:39,CMP-1,69,69,140.00,96.47
16:14:39,CMP-3,63,69,140.00,144.66
16:14:39,"CMP-4 (shared, not under test)",41,54,140.00,41.58
16:14:41,CMP-2,80,79,200.00,200.83
16:14:41,CMP-1,69,68,140.00,141.76
16:14:41,CMP-3,63,68,140.00,140.28
16:14:41,"CMP-4 (shared, not under test)",41,54,140.00,41.69
16:14:43,CMP-2,80,79,200.00,228.71
16:14:43,CMP-1,69,69,140.00,145.26
16:14:43,CMP-3,63,70,140.00,146.53
16:14:43,"CMP-4 (shared, not under test)",41,54,140.00,41.60
16:14:45,CMP-2,76,78,200.00,73.52
16:14:45,CMP-1,69,69,140.00,118.93
16:14:45,CMP-3,63,68,140.00,142.10
16:14:45,"CMP-4 (shared, not under test)",41,54,140.00,41.79
16:14:47,CMP-2,80,77,200.00,199.47
16:14:47,CMP-1,69,69,140.00,167.24
16:14:47,CMP-3,62,70,140.00,150.34
16:14:47,"CMP-4 (shared, not under test)",41,54,140.00,41.69
16:14:49,CMP-2,80,77,200.00,191.63
16:14:49,CMP-1,69,67,140.00,140.66
16:14:49,CMP-3,63,69,140.00,138.37
16:14:49,"CMP-4 (shared, not under test)",41,54,140.00,41.60
16:14:51,CMP-2,77,77,200.00,76.18
16:14:51,CMP-1,68,70,140.00,156.36
16:14:51,CMP-3,63,69,140.00,152.10
16:14:51,"CMP-4 (shared, not under test)",41,54,140.00,41.60
16:14:53,CMP-2,81,79,200.00,200.35
16:14:53,CMP-1,68,68,140.00,138.60
16:14:53,CMP-3,63,68,140.00,139.56
16:14:53,"CMP-4 (shared, not under test)",41,54,140.00,41.69
16:14:55,CMP-2,81,78,200.00,201.64
16:14:55,CMP-1,69,68,140.00,151.74
16:14:55,CMP-3,62,69,140.00,144.72
16:14:55,"CMP-4 (shared, not under test)",41,54,140.00,41.67
16:14:57,CMP-2,72,76,200.00,70.32
16:14:57,CMP-1,69,68,140.00,131.01
16:14:57,CMP-3,64,69,140.00,138.75
16:14:57,"CMP-4 (shared, not under test)",41,54,140.00,41.70
16:14:59,CMP-2,71,75,200.00,60.45
16:14:59,CMP-1,68,68,140.00,96.82
16:14:59,CMP-3,62,70,140.00,119.91
16:14:59,"CMP-4 (shared, not under test)",41,54,140.00,41.70
16:15:01,CMP-2,70,75,200.00,58.27
16:15:01,CMP-1,69,68,140.00,135.91
16:15:01,CMP-3,64,68,140.00,141.47
16:15:01,"CMP-4 (shared, not under test)",41,54,140.00,41.70
16:15:04,CMP-2,69,74,250.00,59.91
16:15:04,CMP-1,68,69,140.00,198.33
16:15:04,CMP-3,62,70,140.00,142.72
16:15:04,"CMP-4 (shared, not under test)",41,54,140.00,41.71
16:15:06,CMP-2,68,74,250.00,57.23
16:15:06,CMP-1,69,67,140.00,140.90
16:15:06,CMP-3,64,69,140.00,139.24
16:15:06,"CMP-4 (shared, not under test)",41,54,140.00,41.81
16:15:08,CMP-2,80,79,250.00,262.72
16:15:08,CMP-1,68,67,140.00,142.18
16:15:08,CMP-3,63,70,140.00,144.29
16:15:08,"CMP-4 (shared, not under test)",41,54,140.00,41.79
16:15:10,CMP-2,82,77,250.00,208.90
16:15:10,CMP-1,68,68,140.00,127.44
16:15:10,CMP-3,64,69,140.00,140.19
16:15:10,"CMP-4 (shared, not under test)",41,54,140.00,41.88
16:15:12,CMP-2,83,77,250.00,256.99
16:15:12,CMP-1,68,68,140.00,110.27
16:15:12,CMP-3,63,72,140.00,176.34
16:15:12,"CMP-4 (shared, not under test)",41,54,140.00,41.58
16:15:14,CMP-2,76,77,140.00,112.12
16:15:14,CMP-1,68,68,140.00,113.07
16:15:14,CMP-3,64,69,140.00,141.81
16:15:14,"CMP-4 (shared, not under test)",41,54,140.00,41.69
16:15:16,CMP-2,76,77,140.00,141.56
16:15:16,CMP-1,68,68,140.00,131.03
16:15:16,CMP-3,63,71,140.00,139.83
16:15:16,"CMP-4 (shared, not under test)",41,54,140.00,41.81
16:15:18,CMP-2,76,75,140.00,142.51
16:15:18,CMP-1,68,68,140.00,139.99
16:15:18,CMP-3,64,69,140.00,141.81
16:15:18,"CMP-4 (shared, not under test)",41,54,140.00,41.60
16:15:20,CMP-2,76,75,140.00,142.03
16:15:20,CMP-1,68,67,140.00,144.19
16:15:20,CMP-3,62,71,140.00,113.84
16:15:20,"CMP-4 (shared, not under test)",41,54,140.00,41.60
16:15:22,CMP-2,75,75,140.00,124.96
16:15:22,CMP-1,65,65,140.00,70.41
16:15:22,CMP-3,64,69,140.00,140.39
16:15:22,"CMP-4 (shared, not under test)",41,54,140.00,41.70
16:15:24,CMP-2,74,77,140.00,101.72
16:15:24,CMP-1,63,64,140.00,51.59
16:15:24,CMP-3,63,69,140.00,138.52
16:15:24,"CMP-4 (shared, not under test)",42,54,140.00,41.60
16:15:26,CMP-2,74,76,140.00,114.08
16:15:26,CMP-1,63,65,140.00,51.48
16:15:26,CMP-3,64,68,140.00,139.14
16:15:27,"CMP-4 (shared, not under test)",42,54,140.00,41.70
16:15:29,CMP-2,75,77,140.00,111.21
16:15:29,CMP-1,62,63,140.00,50.89
16:15:29,CMP-3,63,71,140.00,120.44
16:15:29,"CMP-4 (shared, not under test)",42,54,140.00,41.79
16:15:31,CMP-2,75,76,140.00,152.96
16:15:31,CMP-1,61,63,140.00,50.51
16:15:31,CMP-3,64,68,140.00,140.58
16:15:31,"CMP-4 (shared, not under test)",42,54,140.00,41.70
16:15:33,CMP-2,75,76,140.00,161.66
16:15:33,CMP-1,61,63,140.00,50.33
16:15:33,CMP-3,64,70,140.00,138.49
16:15:33,"CMP-4 (shared, not under test)",42,54,140.00,41.60
16:15:35,CMP-2,75,76,140.00,141.27
16:15:35,CMP-1,60,62,140.00,50.13
16:15:35,CMP-3,65,69,140.00,142.58
16:15:35,"CMP-4 (shared, not under test)",42,54,140.00,41.81
16:15:37,CMP-2,75,75,140.00,141.84
16:15:37,CMP-1,60,62,140.00,50.05
16:15:37,CMP-3,63,69,140.00,126.22
16:15:37,"CMP-4 (shared, not under test)",42,54,140.00,41.60
16:15:39,CMP-2,75,76,140.00,138.89
16:15:39,CMP-1,60,62,140.00,49.67
16:15:39,CMP-3,65,68,140.00,141.47
16:15:39,"CMP-4 (shared, not under test)",42,54,140.00,41.70
16:15:41,CMP-2,75,76,140.00,139.74
16:15:41,CMP-1,59,61,140.00,49.47
16:15:41,CMP-3,64,69,140.00,137.76
16:15:41,"CMP-4 (shared, not under test)",42,54,140.00,41.81
16:15:43,CMP-2,74,74,140.00,107.06
16:15:43,CMP-1,59,61,140.00,49.19
16:15:43,CMP-3,65,70,140.00,140.76
16:15:43,"CMP-4 (shared, not under test)",42,54,140.00,41.79
16:15:45,CMP-2,74,76,140.00,114.79
16:15:45,CMP-1,59,61,140.00,48.99
16:15:45,CMP-3,64,69,140.00,142.86
16:15:45,"CMP-4 (shared, not under test)",42,54,140.00,41.70
16:15:47,CMP-2,74,77,140.00,116.32
16:15:47,CMP-1,58,60,140.00,48.88
16:15:47,CMP-3,65,69,140.00,141.86
16:15:47,"CMP-4 (shared, not under test)",42,54,140.00,41.60
16:15:49,CMP-2,74,76,140.00,167.16
16:15:49,CMP-1,58,60,140.00,48.59
16:15:49,CMP-3,64,69,140.00,135.80
16:15:49,"CMP-4 (shared, not under test)",42,54,140.00,41.61
16:15:51,CMP-2,74,77,140.00,140.44
16:15:51,CMP-1,58,60,140.00,48.52
16:15:51,CMP-3,65,69,140.00,140.91
16:15:51,"CMP-4 (shared, not under test)",42,54,140.00,41.70
16:15:53,CMP-2,73,75,140.00,117.91
16:15:53,CMP-1,57,59,140.00,48.42
16:15:53,CMP-3,63,70,140.00,112.68
16:15:53,"CMP-4 (shared, not under test)",42,54,140.00,41.71
16:15:56,CMP-2,74,76,140.00,169.86
16:15:56,CMP-1,57,59,140.00,48.40
16:15:56,CMP-3,65,70,140.00,141.28
16:15:56,"CMP-4 (shared, not under test)",42,54,140.00,41.60
16:15:58,CMP-2,74,75,140.00,141.62
16:15:58,CMP-1,57,59,140.00,48.10
16:15:58,CMP-3,63,71,140.00,188.99
16:15:58,"CMP-4 (shared, not under test)",42,54,140.00,41.79
16:16:00,CMP-2,74,76,140.00,124.19
16:16:00,CMP-1,56,58,140.00,47.72
16:16:00,CMP-3,65,70,140.00,141.66
16:16:00,"CMP-4 (shared, not under test)",42,54,140.00,41.70
16:16:02,CMP-2,74,76,140.00,142.70
16:16:02,CMP-1,56,58,140.00,47.72
16:16:02,CMP-3,64,72,140.00,151.64
16:16:02,"CMP-4 (shared, not under test)",42,54,140.00,41.79
16:16:04,CMP-2,74,76,140.00,155.37
16:16:04,CMP-1,56,58,140.00,47.63
16:16:04,CMP-3,65,70,140.00,140.18
16:16:04,"CMP-4 (shared, not under test)",42,54,140.00,41.70
16:16:06,CMP-2,75,75,140.00,141.17
16:16:06,CMP-1,56,58,140.00,47.44
16:16:06,CMP-3,63,72,140.00,96.48
16:16:06,"CMP-4 (shared, not under test)",42,54,140.00,41.89
16:16:08,CMP-2,75,75,140.00,142.79
16:16:08,CMP-1,55,57,140.00,47.26
16:16:08,CMP-3,65,69,140.00,142.96
16:16:08,"CMP-4 (shared, not under test)",42,54,140.00,41.89
16:16:10,CMP-2,74,76,140.00,165.53
16:16:10,CMP-1,55,57,140.00,47.16
16:16:10,CMP-3,64,72,140.00,163.81
16:16:10,"CMP-4 (shared, not under test)",42,54,140.00,41.71
16:16:12,CMP-2,71,75,140.00,68.83
16:16:12,CMP-1,55,57,140.00,47.39
16:16:12,CMP-3,65,69,140.00,143.20
16:16:12,"CMP-4 (shared, not under test)",42,54,140.00,42.19
16:16:14,CMP-2,74,74,140.00,139.77
16:16:14,CMP-1,54,57,140.00,47.18
16:16:14,CMP-3,64,71,140.00,124.92
16:16:14,"CMP-4 (shared, not under test)",42,54,140.00,41.70
16:16:16,CMP-2,74,74,140.00,146.28
16:16:16,CMP-1,54,56,140.00,46.95
16:16:16,CMP-3,65,70,140.00,139.80
16:16:16,"CMP-4 (shared, not under test)",42,54,140.00,41.71
16:16:18,CMP-2,74,75,140.00,144.61
16:16:18,CMP-1,54,56,140.00,46.75
16:16:18,CMP-3,65,71,140.00,104.81
16:16:18,"CMP-4 (shared, not under test)",42,54,140.00,41.69
16:16:20,CMP-2,74,75,140.00,127.71
16:16:20,CMP-1,54,56,140.00,46.66
16:16:20,CMP-3,65,69,140.00,141.38
16:16:20,"CMP-4 (shared, not under test)",42,54,140.00,41.72
16:16:23,CMP-2,74,75,140.00,143.76
16:16:23,CMP-1,54,56,140.00,46.58
16:16:23,CMP-3,63,70,140.00,57.10
16:16:23,"CMP-4 (shared, not under test)",42,54,140.00,41.60
16:16:25,CMP-2,74,75,140.00,145.65
16:16:25,CMP-1,53,56,140.00,46.59
16:16:25,CMP-3,60,69,140.00,66.52
16:16:25,"CMP-4 (shared, not under test)",42,54,140.00,41.71
16:16:27,CMP-2,74,75,140.00,145.15
16:16:27,CMP-1,53,55,140.00,46.38
16:16:27,CMP-3,64,70,140.00,142.52
16:16:27,"CMP-4 (shared, not under test)",42,54,140.00,41.60
16:16:29,CMP-2,71,74,140.00,67.60
16:16:29,CMP-1,53,55,140.00,46.03
16:16:29,CMP-3,64,70,140.00,137.62
16:16:29,"CMP-4 (shared, not under test)",42,54,140.00,41.61
16:16:31,CMP-2,68,73,140.00,56.98
16:16:31,CMP-1,53,55,140.00,46.04
16:16:31,CMP-3,64,71,140.00,107.14
16:16:31,"CMP-4 (shared, not under test)",42,54,140.00,41.82
16:16:33,CMP-2,67,73,140.00,61.20
16:16:33,CMP-1,52,55,140.00,46.12
16:16:33,CMP-3,65,71,140.00,143.01
16:16:33,"CMP-4 (shared, not under test)",42,54,140.00,41.71
16:16:35,CMP-2,72,73,140.00,127.78
16:16:35,CMP-1,52,54,140.00,46.01
16:16:35,CMP-3,64,71,140.00,143.19
16:16:35,"CMP-4 (shared, not under test)",42,54,140.00,41.79
16:16:37,CMP-2,73,73,140.00,141.27
16:16:37,CMP-1,52,54,140.00,45.80
16:16:37,CMP-3,65,71,140.00,144.05
16:16:37,"CMP-4 (shared, not under test)",42,54,140.00,41.70
16:16:39,CMP-2,73,73,140.00,139.13
16:16:39,CMP-1,52,54,140.00,45.71
16:16:39,CMP-3,65,71,140.00,141.83
16:16:39,"CMP-4 (shared, not under test)",42,54,140.00,41.70
16:16:41,CMP-2,73,73,140.00,132.07
16:16:41,CMP-1,52,54,140.00,45.61
16:16:41,CMP-3,65,70,140.00,145.28
16:16:41,"CMP-4 (shared, not under test)",42,54,140.00,41.70
16:16:43,CMP-2,73,74,140.00,140.99
16:16:43,CMP-1,52,54,140.00,45.40
16:16:43,CMP-3,62,69,140.00,142.06
16:16:43,"CMP-4 (shared, not under test)",42,54,140.00,41.79
16:16:45,CMP-2,73,74,140.00,135.18
16:16:45,CMP-1,51,54,140.00,45.52
16:16:45,CMP-3,65,70,140.00,142.43
16:16:45,"CMP-4 (shared, not under test)",42,54,140.00,41.63
16:16:47,CMP-2,73,75,140.00,152.78
16:16:47,CMP-1,51,54,140.00,45.52
16:16:47,CMP-3,65,70,140.00,132.93
16:16:47,"CMP-4 (shared, not under test)",42,54,140.00,41.69
16:16:50,CMP-2,73,73,140.00,138.51
16:16:50,CMP-1,51,53,140.00,45.43
16:16:50,CMP-3,64,70,140.00,130.10
16:16:50,"CMP-4 (shared, not under test)",42,54,140.00,41.92
16:16:52,CMP-2,73,74,140.00,142.85
16:16:52,CMP-1,51,53,140.00,45.60
16:16:52,CMP-3,65,70,140.00,144.19
16:16:52,"CMP-4 (shared, not under test)",42,54,140.00,41.70
16:16:54,CMP-2,73,75,140.00,171.48
16:16:54,CMP-1,51,53,140.00,45.33
16:16:54,CMP-3,65,71,140.00,141.31
16:16:54,"CMP-4 (shared, not under test)",42,54,140.00,41.81
16:16:56,CMP-2,73,75,140.00,117.54
16:16:56,CMP-1,51,53,140.00,45.22
16:16:56,CMP-3,65,70,140.00,142.14
16:16:56,"CMP-4 (shared, not under test)",42,54,140.00,41.90
16:16:58,CMP-2,73,75,140.00,149.08
16:16:58,CMP-1,50,53,140.00,45.15
16:16:58,CMP-3,60,68,140.00,65.94
16:16:58,"CMP-4 (shared, not under test)",42,54,140.00,41.83
16:17:00,CMP-2,73,74,140.00,111.88
16:17:00,CMP-1,50,53,140.00,45.14
16:17:00,CMP-3,59,67,140.00,48.18
16:17:00,"CMP-4 (shared, not under test)",42,54,140.00,42.00
16:17:02,CMP-2,72,76,140.00,128.01
16:17:02,CMP-1,50,52,140.00,45.06
16:17:02,CMP-3,58,68,140.00,55.80
16:17:02,"CMP-4 (shared, not under test)",42,54,140.00,41.72
16:17:04,CMP-2,72,75,140.00,154.41
16:17:04,CMP-1,50,52,140.00,44.95
16:17:04,CMP-3,58,66,140.00,47.82
16:17:04,"CMP-4 (shared, not under test)",42,54,140.00,41.82
16:17:06,CMP-2,72,74,140.00,121.01
16:17:06,CMP-1,50,52,140.00,44.95
16:17:06,CMP-3,57,66,140.00,47.63
16:17:06,"CMP-4 (shared, not under test)",42,54,140.00,41.83
16:17:08,CMP-2,73,75,140.00,141.00
16:17:08,CMP-1,50,52,140.00,44.95
16:17:08,CMP-3,59,67,140.00,64.20
16:17:08,"CMP-4 (shared, not under test)",42,54,140.00,41.83
16:17:10,CMP-2,72,75,140.00,154.86
16:17:10,CMP-1,50,52,140.00,45.23
16:17:10,CMP-3,63,68,140.00,161.62
16:17:10,"CMP-4 (shared, not under test)",42,54,140.00,41.90
16:17:12,CMP-2,73,74,140.00,111.35
16:17:12,CMP-1,49,52,140.00,44.82
16:17:12,CMP-3,62,69,140.00,119.26
16:17:12,"CMP-4 (shared, not under test)",42,54,140.00,41.81
16:17:15,CMP-2,73,74,140.00,122.65
16:17:15,CMP-1,49,52,140.00,44.85
16:17:15,CMP-3,63,69,140.00,138.81
16:17:15,"CMP-4 (shared, not under test)",42,54,140.00,41.81
16:17:17,CMP-2,73,75,140.00,138.51
16:17:17,CMP-1,49,52,140.00,44.76
16:17:17,CMP-3,63,68,140.00,139.62
16:17:17,"CMP-4 (shared, not under test)",42,54,140.00,41.82
16:17:19,CMP-2,73,74,140.00,127.68
16:17:19,CMP-1,49,51,140.00,44.75
16:17:19,CMP-3,63,69,140.00,131.96
16:17:19,"CMP-4 (shared, not under test)",42,54,140.00,41.90
16:17:21,CMP-2,73,75,140.00,108.82
16:17:21,CMP-1,49,51,140.00,44.65
16:17:21,CMP-3,64,68,140.00,127.08
16:17:21,"CMP-4 (shared, not under test)",42,54,140.00,42.00
16:17:23,CMP-2,73,75,140.00,136.08
16:17:23,CMP-1,49,51,140.00,44.56
16:17:23,CMP-3,64,68,140.00,163.80
16:17:23,"CMP-4 (shared, not under test)",42,54,140.00,41.91
16:17:25,CMP-2,73,75,140.00,141.75
16:17:25,CMP-1,49,51,140.00,44.56
16:17:25,CMP-3,63,70,140.00,127.64
16:17:25,"CMP-4 (shared, not under test)",42,54,140.00,41.89
16:17:27,CMP-2,74,74,140.00,137.74
16:17:27,CMP-1,49,51,140.00,44.55
16:17:27,CMP-3,64,70,140.00,139.14
16:17:27,"CMP-4 (shared, not under test)",42,54,140.00,41.60
16:17:29,CMP-2,73,75,140.00,123.70
16:17:29,CMP-1,49,51,140.00,44.76
16:17:29,CMP-3,64,71,140.00,132.06
16:17:29,"CMP-4 (shared, not under test)",42,54,140.00,41.81
16:17:31,CMP-2,73,75,140.00,136.89
16:17:31,CMP-1,48,51,140.00,44.66
16:17:31,CMP-3,64,70,140.00,143.69
16:17:31,"CMP-4 (shared, not under test)",42,54,140.00,41.70
16:17:33,CMP-2,74,75,140.00,141.65
16:17:33,CMP-1,48,51,140.00,44.56
16:17:33,CMP-3,64,69,140.00,114.77
16:17:33,"CMP-4 (shared, not under test)",42,54,140.00,41.60
16:17:35,CMP-2,73,75,140.00,139.07
16:17:35,CMP-1,48,51,140.00,44.25
16:17:35,CMP-3,64,71,140.00,145.93
16:17:35,"CMP-4 (shared, not under test)",42,54,140.00,41.79
16:17:37,CMP-2,73,75,140.00,127.34
16:17:37,CMP-1,48,52,140.00,44.16
16:17:37,CMP-3,64,70,140.00,123.99
16:17:37,"CMP-4 (shared, not under test)",42,54,140.00,41.70
16:17:39,CMP-2,74,74,140.00,141.47
16:17:39,CMP-1,48,50,140.00,44.16
16:17:39,CMP-3,64,70,140.00,138.19
16:17:39,"CMP-4 (shared, not under test)",42,54,140.00,41.60
16:17:42,CMP-2,74,75,140.00,142.85
16:17:42,CMP-1,48,50,140.00,44.06
16:17:42,CMP-3,64,70,140.00,138.43
16:17:42,"CMP-4 (shared, not under test)",42,54,140.00,41.70
16:17:44,CMP-2,73,74,140.00,142.29
16:17:44,CMP-1,48,50,140.00,44.06
16:17:44,CMP-3,64,71,140.00,133.63
16:17:44,"CMP-4 (shared, not under test)",42,54,140.00,41.71
16:17:46,CMP-2,73,74,140.00,139.53
16:17:46,CMP-1,48,50,140.00,44.06
16:17:46,CMP-3,64,69,140.00,142.00
16:17:46,"CMP-4 (shared, not under test)",42,54,140.00,41.60
16:17:48,CMP-2,71,73,140.00,83.31
16:17:48,CMP-1,48,50,140.00,44.19
16:17:48,CMP-3,65,70,140.00,136.86
16:17:48,"CMP-4 (shared, not under test)",42,54,140.00,41.80
16:17:50,CMP-2,73,74,140.00,141.23
16:17:50,CMP-1,47,50,140.00,44.16
16:17:50,CMP-3,64,72,140.00,124.61
16:17:50,"CMP-4 (shared, not under test)",42,54,140.00,41.60
16:17:52,CMP-2,73,74,140.00,130.11
16:17:52,CMP-1,47,50,140.00,43.97
16:17:52,CMP-3,65,70,140.00,137.61
16:17:52,"CMP-4 (shared, not under test)",42,54,140.00,41.81
16:17:54,CMP-2,73,75,140.00,143.99
16:17:54,CMP-1,47,50,140.00,43.98
16:17:54,CMP-3,65,71,140.00,152.64
16:17:54,"CMP-4 (shared, not under test)",42,54,140.00,42.00
16:17:56,CMP-2,73,75,140.00,145.37
16:17:56,CMP-1,47,50,140.00,43.88
16:17:56,CMP-3,64,71,140.00,116.73
16:17:56,"CMP-4 (shared, not under test)",42,54,140.00,41.70
16:17:58,CMP-2,73,74,140.00,139.56
16:17:58,CMP-1,47,50,140.00,43.87
16:17:58,CMP-3,65,70,140.00,118.46
16:17:58,"CMP-4 (shared, not under test)",42,54,140.00,41.90
16:18:00,CMP-2,68,72,140.00,59.19
16:18:00,CMP-1,47,50,140.00,43.89
16:18:00,CMP-3,65,70,140.00,138.82
16:18:00,"CMP-4 (shared, not under test)",42,54,140.00,42.12
16:18:02,CMP-2,67,72,140.00,65.21
16:18:02,CMP-1,47,51,140.00,43.80
16:18:02,CMP-3,64,70,140.00,121.20
16:18:02,"CMP-4 (shared, not under test)",42,54,140.00,41.73
16:18:04,CMP-2,66,71,140.00,55.85
16:18:04,CMP-1,47,50,140.00,43.71
16:18:04,CMP-3,65,71,140.00,132.59
16:18:04,"CMP-4 (shared, not under test)",42,54,140.00,41.82
16:18:06,CMP-2,66,71,140.00,55.28
16:18:06,CMP-1,47,49,140.00,43.80
16:18:06,CMP-3,64,71,140.00,141.44
16:18:06,"CMP-4 (shared, not under test)",42,54,140.00,41.81
16:18:08,CMP-2,65,71,140.00,55.56
16:18:08,CMP-1,47,49,140.00,44.09
16:18:08,CMP-3,65,70,140.00,142.81
16:18:09,"CMP-4 (shared, not under test)",42,54,140.00,41.93
16:18:11,CMP-2,65,70,140.00,55.17
16:18:11,CMP-1,47,49,140.00,43.80
16:18:11,CMP-3,65,70,140.00,143.29
16:18:11,"CMP-4 (shared, not under test)",42,54,140.00,41.83
16:18:13,CMP-2,64,70,140.00,54.98
16:18:13,CMP-1,47,49,140.00,43.90
16:18:13,CMP-3,65,70,140.00,143.88
16:18:13,"CMP-4 (shared, not under test)",42,54,140.00,41.82
16:18:15,CMP-2,64,70,140.00,54.69
16:18:15,CMP-1,47,49,140.00,43.72
16:18:15,CMP-3,63,69,140.00,141.96
16:18:15,"CMP-4 (shared, not under test)",42,54,140.00,41.71
16:18:17,CMP-2,64,70,140.00,54.60
16:18:17,CMP-1,47,49,140.00,43.61
16:18:17,CMP-3,65,70,140.00,143.34
16:18:17,"CMP-4 (shared, not under test)",42,54,140.00,41.82
16:18:19,CMP-2,63,69,140.00,54.31
16:18:19,CMP-1,47,49,140.00,43.80
16:18:19,CMP-3,65,70,140.00,131.57
16:18:19,"CMP-4 (shared, not under test)",42,54,140.00,41.82
16:18:21,CMP-2,63,69,140.00,53.84
16:18:21,CMP-1,47,49,140.00,43.72
16:18:21,CMP-3,65,70,140.00,142.71
16:18:21,"CMP-4 (shared, not under test)",42,54,140.00,41.93
16:18:23,CMP-2,63,69,140.00,53.74
16:18:23,CMP-1,47,49,140.00,43.61
16:18:23,CMP-3,61,69,140.00,66.24
16:18:23,"CMP-4 (shared, not under test)",42,54,140.00,41.93
16:18:25,CMP-2,62,69,140.00,53.28
16:18:25,CMP-1,47,49,140.00,43.82
16:18:25,CMP-3,59,68,140.00,48.31
16:18:25,"CMP-4 (shared, not under test)",42,54,140.00,41.83
16:18:27,CMP-2,62,68,140.00,53.17
16:18:27,CMP-1,47,49,140.00,43.99
16:18:27,CMP-3,58,68,140.00,48.70
16:18:27,"CMP-4 (shared, not under test)",42,54,140.00,41.73
16:18:29,CMP-2,62,68,140.00,52.79
16:18:29,CMP-1,47,49,140.00,44.01
16:18:29,CMP-3,58,67,140.00,48.22
16:18:29,"CMP-4 (shared, not under test)",42,54,140.00,41.93
16:18:31,CMP-2,62,68,140.00,52.70
16:18:31,CMP-1,47,49,140.00,43.92
16:18:31,CMP-3,58,67,140.00,47.84
16:18:31,"CMP-4 (shared, not under test)",42,54,140.00,41.83
16:18:33,CMP-2,61,69,140.00,52.60
16:18:33,CMP-1,47,49,140.00,43.72
16:18:33,CMP-3,57,67,140.00,47.74
16:18:33,"CMP-4 (shared, not under test)",42,54,140.00,41.63
16:18:35,CMP-2,61,67,140.00,52.59
16:18:35,CMP-1,47,49,140.00,43.80
16:18:35,CMP-3,63,68,140.00,143.95
16:18:35,"CMP-4 (shared, not under test)",42,54,140.00,41.73
16:18:38,CMP-2,61,67,140.00,52.29
16:18:38,CMP-1,47,49,140.00,43.71
16:18:38,CMP-3,63,69,140.00,162.92
16:18:38,"CMP-4 (shared, not under test)",42,54,140.00,41.73
16:18:40,CMP-2,61,67,140.00,52.88
16:18:40,CMP-1,47,49,140.00,43.90
16:18:40,CMP-3,64,69,140.00,139.08
16:18:40,"CMP-4 (shared, not under test)",42,54,140.00,41.72
16:18:42,CMP-2,60,67,140.00,51.92
16:18:42,CMP-1,47,49,140.00,43.61
16:18:42,CMP-3,63,70,140.00,143.68
16:18:42,"CMP-4 (shared, not under test)",42,54,140.00,41.63
16:18:44,CMP-2,60,67,140.00,51.83
16:18:44,CMP-1,47,49,140.00,43.71
16:18:44,CMP-3,64,69,140.00,140.58
16:18:44,"CMP-4 (shared, not under test)",42,54,140.00,41.73
16:18:46,CMP-2,60,66,140.00,51.54
16:18:46,CMP-1,47,49,140.00,43.71
16:18:46,CMP-3,63,71,140.00,118.51
16:18:46,"CMP-4 (shared, not under test)",42,54,140.00,41.73
16:18:48,CMP-2,60,66,140.00,51.45
16:18:48,CMP-1,47,49,140.00,43.90
16:18:48,CMP-3,65,69,140.00,143.11
16:18:48,"CMP-4 (shared, not under test)",42,54,140.00,41.73
16:18:50,CMP-2,59,66,140.00,51.25
16:18:50,CMP-1,47,49,140.00,43.71
16:18:50,CMP-3,64,70,140.00,154.51
16:18:50,"CMP-4 (shared, not under test)",42,54,140.00,41.82
16:18:52,CMP-2,59,66,140.00,51.15
16:18:52,CMP-1,47,50,140.00,43.80
16:18:52,CMP-3,65,70,140.00,142.38
16:18:52,"CMP-4 (shared, not under test)",42,54,140.00,41.82
16:18:54,CMP-2,59,66,140.00,51.34
16:18:54,CMP-1,47,49,140.00,43.80
16:18:54,CMP-3,65,71,140.00,135.53
16:18:54,"CMP-4 (shared, not under test)",42,54,140.00,41.73
16:18:56,CMP-2,59,66,140.00,51.06
16:18:56,CMP-1,47,49,140.00,43.71
16:18:56,CMP-3,65,70,140.00,140.39
16:18:56,"CMP-4 (shared, not under test)",42,54,140.00,41.83
16:18:58,CMP-2,59,65,140.00,50.86
16:18:58,CMP-1,47,49,140.00,43.80
16:18:58,CMP-3,65,69,140.00,142.29
16:18:58,"CMP-4 (shared, not under test)",42,54,140.00,41.82
16:19:00,CMP-2,58,65,140.00,50.77
16:19:00,CMP-1,47,51,140.00,43.61
16:19:00,CMP-3,65,71,140.00,129.48
16:19:00,"CMP-4 (shared, not under test)",42,54,140.00,41.73
16:19:02,CMP-2,58,65,140.00,50.57
16:19:02,CMP-1,47,51,140.00,43.90
16:19:03,CMP-3,66,69,140.00,143.67
16:19:03,"CMP-4 (shared, not under test)",42,54,140.00,41.71
16:19:05,CMP-2,58,65,140.00,50.38
16:19:05,CMP-1,47,49,140.00,43.80
16:19:05,CMP-3,65,71,140.00,140.76
16:19:05,"CMP-4 (shared, not under test)",42,54,140.00,41.73
16:19:07,CMP-2,58,65,140.00,50.38
16:19:07,CMP-1,47,50,140.00,44.09
16:19:07,CMP-3,66,70,140.00,142.14
16:19:07,"CMP-4 (shared, not under test)",42,54,140.00,41.83
16:19:09,CMP-2,58,66,140.00,50.28
16:19:09,CMP-1,47,51,140.00,44.01
16:19:09,CMP-3,65,72,140.00,127.12
16:19:09,"CMP-4 (shared, not under test)",42,54,140.00,41.73
16:19:11,CMP-2,57,64,140.00,50.19
16:19:11,CMP-1,47,50,140.00,43.99
16:19:11,CMP-3,66,70,140.00,144.43
16:19:11,"CMP-4 (shared, not under test)",42,54,140.00,41.71
16:19:13,CMP-2,57,64,140.00,50.28
16:19:13,CMP-1,47,50,140.00,43.80
16:19:13,CMP-3,65,72,140.00,116.25
16:19:13,"CMP-4 (shared, not under test)",42,54,140.00,41.82
16:19:15,CMP-2,57,64,140.00,49.98
16:19:15,CMP-1,47,51,140.00,43.90
16:19:15,CMP-3,66,70,140.00,142.53
16:19:15,"CMP-4 (shared, not under test)",42,54,140.00,41.73
16:19:17,CMP-2,57,64,140.00,49.98
16:19:17,CMP-1,47,50,140.00,43.82
16:19:17,CMP-3,65,72,140.00,129.43
16:19:17,"CMP-4 (shared, not under test)",42,54,140.00,41.83
16:19:19,CMP-2,57,64,140.00,49.79
16:19:19,CMP-1,47,50,140.00,43.90
16:19:19,CMP-3,66,70,140.00,139.75
16:19:19,"CMP-4 (shared, not under test)",42,54,140.00,41.83
16:19:21,CMP-2,56,64,140.00,49.62
16:19:21,CMP-1,47,51,140.00,43.90
16:19:21,CMP-3,65,72,140.00,119.82
16:19:21,"CMP-4 (shared, not under test)",42,54,140.00,41.81
16:19:23,CMP-2,56,64,140.00,49.62
16:19:23,CMP-1,47,51,140.00,43.90
16:19:23,CMP-3,66,71,140.00,141.91
16:19:23,"CMP-4 (shared, not under test)",42,54,140.00,41.81
16:19:25,CMP-2,56,64,140.00,49.42
16:19:25,CMP-1,47,50,140.00,43.90
16:19:25,CMP-3,66,71,140.00,162.34
16:19:25,"CMP-4 (shared, not under test)",42,54,140.00,41.82
16:19:27,CMP-2,56,63,140.00,49.33
16:19:27,CMP-1,47,50,140.00,44.09
16:19:27,CMP-3,67,70,140.00,142.15
16:19:27,"CMP-4 (shared, not under test)",42,54,140.00,41.93
16:19:29,CMP-2,56,63,140.00,49.22
16:19:29,CMP-1,47,50,140.00,43.90
16:19:29,CMP-3,67,72,140.00,167.22
16:19:29,"CMP-4 (shared, not under test)",42,54,140.00,42.49
16:19:32,CMP-2,56,63,140.00,48.85
16:19:32,CMP-1,47,50,140.00,43.99
16:19:32,CMP-3,66,71,140.00,112.83
16:19:32,"CMP-4 (shared, not under test)",42,54,140.00,42.03
16:19:34,CMP-2,55,63,140.00,49.41
16:19:34,CMP-1,47,50,140.00,43.99
16:19:34,CMP-3,67,70,140.00,142.53
16:19:34,"CMP-4 (shared, not under test)",42,54,140.00,41.93
16:19:36,CMP-2,55,63,140.00,49.33
16:19:36,CMP-1,47,50,140.00,43.90
16:19:36,CMP-3,66,71,140.00,110.86
16:19:36,"CMP-4 (shared, not under test)",42,54,140.00,41.93
16:19:38,CMP-2,55,63,140.00,49.15
16:19:38,CMP-1,47,50,140.00,43.99
16:19:38,CMP-3,67,70,140.00,142.72
16:19:38,"CMP-4 (shared, not under test)",42,54,140.00,41.82
16:19:40,CMP-2,55,63,140.00,49.03
16:19:40,CMP-1,47,50,140.00,43.99
16:19:40,CMP-3,66,74,140.00,141.93
16:19:40,"CMP-4 (shared, not under test)",42,54,140.00,41.82
16:19:42,CMP-2,55,63,140.00,48.95
16:19:42,CMP-1,47,51,140.00,43.99
16:19:42,CMP-3,67,72,140.00,142.00
16:19:42,"CMP-4 (shared, not under test)",42,54,140.00,41.63
16:19:44,CMP-2,55,63,140.00,48.85
16:19:44,CMP-1,47,50,140.00,44.09
16:19:44,CMP-3,66,73,140.00,142.40
16:19:44,"CMP-4 (shared, not under test)",42,54,140.00,41.71
16:19:46,CMP-2,55,63,140.00,48.76
16:19:46,CMP-1,47,51,140.00,44.28
16:19:46,CMP-3,67,72,140.00,141.24
16:19:46,"CMP-4 (shared, not under test)",42,54,140.00,41.82
16:19:48,CMP-2,54,64,140.00,48.65
16:19:48,CMP-1,47,50,140.00,43.90
16:19:48,CMP-3,67,73,140.00,145.73
16:19:48,"CMP-4 (shared, not under test)",42,54,140.00,41.73
16:19:50,CMP-2,54,63,140.00,48.55
16:19:50,CMP-1,47,50,140.00,43.80
16:19:50,CMP-3,67,71,140.00,143.01
16:19:50,"CMP-4 (shared, not under test)",42,54,140.00,41.92
16:19:52,CMP-2,54,62,140.00,48.65
16:19:52,CMP-1,47,50,140.00,43.90
16:19:52,CMP-3,67,72,140.00,154.13
16:19:52,"CMP-4 (shared, not under test)",42,54,140.00,41.73
16:19:54,CMP-2,54,62,140.00,48.55
16:19:54,CMP-1,47,50,140.00,43.80
16:19:54,CMP-3,67,71,140.00,136.95
16:19:54,"CMP-4 (shared, not under test)",42,54,140.00,41.73
16:19:56,CMP-2,54,62,140.00,48.36
16:19:56,CMP-1,47,50,140.00,43.90
16:19:56,CMP-3,68,71,140.00,142.43
16:19:56,"CMP-4 (shared, not under test)",42,54,140.00,41.73
16:19:59,CMP-2,54,62,140.00,48.28
16:19:59,CMP-1,47,50,140.00,43.80
16:19:59,CMP-3,66,73,140.00,92.69
16:19:59,"CMP-4 (shared, not under test)",42,54,140.00,41.73
16:20:01,CMP-2,54,62,140.00,48.27
16:20:01,CMP-1,47,50,140.00,43.80
16:20:01,CMP-3,68,71,140.00,140.86
16:20:01,"CMP-4 (shared, not under test)",42,54,140.00,41.73
16:20:03,CMP-2,53,62,140.00,48.08
16:20:03,CMP-1,47,51,140.00,43.90
16:20:03,CMP-3,66,73,140.00,98.12
16:20:03,"CMP-4 (shared, not under test)",42,54,140.00,41.73
16:20:05,CMP-2,53,62,140.00,48.08
16:20:05,CMP-1,47,51,140.00,43.99
16:20:05,CMP-3,68,72,140.00,137.23
16:20:05,"CMP-4 (shared, not under test)",42,54,140.00,41.82
16:20:07,CMP-2,53,62,140.00,48.08
16:20:07,CMP-1,47,51,140.00,43.90
16:20:07,CMP-3,67,74,140.00,147.31
16:20:07,"CMP-4 (shared, not under test)",42,54,140.00,41.73
16:20:09,CMP-2,53,62,140.00,47.89
16:20:09,CMP-1,47,50,140.00,43.80
16:20:09,CMP-3,68,71,140.00,140.09
16:20:09,"CMP-4 (shared, not under test)",42,54,140.00,41.83
16:20:11,CMP-2,53,61,140.00,48.27
16:20:11,CMP-1,47,49,140.00,43.71
16:20:11,CMP-3,68,74,140.00,172.22
16:20:11,"CMP-4 (shared, not under test)",42,54,140.00,41.82
16:20:13,CMP-2,53,61,140.00,47.98
16:20:13,CMP-1,47,49,140.00,43.71
16:20:13,CMP-3,67,73,140.00,142.15
16:20:13,"CMP-4 (shared, not under test)",42,54,140.00,41.83
16:20:15,CMP-2,53,61,140.00,47.79
16:20:15,CMP-1,47,49,140.00,43.80
16:20:15,CMP-3,68,71,140.00,138.80
16:20:15,"CMP-4 (shared, not under test)",42,54,140.00,41.82
16:20:17,CMP-2,52,61,140.00,47.89
16:20:17,CMP-1,47,49,140.00,43.71
16:20:17,CMP-3,67,72,140.00,117.65
16:20:17,"CMP-4 (shared, not under test)",42,54,140.00,41.93
16:20:19,CMP-2,52,61,140.00,47.70
16:20:19,CMP-1,47,50,140.00,43.71
16:20:19,CMP-3,68,71,140.00,141.91
16:20:19,"CMP-4 (shared, not under test)",42,54,140.00,41.82
16:20:21,CMP-2,52,61,140.00,47.70
16:20:21,CMP-1,47,49,140.00,43.80
16:20:21,CMP-3,66,74,140.00,118.46
16:20:21,"CMP-4 (shared, not under test)",42,54,140.00,41.83
16:20:23,CMP-2,52,61,140.00,47.60
16:20:23,CMP-1,47,49,140.00,43.80
16:20:23,CMP-3,68,73,140.00,141.91
16:20:23,"CMP-4 (shared, not under test)",42,54,140.00,41.93
16:20:26,CMP-2,52,61,140.00,47.49
16:20:26,CMP-1,47,49,140.00,43.90
16:20:26,CMP-3,67,72,140.00,171.81
16:20:26,"CMP-4 (shared, not under test)",42,54,140.00,41.83
16:20:28,CMP-2,52,61,140.00,47.60
16:20:28,CMP-1,47,49,140.00,43.80
16:20:28,CMP-3,68,73,140.00,141.82
16:20:28,"CMP-4 (shared, not under test)",42,54,140.00,41.83
16:20:30,CMP-2,52,61,140.00,47.59
16:20:30,CMP-1,47,49,140.00,43.80
16:20:30,CMP-3,68,74,140.00,162.72
16:20:30,"CMP-4 (shared, not under test)",42,54,140.00,41.93
16:20:32,CMP-2,52,62,140.00,47.70
16:20:32,CMP-1,47,49,140.00,43.80
16:20:32,CMP-3,68,72,140.00,142.53
16:20:32,"CMP-4 (shared, not under test)",42,54,140.00,41.92
16:20:34,CMP-2,52,61,140.00,47.49
16:20:34,CMP-1,47,49,140.00,43.80
16:20:34,CMP-3,68,73,140.00,139.94
16:20:34,"CMP-4 (shared, not under test)",42,54,140.00,41.93
16:20:36,CMP-2,51,61,140.00,47.30
16:20:36,CMP-1,47,49,140.00,43.71
16:20:36,CMP-3,68,73,140.00,93.36
16:20:36,"CMP-4 (shared, not under test)",42,54,140.00,41.93
16:20:38,CMP-2,51,60,140.00,47.40
16:20:38,CMP-1,47,49,140.00,43.80
16:20:38,CMP-3,68,72,140.00,141.61
16:20:38,"CMP-4 (shared, not under test)",42,54,140.00,41.93
16:20:40,CMP-2,51,60,140.00,47.11
16:20:40,CMP-1,47,49,140.00,43.71
16:20:40,CMP-3,67,74,140.00,96.87
16:20:40,"CMP-4 (shared, not under test)",42,54,140.00,41.82
16:20:42,CMP-2,51,60,140.00,47.11
16:20:42,CMP-1,47,49,140.00,43.71
16:20:42,CMP-3,68,72,140.00,142.53
16:20:42,"CMP-4 (shared, not under test)",42,54,140.00,42.20
16:20:44,CMP-2,51,60,140.00,47.02
16:20:44,CMP-1,47,49,140.00,44.09
16:20:44,CMP-3,67,74,140.00,150.09
16:20:44,"CMP-4 (shared, not under test)",42,54,140.00,41.92
16:20:46,CMP-2,51,60,140.00,46.92
16:20:46,CMP-1,47,49,140.00,43.99
16:20:46,CMP-3,69,72,140.00,142.62
16:20:46,"CMP-4 (shared, not under test)",42,54,140.00,41.73
16:20:48,CMP-2,51,60,140.00,46.92
16:20:48,CMP-1,47,49,140.00,43.80
16:20:48,CMP-3,68,72,140.00,138.75
16:20:48,"CMP-4 (shared, not under test)",42,54,140.00,41.83
16:20:50,CMP-2,51,60,140.00,46.92
16:20:50,CMP-1,47,49,140.00,43.80
16:20:50,CMP-3,68,73,140.00,138.77
16:20:50,"CMP-4 (shared, not under test)",42,54,140.00,41.63
16:20:53,CMP-2,51,60,140.00,46.92
16:20:53,CMP-1,47,49,140.00,43.90
16:20:53,CMP-3,69,73,140.00,140.86
16:20:53,"CMP-4 (shared, not under test)",42,54,140.00,41.73
16:20:55,CMP-2,51,60,140.00,46.83
16:20:55,CMP-1,46,49,140.00,43.80
16:20:55,CMP-3,67,74,140.00,129.48
16:20:55,"CMP-4 (shared, not under test)",42,54,140.00,41.73
16:20:57,CMP-2,51,60,140.00,46.73
16:20:57,CMP-1,46,49,140.00,43.61
16:20:57,CMP-3,69,72,140.00,137.23
16:20:57,"CMP-4 (shared, not under test)",42,54,140.00,41.71
16:20:59,CMP-2,50,61,140.00,46.73
16:20:59,CMP-1,46,49,140.00,43.61
16:20:59,CMP-3,68,73,140.00,152.63
16:20:59,"CMP-4 (shared, not under test)",42,54,140.00,41.82
16:21:01,CMP-2,50,60,140.00,46.73
16:21:01,CMP-1,46,49,140.00,43.71
16:21:01,CMP-3,69,73,140.00,140.86
16:21:01,"CMP-4 (shared, not under test)",42,54,140.00,41.73
16:21:03,CMP-2,50,61,140.00,46.64
16:21:03,CMP-1,46,49,140.00,43.52
16:21:03,CMP-3,68,74,140.00,172.25
16:21:03,"CMP-4 (shared, not under test)",42,54,140.00,41.83
16:21:05,CMP-2,50,60,140.00,46.54
16:21:05,CMP-1,46,49,140.00,43.80
16:21:05,CMP-3,68,72,140.00,141.44
16:21:05,"CMP-4 (shared, not under test)",42,54,140.00,41.92
16:21:07,CMP-2,50,59,140.00,46.64
16:21:07,CMP-1,46,49,140.00,43.52
16:21:07,CMP-3,69,73,140.00,142.63
16:21:07,"CMP-4 (shared, not under test)",42,54,140.00,41.73
16:21:09,CMP-2,50,59,140.00,46.54
16:21:09,CMP-1,46,49,140.00,43.53
16:21:09,CMP-3,68,74,140.00,104.96
16:21:09,"CMP-4 (shared, not under test)",42,54,140.00,41.73
16:21:11,CMP-2,50,59,140.00,48.19
16:21:11,CMP-1,46,49,140.00,43.61
16:21:11,CMP-3,69,73,140.00,140.67
16:21:11,"CMP-4 (shared, not under test)",42,54,140.00,41.81
16:21:13,CMP-2,50,59,140.00,46.54
16:21:13,CMP-1,46,49,140.00,43.53
16:21:13,CMP-3,67,74,140.00,107.55
16:21:13,"CMP-4 (shared, not under test)",42,54,140.00,41.71
16:21:15,CMP-2,50,59,140.00,46.45
16:21:15,CMP-1,46,49,140.00,43.62
16:21:15,CMP-3,69,72,140.00,142.43
16:21:15,"CMP-4 (shared, not under test)",42,54,140.00,41.63
16:21:17,CMP-2,50,59,140.00,46.35
16:21:17,CMP-1,46,49,140.00,43.52
16:21:17,CMP-3,68,73,140.00,186.10
16:21:17,"CMP-4 (shared, not under test)",42,54,140.00,41.83
16:21:20,CMP-2,50,59,140.00,46.45
16:21:20,CMP-1,46,49,140.00,43.52
16:21:20,CMP-3,69,72,140.00,141.24
16:21:20,"CMP-4 (shared, not under test)",42,54,140.00,41.83
16:21:22,CMP-2,49,59,140.00,46.45
16:21:22,CMP-1,46,49,140.00,43.42
16:21:22,CMP-3,69,72,140.00,186.75
16:21:22,"CMP-4 (shared, not under test)",42,54,140.00,41.70
16:21:24,CMP-2,49,59,140.00,46.24
16:21:24,CMP-1,46,49,140.00,43.80
16:21:24,CMP-3,68,73,140.00,140.48
16:21:24,"CMP-4 (shared, not under test)",42,54,140.00,41.92
16:21:26,CMP-2,49,59,140.00,46.15
16:21:26,CMP-1,46,49,140.00,43.61
16:21:26,CMP-3,69,73,140.00,143.29
16:21:26,"CMP-4 (shared, not under test)",42,54,140.00,41.83
16:21:28,CMP-2,49,59,250.00,46.35
16:21:28,CMP-1,46,49,250.00,43.71
16:21:28,CMP-3,68,74,140.00,100.14
16:21:28,"CMP-4 (shared, not under test)",42,54,140.00,41.73
16:21:30,CMP-2,49,59,250.00,46.83
16:21:30,CMP-1,46,49,250.00,43.99
16:21:30,CMP-3,69,72,140.00,142.14
16:21:30,"CMP-4 (shared, not under test)",42,54,140.00,41.93
16:21:32,CMP-2,61,63,250.00,233.76
16:21:32,CMP-1,58,53,250.00,253.13
16:21:32,CMP-3,68,73,140.00,109.37
16:21:32,"CMP-4 (shared, not under test)",42,54,140.00,41.88
16:21:34,CMP-2,62,62,250.00,233.43
16:21:34,CMP-1,59,54,250.00,237.51
16:21:34,CMP-3,69,73,140.00,140.95
16:21:34,"CMP-4 (shared, not under test)",42,54,140.00,41.88
16:21:36,CMP-2,65,63,250.00,234.31
16:21:36,CMP-1,60,58,250.00,242.72
16:21:36,CMP-3,68,75,140.00,124.96
16:21:36,"CMP-4 (shared, not under test)",42,54,140.00,41.97
16:21:38,CMP-2,66,64,250.00,231.41
16:21:38,CMP-1,62,57,250.00,234.65
16:21:38,CMP-3,68,73,140.00,143.10
16:21:38,"CMP-4 (shared, not under test)",42,54,140.00,41.96
16:21:40,CMP-2,66,68,250.00,231.42
16:21:40,CMP-1,62,59,250.00,278.26
16:21:40,CMP-3,69,72,140.00,143.80
16:21:40,"CMP-4 (shared, not under test)",42,54,140.00,41.87
16:21:42,CMP-2,68,67,250.00,239.38
16:21:42,CMP-1,63,60,250.00,241.33
16:21:42,CMP-3,68,73,140.00,130.95
16:21:42,"CMP-4 (shared, not under test)",42,54,140.00,41.86
16:21:44,CMP-2,69,66,250.00,225.47
16:21:44,CMP-1,63,63,250.00,251.01
16:21:44,CMP-3,69,73,140.00,141.55
16:21:44,"CMP-4 (shared, not under test)",42,54,140.00,41.87
16:21:46,CMP-2,70,67,250.00,234.14
16:21:46,CMP-1,66,61,250.00,252.00
16:21:46,CMP-3,68,74,140.00,110.92
16:21:46,"CMP-4 (shared, not under test)",42,54,140.00,41.87
16:21:49,CMP-2,69,70,250.00,256.41
16:21:49,CMP-1,66,62,250.00,230.20
16:21:49,CMP-3,69,72,140.00,142.47
16:21:49,"CMP-4 (shared, not under test)",42,54,140.00,41.96
16:21:51,CMP-2,71,69,250.00,157.39
16:21:51,CMP-1,66,63,250.00,190.99
16:21:51,CMP-3,68,74,140.00,138.84
16:21:51,"CMP-4 (shared, not under test)",42,54,140.00,41.96
16:21:53,CMP-2,72,71,250.00,241.27
16:21:53,CMP-1,67,64,250.00,226.39
16:21:53,CMP-3,69,73,140.00,139.79
16:21:53,"CMP-4 (shared, not under test)",42,54,140.00,41.96
16:21:55,CMP-2,72,72,250.00,272.75
16:21:55,CMP-1,69,65,250.00,245.07
16:21:55,CMP-3,69,72,140.00,137.60
16:21:55,"CMP-4 (shared, not under test)",42,54,140.00,41.87
16:21:57,CMP-2,74,70,250.00,235.00
16:21:57,CMP-1,70,64,250.00,235.89
16:21:57,CMP-3,69,73,140.00,139.98
16:21:57,"CMP-4 (shared, not under test)",42,54,140.00,41.76
16:21:59,CMP-2,74,72,250.00,232.36
16:21:59,CMP-1,69,65,250.00,277.31
16:21:59,CMP-3,69,73,140.00,138.70
16:21:59,"CMP-4 (shared, not under test)",42,54,140.00,41.77
16:22:01,CMP-2,74,73,250.00,236.68
16:22:01,CMP-1,71,67,250.00,279.93
16:22:01,CMP-3,68,73,140.00,127.46
16:22:01,"CMP-4 (shared, not under test)",42,54,140.00,41.66
16:22:03,CMP-2,75,72,250.00,220.22
16:22:03,CMP-1,71,66,250.00,248.04
16:22:03,CMP-3,69,73,140.00,141.04
16:22:03,"CMP-4 (shared, not under test)",42,54,140.00,41.77
16:22:05,CMP-2,76,74,250.00,154.52
16:22:05,CMP-1,72,66,250.00,233.82
16:22:05,CMP-3,68,75,140.00,187.59
16:22:05,"CMP-4 (shared, not under test)",42,54,140.00,41.76
16:22:07,CMP-2,77,73,250.00,248.10
16:22:07,CMP-1,71,70,250.00,161.51
16:22:07,CMP-3,69,73,140.00,143.00
16:22:07,"CMP-4 (shared, not under test)",42,54,140.00,41.68
16:22:09,CMP-2,77,74,250.00,223.63
16:22:09,CMP-1,74,67,250.00,242.15
16:22:09,CMP-3,68,73,140.00,145.57
16:22:09,"CMP-4 (shared, not under test)",42,54,140.00,41.76
16:22:11,CMP-2,78,74,250.00,244.00
16:22:11,CMP-1,74,69,250.00,249.08
16:22:11,CMP-3,69,73,140.00,140.76
16:22:11,"CMP-4 (shared, not under test)",42,54,140.00,41.66
16:22:13,CMP-2,77,74,250.00,244.41
16:22:13,CMP-1,74,69,250.00,216.66
16:22:13,CMP-3,69,73,140.00,152.18
16:22:13,"CMP-4 (shared, not under test)",42,54,140.00,41.77
16:22:16,CMP-2,79,75,250.00,246.44
16:22:16,CMP-1,71,68,250.00,84.57
16:22:16,CMP-3,68,73,140.00,139.61
16:22:16,"CMP-4 (shared, not under test)",42,54,140.00,41.79
16:22:18,CMP-2,78,75,250.00,257.62
16:22:18,CMP-1,75,69,250.00,247.49
16:22:18,CMP-3,69,73,140.00,138.32
16:22:18,"CMP-4 (shared, not under test)",42,54,140.00,41.76
16:22:20,CMP-2,80,76,250.00,251.18
16:22:20,CMP-1,75,70,250.00,231.92
16:22:20,CMP-3,67,73,140.00,163.84
16:22:20,"CMP-4 (shared, not under test)",42,54,140.00,41.78
16:22:22,CMP-2,68,73,250.00,65.66
16:22:22,CMP-1,70,69,250.00,73.56
16:22:22,CMP-3,68,72,140.00,141.23
16:22:22,"CMP-4 (shared, not under test)",42,54,140.00,41.79
16:22:24,CMP-2,66,72,250.00,64.89
16:22:24,CMP-1,76,70,250.00,247.65
16:22:24,CMP-3,67,73,140.00,138.57
16:22:24,"CMP-4 (shared, not under test)",42,54,140.00,41.79
16:22:26,CMP-2,65,71,250.00,55.43
16:22:26,CMP-1,67,67,250.00,72.64
16:22:26,CMP-3,68,73,140.00,140.09
16:22:26,"CMP-4 (shared, not under test)",42,54,140.00,41.90
16:22:28,CMP-2,64,71,250.00,54.77
16:22:28,CMP-1,65,66,250.00,71.19
16:22:28,CMP-3,68,74,140.00,141.20
16:22:28,"CMP-4 (shared, not under test)",42,54,140.00,41.71
16:22:30,CMP-2,64,70,140.00,54.49
16:22:30,CMP-1,64,65,250.00,52.39
16:22:30,CMP-3,68,73,140.00,141.82
16:22:30,"CMP-4 (shared, not under test)",42,54,140.00,41.71
16:22:32,CMP-2,63,70,140.00,54.12
16:22:32,CMP-1,63,64,250.00,51.99
16:22:32,CMP-3,68,72,140.00,142.14
16:22:32,"CMP-4 (shared, not under test)",42,54,140.00,41.91
16:22:34,CMP-2,63,70,140.00,53.63
16:22:34,CMP-1,62,65,250.00,51.42
16:22:34,CMP-3,67,73,140.00,117.56
16:22:34,"CMP-4 (shared, not under test)",42,54,140.00,41.83
16:22:36,CMP-2,62,69,140.00,53.35
16:22:36,CMP-1,62,63,140.00,51.05
16:22:36,CMP-3,68,71,140.00,139.85
16:22:36,"CMP-4 (shared, not under test)",42,54,140.00,41.92
16:22:38,CMP-2,62,69,140.00,53.15
16:22:38,CMP-1,61,63,140.00,50.75
16:22:38,CMP-3,67,74,140.00,167.90
16:22:38,"CMP-4 (shared, not under test)",42,54,140.00,41.93
16:22:40,CMP-2,62,69,140.00,52.88
16:22:40,CMP-1,61,63,140.00,50.37
16:22:40,CMP-3,68,72,140.00,141.15
16:22:40,"CMP-4 (shared, not under test)",42,54,140.00,41.73
16:22:43,CMP-2,61,69,140.00,52.85
16:22:43,CMP-1,61,62,140.00,50.46
16:22:43,CMP-3,67,74,140.00,138.76
16:22:43,"CMP-4 (shared, not under test)",42,54,140.00,41.91
16:22:45,CMP-2,61,68,140.00,52.59
16:22:45,CMP-1,60,62,140.00,50.08
16:22:45,CMP-3,68,72,140.00,141.15
16:22:45,"CMP-4 (shared, not under test)",42,54,140.00,41.92
16:22:47,CMP-2,61,68,140.00,52.20
16:22:47,CMP-1,60,62,140.00,49.89
16:22:47,CMP-3,68,72,140.00,142.14
16:22:47,"CMP-4 (shared, not under test)",42,54,140.00,41.91
16:22:49,CMP-2,60,68,140.00,52.01
16:22:49,CMP-1,59,61,140.00,49.70
16:22:49,CMP-3,68,72,140.00,143.58
16:22:49,"CMP-4 (shared, not under test)",42,54,140.00,41.82
16:22:51,CMP-2,60,68,140.00,51.64
16:22:51,CMP-1,59,61,140.00,49.48
16:22:51,CMP-3,68,71,140.00,140.33
16:22:51,"CMP-4 (shared, not under test)",42,54,140.00,41.82
16:22:53,CMP-2,60,67,140.00,51.45
16:22:53,CMP-1,59,62,140.00,49.21
16:22:53,CMP-3,68,73,140.00,134.51
16:22:53,"CMP-4 (shared, not under test)",42,54,140.00,42.01
16:22:55,CMP-2,59,67,140.00,51.25
16:22:55,CMP-1,58,60,140.00,49.12
16:22:55,CMP-3,68,71,140.00,140.53
16:22:55,"CMP-4 (shared, not under test)",42,54,140.00,41.92
16:22:57,CMP-2,59,67,140.00,51.06
16:22:57,CMP-1,58,60,140.00,48.93
16:22:57,CMP-3,67,74,140.00,173.29
16:22:57,"CMP-4 (shared, not under test)",42,54,140.00,41.90
16:22:59,CMP-2,59,67,140.00,51.06
16:22:59,CMP-1,58,60,140.00,48.74
16:22:59,CMP-3,68,71,140.00,140.58
16:22:59,"CMP-4 (shared, not under test)",42,54,140.00,41.92
16:23:01,CMP-2,59,66,140.00,51.15
16:23:01,CMP-1,58,60,140.00,49.02
16:23:01,CMP-3,68,72,140.00,164.03
16:23:01,"CMP-4 (shared, not under test)",42,54,140.00,41.71
16:23:03,CMP-2,58,66,140.00,50.77
16:23:03,CMP-1,58,59,140.00,48.74
16:23:03,CMP-3,68,72,140.00,137.99
16:23:03,"CMP-4 (shared, not under test)",42,54,140.00,41.63
16:23:05,CMP-2,58,66,140.00,50.57
16:23:05,CMP-1,57,59,140.00,48.45
16:23:05,CMP-3,68,72,140.00,138.56
16:23:05,"CMP-4 (shared, not under test)",42,54,140.00,41.71
16:23:07,CMP-2,58,66,140.00,50.38
16:23:07,CMP-1,57,59,140.00,48.45
16:23:07,CMP-3,68,73,140.00,137.13
16:23:07,"CMP-4 (shared, not under test)",42,54,140.00,41.73
16:23:09,CMP-2,58,66,140.00,50.28
16:23:09,CMP-1,57,59,140.00,48.25
16:23:10,CMP-3,68,72,140.00,140.53
16:23:10,"CMP-4 (shared, not under test)",42,54,140.00,41.73
16:23:12,CMP-2,57,65,140.00,50.09
16:23:12,CMP-1,57,59,140.00,48.15
16:23:12,CMP-3,67,75,140.00,143.54
16:23:12,"CMP-4 (shared, not under test)",42,54,140.00,41.73
16:23:14,CMP-2,57,65,140.00,49.98
16:23:14,CMP-1,57,60,140.00,47.86
16:23:14,CMP-3,68,73,140.00,140.86
16:23:14,"CMP-4 (shared, not under test)",42,54,140.00,41.73
16:23:16,CMP-2,57,65,140.00,49.98
16:23:16,CMP-1,56,58,140.00,47.77
16:23:16,CMP-3,68,73,140.00,117.56
16:23:16,"CMP-4 (shared, not under test)",42,54,140.00,41.73
16:23:18,CMP-2,57,65,140.00,49.79
16:23:18,CMP-1,56,58,140.00,47.77
16:23:18,CMP-3,68,72,140.00,142.73
16:23:18,"CMP-4 (shared, not under test)",42,54,140.00,41.71
16:23:20,CMP-2,57,65,140.00,49.70
16:23:20,CMP-1,56,58,140.00,47.58
16:23:20,CMP-3,68,73,140.00,154.18
16:23:20,"CMP-4 (shared, not under test)",42,54,140.00,42.03
16:23:22,CMP-2,56,65,140.00,49.79
16:23:22,CMP-1,56,58,140.00,47.67
16:23:22,CMP-3,68,73,140.00,140.23
16:23:22,"CMP-4 (shared, not under test)",42,54,140.00,41.92
16:23:24,CMP-2,56,65,140.00,49.52
16:23:24,CMP-1,56,58,140.00,47.48
16:23:24,CMP-3,69,72,140.00,142.53
16:23:24,"CMP-4 (shared, not under test)",42,54,140.00,41.73
16:23:26,CMP-2,56,64,140.00,49.33
16:23:26,CMP-1,56,59,140.00,47.39
16:23:26,CMP-3,67,73,140.00,138.18
16:23:26,"CMP-4 (shared, not under test)",42,54,140.00,41.81
16:23:28,CMP-2,56,64,140.00,49.14
16:23:28,CMP-1,55,57,140.00,47.29
16:23:28,CMP-3,69,73,140.00,139.57
16:23:28,"CMP-4 (shared, not under test)",42,54,140.00,41.93
16:23:30,CMP-2,56,64,140.00,49.42
16:23:30,CMP-1,55,57,140.00,47.19
16:23:30,CMP-3,67,75,140.00,136.37
16:23:30,"CMP-4 (shared, not under test)",42,54,140.00,41.83
16:23:32,CMP-2,55,64,140.00,49.32
16:23:32,CMP-1,55,57,140.00,47.67
16:23:32,CMP-3,69,73,140.00,143.76
16:23:32,"CMP-4 (shared, not under test)",42,54,140.00,41.73
16:23:34,CMP-2,55,64,140.00,49.23
16:23:34,CMP-1,55,57,140.00,46.99
16:23:34,CMP-3,68,73,140.00,147.82
16:23:34,"CMP-4 (shared, not under test)",42,54,140.00,41.82
16:23:36,CMP-2,55,64,140.00,49.14
16:23:36,CMP-1,55,57,140.00,46.90
16:23:36,CMP-3,69,73,140.00,140.72
16:23:36,"CMP-4 (shared, not under test)",42,54,140.00,41.73
16:23:39,CMP-2,55,64,140.00,49.12
16:23:39,CMP-1,55,57,140.00,46.88
16:23:39,CMP-3,69,74,140.00,145.00
16:23:39,"CMP-4 (shared, not under test)",42,54,140.00,41.83
16:23:41,CMP-2,55,64,140.00,49.23
16:23:41,CMP-1,54,56,140.00,47.10
16:23:41,CMP-3,68,72,140.00,138.47
16:23:41,"CMP-4 (shared, not under test)",42,54,140.00,41.73
16:23:43,CMP-2,55,64,140.00,49.04
16:23:43,CMP-1,54,56,140.00,46.88
16:23:43,CMP-3,69,72,140.00,141.43
16:23:43,"CMP-4 (shared, not under test)",42,54,140.00,42.01
16:23:45,CMP-2,54,64,140.00,48.84
16:23:45,CMP-1,54,56,140.00,46.80
16:23:45,CMP-3,68,75,140.00,127.83
16:23:45,"CMP-4 (shared, not under test)",42,54,140.00,41.92
16:23:47,CMP-2,54,64,140.00,48.85
16:23:47,CMP-1,54,56,140.00,46.61
16:23:47,CMP-3,69,72,140.00,143.11
16:23:47,"CMP-4 (shared, not under test)",42,54,140.00,41.82
16:23:49,CMP-2,54,63,140.00,48.64
16:23:49,CMP-1,54,56,140.00,46.60
16:23:49,CMP-3,68,74,140.00,105.30
16:23:49,"CMP-4 (shared, not under test)",42,54,140.00,41.92
16:23:51,CMP-2,54,63,140.00,48.55
16:23:51,CMP-1,54,56,140.00,46.51
16:23:51,CMP-3,69,72,140.00,142.19
16:23:51,"CMP-4 (shared, not under test)",42,54,140.00,41.82
16:23:53,CMP-2,54,63,140.00,48.55
16:23:53,CMP-1,54,57,140.00,46.51
16:23:53,CMP-3,69,73,140.00,128.87
16:23:53,"CMP-4 (shared, not under test)",42,54,140.00,41.83
16:23:55,CMP-2,54,63,140.00,48.46
16:23:55,CMP-1,53,56,140.00,46.42
16:23:55,CMP-3,69,72,140.00,139.62
16:23:55,"CMP-4 (shared, not under test)",42,54,140.00,41.83
16:23:57,CMP-2,54,63,140.00,48.36
16:23:57,CMP-1,53,55,140.00,46.42
16:23:57,CMP-3,69,73,140.00,140.49
16:23:57,"CMP-4 (shared, not under test)",42,54,140.00,41.92
16:23:59,CMP-2,53,63,140.00,48.36
16:23:59,CMP-1,53,55,140.00,46.69
16:23:59,CMP-3,67,75,140.00,140.85
16:23:59,"CMP-4 (shared, not under test)",42,54,140.00,41.93
16:24:01,CMP-2,53,63,140.00,48.19
16:24:01,CMP-1,53,55,140.00,46.42
16:24:01,CMP-3,69,73,140.00,141.82
16:24:01,"CMP-4 (shared, not under test)",42,54,140.00,41.93
16:24:03,CMP-2,53,63,140.00,48.07
16:24:03,CMP-1,53,55,140.00,46.32
16:24:03,CMP-3,68,75,140.00,143.72
16:24:03,"CMP-4 (shared, not under test)",42,54,140.00,41.91
16:24:06,CMP-2,53,63,140.00,47.89
16:24:06,CMP-1,53,55,140.00,46.23
16:24:06,CMP-3,69,73,140.00,139.94
16:24:06,"CMP-4 (shared, not under test)",42,54,140.00,41.92
16:24:08,CMP-2,53,63,140.00,47.88
16:24:08,CMP-1,53,55,140.00,46.23
16:24:08,CMP-3,69,74,140.00,158.68
16:24:08,"CMP-4 (shared, not under test)",42,54,140.00,42.11
16:24:10,CMP-2,53,62,140.00,47.89
16:24:10,CMP-1,53,55,140.00,46.13
16:24:10,CMP-3,69,72,140.00,141.33
16:24:10,"CMP-4 (shared, not under test)",42,54,140.00,41.72
16:24:12,CMP-2,53,62,140.00,47.68
16:24:12,CMP-1,52,55,140.00,46.03
16:24:12,CMP-3,69,74,140.00,154.84
16:24:12,"CMP-4 (shared, not under test)",42,54,140.00,41.60
16:24:14,CMP-2,52,62,140.00,47.70
16:24:14,CMP-1,52,54,140.00,46.04
16:24:14,CMP-3,65,72,140.00,70.46
16:24:14,"CMP-4 (shared, not under test)",42,54,140.00,41.73
16:24:16,CMP-2,52,62,140.00,47.60
16:24:16,CMP-1,52,54,140.00,45.94
16:24:16,CMP-3,64,71,140.00,69.88
16:24:16,"CMP-4 (shared, not under test)",42,54,140.00,41.73
16:24:18,CMP-2,52,62,140.00,47.78
16:24:18,CMP-1,52,54,140.00,45.94
16:24:18,CMP-3,67,72,140.00,139.79
16:24:18,"CMP-4 (shared, not under test)",42,54,140.00,41.81
16:24:20,CMP-2,52,62,140.00,47.70
16:24:20,CMP-1,52,54,140.00,46.13
16:24:20,CMP-3,67,72,140.00,127.06
16:24:20,"CMP-4 (shared, not under test)",42,54,140.00,41.73
16:24:22,CMP-2,52,62,140.00,47.60
16:24:22,CMP-1,52,54,140.00,45.85
16:24:22,CMP-3,68,73,140.00,144.44
16:24:22,"CMP-4 (shared, not under test)",42,54,140.00,41.71
16:24:24,CMP-2,52,62,140.00,47.40
16:24:24,CMP-1,52,54,140.00,45.64
16:24:24,CMP-3,68,73,140.00,144.53
16:24:24,"CMP-4 (shared, not under test)",42,54,140.00,41.93
16:24:26,CMP-2,52,62,140.00,47.49
16:24:26,CMP-1,52,54,140.00,45.55
16:24:26,CMP-3,68,73,140.00,143.82
16:24:26,"CMP-4 (shared, not under test)",42,54,140.00,41.73
16:24:28,CMP-2,52,62,140.00,47.30
16:24:28,CMP-1,52,54,140.00,45.55
16:24:28,CMP-3,68,73,140.00,136.17
16:24:28,"CMP-4 (shared, not under test)",42,54,140.00,41.73
16:24:30,CMP-2,52,61,140.00,47.30
16:24:30,CMP-1,51,54,140.00,45.46
16:24:30,CMP-3,66,72,140.00,64.05
16:24:30,"CMP-4 (shared, not under test)",42,54,140.00,41.71
16:24:32,CMP-2,51,61,140.00,47.21
16:24:32,CMP-1,51,55,140.00,45.45
16:24:32,CMP-3,68,73,140.00,140.22
16:24:33,"CMP-4 (shared, not under test)",42,54,140.00,41.72
16:24:35,CMP-2,51,61,140.00,47.21
16:24:35,CMP-1,51,53,140.00,45.45
16:24:35,CMP-3,68,72,140.00,129.02
16:24:35,"CMP-4 (shared, not under test)",42,54,140.00,41.82
16:24:37,CMP-2,51,61,140.00,47.10
16:24:37,CMP-1,51,55,140.00,45.45
16:24:37,CMP-3,68,73,140.00,143.59
16:24:37,"CMP-4 (shared, not under test)",42,54,140.00,41.82
16:24:39,CMP-2,51,61,140.00,47.40
16:24:39,CMP-1,51,53,140.00,45.64
16:24:39,CMP-3,68,73,140.00,143.06
16:24:39,"CMP-4 (shared, not under test)",42,54,140.00,41.71
16:24:41,CMP-2,51,61,140.00,47.20
16:24:41,CMP-1,51,53,140.00,45.45
16:24:41,CMP-3,68,73,140.00,142.53
16:24:41,"CMP-4 (shared, not under test)",42,54,140.00,41.73
16:24:43,CMP-2,51,61,140.00,47.11
16:24:43,CMP-1,51,53,140.00,45.26
16:24:43,CMP-3,68,73,140.00,142.62
16:24:43,"CMP-4 (shared, not under test)",42,54,140.00,41.92
16:24:45,CMP-2,51,61,140.00,46.92
16:24:45,CMP-1,51,53,140.00,45.26
16:24:45,CMP-3,68,73,140.00,142.52
16:24:45,"CMP-4 (shared, not under test)",42,54,140.00,41.83
16:24:47,CMP-2,51,61,140.00,46.92
16:24:47,CMP-1,51,53,140.00,45.36
16:24:47,CMP-3,68,72,140.00,116.57
16:24:47,"CMP-4 (shared, not under test)",42,54,140.00,41.73
16:24:49,CMP-2,51,61,140.00,47.11
16:24:49,CMP-1,51,53,140.00,45.26
16:24:49,CMP-3,64,71,140.00,68.33
16:24:49,"CMP-4 (shared, not under test)",42,54,140.00,41.93
16:24:51,CMP-2,51,61,140.00,46.84
16:24:51,CMP-1,51,53,140.00,45.18
16:24:51,CMP-3,62,70,140.00,49.84
16:24:51,"CMP-4 (shared, not under test)",42,54,140.00,41.73
16:24:53,CMP-2,50,61,140.00,46.92
16:24:53,CMP-1,51,53,140.00,45.26
16:24:53,CMP-3,62,69,140.00,67.47
16:24:53,"CMP-4 (shared, not under test)",42,54,140.00,41.83
16:24:55,CMP-2,50,61,140.00,46.83
16:24:55,CMP-1,51,53,140.00,45.16
16:24:55,CMP-3,61,69,140.00,49.45
16:24:55,"CMP-4 (shared, not under test)",42,54,140.00,41.83
16:24:57,CMP-2,50,60,140.00,46.94
16:24:57,CMP-1,50,53,140.00,45.47
16:24:57,CMP-3,61,68,140.00,49.19
16:24:57,"CMP-4 (shared, not under test)",42,54,140.00,41.83
16:24:59,CMP-2,50,60,140.00,46.83
16:24:59,CMP-1,50,53,140.00,45.26
16:24:59,CMP-3,65,70,140.00,142.97
16:24:59,"CMP-4 (shared, not under test)",42,54,140.00,41.83
16:25:02,CMP-2,50,60,140.00,46.73
16:25:02,CMP-1,50,54,140.00,45.16
16:25:02,CMP-3,66,72,140.00,139.14
16:25:02,"CMP-4 (shared, not under test)",42,54,140.00,41.82
16:25:04,CMP-2,50,60,140.00,46.64
16:25:04,CMP-1,50,54,140.00,45.16
16:25:04,CMP-3,66,71,140.00,139.33
16:25:04,"CMP-4 (shared, not under test)",42,54,140.00,42.03
16:25:06,CMP-2,50,60,140.00,46.54
16:25:06,CMP-1,50,53,140.00,45.07
16:25:06,CMP-3,67,71,140.00,142.63
16:25:06,"CMP-4 (shared, not under test)",42,54,140.00,41.93
16:25:08,CMP-2,50,60,140.00,46.43
16:25:08,CMP-1,50,54,140.00,45.16
16:25:08,CMP-3,66,72,140.00,137.62
16:25:08,"CMP-4 (shared, not under test)",42,54,140.00,41.92
16:25:10,CMP-2,50,60,140.00,46.45
16:25:10,CMP-1,50,54,140.00,45.07
16:25:10,CMP-3,67,71,140.00,139.38
16:25:10,"CMP-4 (shared, not under test)",42,54,140.00,41.81
16:25:12,CMP-2,50,60,140.00,46.35
16:25:12,CMP-1,50,52,140.00,45.16
16:25:12,CMP-3,66,74,140.00,146.07
16:25:12,"CMP-4 (shared, not under test)",42,54,140.00,42.03
16:25:14,CMP-2,50,60,140.00,46.35
16:25:14,CMP-1,50,52,140.00,45.07
16:25:14,CMP-3,67,72,140.00,142.83
16:25:14,"CMP-4 (shared, not under test)",42,54,140.00,42.12
16:25:16,CMP-2,50,60,140.00,46.54
16:25:16,CMP-1,50,52,140.00,45.45
16:25:16,CMP-3,66,73,140.00,107.51
16:25:16,"CMP-4 (shared, not under test)",42,54,140.00,41.73
16:25:18,CMP-2,50,60,140.00,46.26
16:25:18,CMP-1,50,52,140.00,45.16
16:25:18,CMP-3,67,71,140.00,142.63
16:25:18,"CMP-4 (shared, not under test)",42,54,140.00,41.73
16:25:20,CMP-2,50,60,140.00,46.24
16:25:20,CMP-1,50,52,140.00,45.07
16:25:20,CMP-3,67,72,140.00,119.86
16:25:20,"CMP-4 (shared, not under test)",42,54,140.00,41.74
16:25:22,CMP-2,49,60,140.00,46.24
16:25:22,CMP-1,50,52,140.00,45.07
16:25:22,CMP-3,67,71,140.00,137.34
16:25:22,"CMP-4 (shared, not under test)",42,54,140.00,41.73
16:25:24,CMP-2,49,60,140.00,46.24
16:25:24,CMP-1,50,52,140.00,45.07
16:25:24,CMP-3,68,72,140.00,141.24
16:25:24,"CMP-4 (shared, not under test)",42,54,140.00,41.83
16:25:26,CMP-2,49,60,140.00,46.05
16:25:26,CMP-1,50,52,140.00,44.97
16:25:26,CMP-3,67,71,140.00,138.09
16:25:26,"CMP-4 (shared, not under test)",42,54,140.00,41.93
16:25:29,CMP-2,49,60,140.00,46.15
16:25:29,CMP-1,50,52,140.00,44.78
16:25:29,CMP-3,68,71,140.00,142.00
16:25:29,"CMP-4 (shared, not under test)",42,54,140.00,41.73
16:25:31,CMP-2,49,60,140.00,46.07
16:25:31,CMP-1,50,52,140.00,44.78
16:25:31,CMP-3,66,74,140.00,108.72
16:25:31,"CMP-4 (shared, not under test)",42,54,140.00,41.83
16:25:33,CMP-2,49,60,140.00,46.15
16:25:33,CMP-1,50,52,140.00,44.78
16:25:33,CMP-3,68,71,140.00,142.24
16:25:33,"CMP-4 (shared, not under test)",42,54,140.00,41.74
16:25:35,CMP-2,49,60,140.00,46.15
16:25:35,CMP-1,50,52,140.00,45.07
16:25:35,CMP-3,66,74,140.00,144.65
16:25:35,"CMP-4 (shared, not under test)",42,54,140.00,41.62
16:25:37,CMP-2,49,59,140.00,46.15
16:25:37,CMP-1,50,52,140.00,44.88
16:25:37,CMP-3,68,72,140.00,145.10
16:25:37,"CMP-4 (shared, not under test)",42,54,140.00,41.81
16:25:39,CMP-2,49,59,140.00,46.05
16:25:39,CMP-1,50,52,140.00,44.67
16:25:39,CMP-3,67,74,140.00,120.53
16:25:39,"CMP-4 (shared, not under test)",42,54,140.00,41.73
16:25:41,CMP-2,49,59,140.00,46.05
16:25:41,CMP-1,49,52,140.00,44.78
16:25:41,CMP-3,68,71,140.00,143.95
16:25:41,"CMP-4 (shared, not under test)",42,54,140.00,41.73
16:25:43,CMP-2,49,59,140.00,45.96
16:25:43,CMP-1,49,52,140.00,44.69
16:25:43,CMP-3,67,74,140.00,182.90
16:25:43,"CMP-4 (shared, not under test)",42,54,140.00,41.71
16:25:45,CMP-2,49,59,140.00,45.96
16:25:45,CMP-1,49,52,140.00,44.78
16:25:45,CMP-3,68,73,140.00,141.00
16:25:45,"CMP-4 (shared, not under test)",42,54,140.00,41.83
16:25:47,CMP-2,49,59,140.00,46.05
16:25:47,CMP-1,49,53,140.00,44.78
16:25:47,CMP-3,68,73,140.00,140.81
16:25:47,"CMP-4 (shared, not under test)",42,54,140.00,41.82
16:25:49,CMP-2,49,59,140.00,45.86
16:25:49,CMP-1,49,53,140.00,44.58
16:25:49,CMP-3,68,73,140.00,141.15
16:25:49,"CMP-4 (shared, not under test)",42,54,140.00,42.03
16:25:51,CMP-2,49,59,140.00,46.05
16:25:51,CMP-1,49,52,140.00,44.69
16:25:51,CMP-3,68,72,140.00,141.19
16:25:51,"CMP-4 (shared, not under test)",42,54,140.00,41.82
16:25:53,CMP-2,49,59,140.00,46.15
16:25:53,CMP-1,49,53,140.00,44.69
16:25:53,CMP-3,67,74,140.00,182.91
16:25:53,"CMP-4 (shared, not under test)",42,54,140.00,41.83
16:25:55,CMP-2,48,59,140.00,46.05
16:25:55,CMP-1,49,51,140.00,44.88
16:25:56,CMP-3,68,72,140.00,136.46
16:25:56,"CMP-4 (shared, not under test)",42,54,140.00,41.92
16:25:58,CMP-2,48,59,140.00,45.86
16:25:58,CMP-1,49,51,140.00,44.67
16:25:58,CMP-3,67,75,140.00,170.54
16:25:58,"CMP-4 (shared, not under test)",42,54,140.00,41.82
16:26:00,CMP-2,48,59,140.00,45.86
16:26:00,CMP-1,49,51,140.00,44.58
16:26:00,CMP-3,68,73,140.00,137.60
16:26:00,"CMP-4 (shared, not under test)",42,54,140.00,41.82
16:26:02,CMP-2,48,59,140.00,45.77
16:26:02,CMP-1,49,51,140.00,44.58
16:26:02,CMP-3,68,74,140.00,164.27
16:26:02,"CMP-4 (shared, not under test)",42,54,140.00,41.82
16:26:04,CMP-2,48,59,140.00,45.86
16:26:04,CMP-1,49,51,140.00,44.39
16:26:04,CMP-3,68,73,140.00,142.29
16:26:04,"CMP-4 (shared, not under test)",42,54,140.00,41.93
16:26:06,CMP-2,48,59,140.00,45.77
16:26:06,CMP-1,49,51,140.00,44.58
16:26:06,CMP-3,68,74,140.00,143.01
16:26:06,"CMP-4 (shared, not under test)",42,54,140.00,41.92
16:26:08,CMP-2,48,59,140.00,45.67
16:26:08,CMP-1,49,51,140.00,44.48
16:26:08,CMP-3,68,72,140.00,142.19
16:26:08,"CMP-4 (shared, not under test)",42,54,140.00,41.93
16:26:10,CMP-2,48,59,140.00,45.67
16:26:10,CMP-1,49,51,140.00,44.48
16:26:10,CMP-3,69,72,140.00,141.82
16:26:10,"CMP-4 (shared, not under test)",42,54,140.00,41.92
16:26:12,CMP-2,48,59,140.00,45.77
16:26:12,CMP-1,49,51,140.00,44.48
16:26:12,CMP-3,67,74,140.00,165.73
16:26:12,"CMP-4 (shared, not under test)",42,54,140.00,41.92
16:26:14,CMP-2,48,59,140.00,45.77
16:26:14,CMP-1,49,51,140.00,44.78
16:26:14,CMP-3,69,73,140.00,140.13
16:26:14,"CMP-4 (shared, not under test)",42,54,140.00,41.92
16:26:16,CMP-2,48,59,140.00,45.48
16:26:16,CMP-1,49,51,140.00,44.47
16:26:16,CMP-3,67,75,140.00,171.64
16:26:16,"CMP-4 (shared, not under test)",42,54,140.00,41.93
16:26:18,CMP-2,48,59,140.00,45.58
16:26:18,CMP-1,49,51,140.00,44.47
16:26:18,CMP-3,69,73,140.00,137.04
16:26:18,"CMP-4 (shared, not under test)",42,54,140.00,41.83
16:26:20,CMP-2,48,59,140.00,45.37
16:26:20,CMP-1,48,51,140.00,44.48
16:26:20,CMP-3,68,74,140.00,122.43
16:26:20,"CMP-4 (shared, not under test)",42,54,140.00,42.01
16:26:22,CMP-2,48,59,140.00,45.37
16:26:22,CMP-1,48,51,140.00,44.38
16:26:22,CMP-3,69,73,140.00,143.49
16:26:22,"CMP-4 (shared, not under test)",42,54,140.00,41.71
16:26:25,CMP-2,48,59,140.00,45.46
16:26:25,CMP-1,48,51,140.00,44.47
16:26:25,CMP-3,68,74,140.00,141.68
16:26:25,"CMP-4 (shared, not under test)",42,54,140.00,41.63
16:26:27,CMP-2,48,58,140.00,45.40
16:26:27,CMP-1,48,51,140.00,44.38
16:26:27,CMP-3,68,73,140.00,141.28
16:26:27,"CMP-4 (shared, not under test)",42,54,140.00,42.12
16:26:29,CMP-2,48,59,140.00,45.39
16:26:29,CMP-1,48,51,140.00,44.38
16:26:29,CMP-3,69,73,140.00,138.38
16:26:29,"CMP-4 (shared, not under test)",42,54,140.00,41.71
16:26:31,CMP-2,48,59,140.00,45.59
16:26:31,CMP-1,48,52,140.00,44.38
16:26:31,CMP-3,68,73,140.00,141.54
16:26:31,"CMP-4 (shared, not under test)",42,54,140.00,41.73
16:26:33,CMP-2,48,59,140.00,45.49
16:26:33,CMP-1,48,52,140.00,44.58
16:26:33,CMP-3,69,72,140.00,142.53
16:26:33,"CMP-4 (shared, not under test)",42,54,140.00,41.73
16:26:35,CMP-2,48,58,140.00,45.38
16:26:35,CMP-1,48,51,140.00,44.19
16:26:35,CMP-3,68,73,140.00,155.37
16:26:35,"CMP-4 (shared, not under test)",42,54,140.00,41.71
16:26:37,CMP-2,48,58,140.00,45.28
16:26:37,CMP-1,48,51,140.00,44.09
16:26:37,CMP-3,69,73,140.00,140.62
16:26:37,"CMP-4 (shared, not under test)",42,54,140.00,41.83
16:26:39,CMP-2,47,58,140.00,45.28
16:26:39,CMP-1,48,50,140.00,44.19
16:26:39,CMP-3,68,74,140.00,152.21
16:26:39,"CMP-4 (shared, not under test)",42,54,140.00,41.73
16:26:41,CMP-2,47,58,140.00,45.19
16:26:41,CMP-1,48,50,140.00,44.19
16:26:41,CMP-3,69,73,140.00,141.61
16:26:41,"CMP-4 (shared, not under test)",42,54,140.00,41.73
16:26:43,CMP-2,47,58,140.00,45.37
16:26:43,CMP-1,48,50,140.00,44.09
16:26:43,CMP-3,69,72,140.00,140.86
16:26:43,"CMP-4 (shared, not under test)",42,54,140.00,41.92
16:26:45,CMP-2,47,58,140.00,45.19
16:26:45,CMP-1,48,50,140.00,44.09
16:26:45,CMP-3,68,73,140.00,104.67
16:26:45,"CMP-4 (shared, not under test)",42,54,140.00,41.74
16:26:47,CMP-2,47,58,140.00,45.28
16:26:47,CMP-1,48,50,140.00,43.99
16:26:47,CMP-3,69,73,140.00,142.33
16:26:47,"CMP-4 (shared, not under test)",42,54,140.00,41.83
16:26:49,CMP-2,47,58,140.00,45.48
16:26:49,CMP-1,48,50,140.00,44.09
16:26:49,CMP-3,67,74,140.00,133.69
16:26:49,"CMP-4 (shared, not under test)",42,54,140.00,41.92
16:26:52,CMP-2,47,58,140.00,45.48
16:26:52,CMP-1,48,50,140.00,44.69
16:26:52,CMP-3,69,73,140.00,140.33
16:26:52,"CMP-4 (shared, not under test)",42,54,140.00,41.83
16:26:54,CMP-2,47,58,140.00,45.28
16:26:54,CMP-1,48,50,140.00,44.09
16:26:54,CMP-3,68,75,140.00,143.43
16:26:54,"CMP-4 (shared, not under test)",42,54,140.00,41.93
16:26:56,CMP-2,47,58,140.00,45.28
16:26:56,CMP-1,48,50,140.00,44.09
16:26:56,CMP-3,69,73,140.00,141.54
16:26:56,"CMP-4 (shared, not under test)",42,54,140.00,41.83
16:26:58,CMP-2,47,58,140.00,45.18
16:26:58,CMP-1,48,50,140.00,43.99
16:26:58,CMP-3,69,73,140.00,145.63
16:26:58,"CMP-4 (shared, not under test)",42,54,140.00,41.73
16:27:00,CMP-2,47,58,140.00,45.37
16:27:00,CMP-1,47,50,140.00,44.09
16:27:00,CMP-3,68,74,140.00,137.90
16:27:00,"CMP-4 (shared, not under test)",42,54,140.00,41.73
16:27:02,CMP-2,47,58,140.00,45.19
16:27:02,CMP-1,47,50,140.00,43.99
16:27:02,CMP-3,69,73,140.00,140.42
16:27:02,"CMP-4 (shared, not under test)",42,54,140.00,41.82
16:27:04,CMP-2,47,58,140.00,45.29
16:27:04,CMP-1,47,50,140.00,43.90
16:27:04,CMP-3,68,73,140.00,120.07
16:27:04,"CMP-4 (shared, not under test)",42,54,140.00,41.71
16:27:06,CMP-2,47,58,140.00,45.19
16:27:06,CMP-1,47,50,140.00,43.90
16:27:06,CMP-3,69,73,140.00,141.19
16:27:06,"CMP-4 (shared, not under test)",42,54,140.00,42.01
16:27:08,CMP-2,47,58,140.00,45.28
16:27:08,CMP-1,47,50,140.00,43.99
16:27:08,CMP-3,68,74,140.00,148.88
16:27:08,"CMP-4 (shared, not under test)",42,54,140.00,41.91
16:27:10,CMP-2,47,58,140.00,45.48
16:27:10,CMP-1,47,50,140.00,44.28
16:27:10,CMP-3,69,72,140.00,141.33
16:27:10,"CMP-4 (shared, not under test)",42,54,140.00,41.81
16:27:12,CMP-2,47,58,140.00,45.37
16:27:12,CMP-1,47,50,140.00,44.09
16:27:12,CMP-3,68,73,140.00,111.81
16:27:12,"CMP-4 (shared, not under test)",42,54,140.00,41.92
16:27:14,CMP-2,47,58,140.00,45.19
16:27:14,CMP-1,47,50,140.00,44.09
16:27:14,CMP-3,69,73,140.00,140.44
16:27:14,"CMP-4 (shared, not under test)",42,54,140.00,41.73
16:27:16,CMP-2,47,58,140.00,45.18
16:27:16,CMP-1,47,50,140.00,43.99
16:27:16,CMP-3,69,72,140.00,142.00
16:27:16,"CMP-4 (shared, not under test)",42,54,140.00,41.92
16:27:18,CMP-2,47,58,140.00,45.19
16:27:18,CMP-1,47,50,140.00,43.90
16:27:18,CMP-3,68,73,140.00,99.57
16:27:19,"CMP-4 (shared, not under test)",42,54,140.00,41.92
16:27:21,CMP-2,47,58,140.00,44.99
16:27:21,CMP-1,47,50,140.00,43.90
16:27:21,CMP-3,69,72,140.00,141.61
16:27:21,"CMP-4 (shared, not under test)",42,54,140.00,41.92
16:27:23,CMP-2,47,58,140.00,44.91
16:27:23,CMP-1,47,50,140.00,43.99
16:27:23,CMP-3,69,74,140.00,126.00
16:27:23,"CMP-4 (shared, not under test)",42,54,140.00,41.83
16:27:25,CMP-2,47,58,140.00,44.90
16:27:25,CMP-1,47,50,140.00,43.90
16:27:25,CMP-3,69,72,140.00,142.33
16:27:25,"CMP-4 (shared, not under test)",42,54,140.00,41.82
16:27:27,CMP-2,47,58,140.00,44.98
16:27:27,CMP-1,47,50,140.00,43.99
16:27:27,CMP-3,69,74,140.00,140.19
16:27:27,"CMP-4 (shared, not under test)",42,54,140.00,41.82
16:27:29,CMP-2,47,58,140.00,45.09
16:27:29,CMP-1,47,50,140.00,44.28
16:27:29,CMP-3,69,73,140.00,143.77
16:27:29,"CMP-4 (shared, not under test)",42,54,140.00,41.63
16:27:31,CMP-2,47,58,140.00,44.99
16:27:31,CMP-1,47,51,140.00,43.99
16:27:31,CMP-3,69,72,140.00,140.04
16:27:31,"CMP-4 (shared, not under test)",42,54,140.00,41.71
16:27:33,CMP-2,47,58,140.00,44.90
16:27:33,CMP-1,47,50,140.00,43.90
16:27:33,CMP-3,68,75,140.00,121.40
16:27:33,"CMP-4 (shared, not under test)",42,54,140.00,41.71
16:27:35,CMP-2,47,58,140.00,44.90
16:27:35,CMP-1,47,49,140.00,43.99
16:27:35,CMP-3,69,72,140.00,142.29
16:27:35,"CMP-4 (shared, not under test)",42,54,140.00,41.73
16:27:37,CMP-2,47,58,140.00,44.90
16:27:37,CMP-1,47,49,140.00,43.90
16:27:37,CMP-3,68,75,140.00,163.76
16:27:37,"CMP-4 (shared, not under test)",42,54,140.00,41.93
16:27:39,CMP-2,47,58,140.00,44.90
16:27:39,CMP-1,47,49,140.00,43.90
16:27:39,CMP-3,69,72,140.00,142.43
16:27:39,"CMP-4 (shared, not under test)",42,54,140.00,41.73
16:27:41,CMP-2,47,58,140.00,44.90
16:27:41,CMP-1,47,49,140.00,43.90
16:27:41,CMP-3,69,74,140.00,173.21
16:27:41,"CMP-4 (shared, not under test)",42,54,140.00,41.63
16:27:43,CMP-2,46,58,140.00,44.90
16:27:43,CMP-1,47,49,140.00,43.62
16:27:43,CMP-3,69,74,140.00,140.13
16:27:43,"CMP-4 (shared, not under test)",42,54,140.00,41.63
16:27:45,CMP-2,46,56,140.00,45.08
16:27:45,CMP-1,47,49,140.00,43.71
16:27:45,CMP-3,69,75,140.00,141.24
16:27:45,"CMP-4 (shared, not under test)",42,54,140.00,41.73
16:27:48,CMP-2,46,58,140.00,45.10
16:27:48,CMP-1,47,49,140.00,43.72
16:27:48,CMP-3,69,73,140.00,139.24
16:27:48,"CMP-4 (shared, not under test)",42,54,140.00,41.73
16:27:50,CMP-2,46,58,140.00,44.90
16:27:50,CMP-1,47,49,140.00,43.80
16:27:50,CMP-3,69,73,140.00,140.53
16:27:50,"CMP-4 (shared, not under test)",42,54,140.00,41.63
16:27:52,CMP-2,46,58,140.00,44.90
16:27:52,CMP-1,47,50,140.00,43.80
16:27:52,CMP-3,68,75,140.00,98.51
16:27:52,"CMP-4 (shared, not under test)",42,54,140.00,41.74
16:27:54,CMP-2,46,58,140.00,44.90
16:27:54,CMP-1,47,49,140.00,43.61
16:27:54,CMP-3,69,73,140.00,140.24
16:27:54,"CMP-4 (shared, not under test)",42,54,140.00,41.92
16:27:56,CMP-2,46,57,140.00,44.90
16:27:56,CMP-1,47,49,140.00,43.71
16:27:56,CMP-3,68,74,140.00,161.18
16:27:56,"CMP-4 (shared, not under test)",42,54,140.00,41.82
16:27:58,CMP-2,46,57,140.00,44.80
16:27:58,CMP-1,47,49,140.00,43.61
16:27:58,CMP-3,69,73,140.00,143.30
16:27:58,"CMP-4 (shared, not under test)",42,54,140.00,41.81
16:28:00,CMP-2,46,57,140.00,44.80
16:28:00,CMP-1,47,49,140.00,43.61
16:28:00,CMP-3,69,74,140.00,157.33
16:28:00,"CMP-4 (shared, not under test)",42,54,140.00,41.93
16:28:02,CMP-2,46,57,140.00,44.90
16:28:02,CMP-1,47,49,140.00,43.71
16:28:02,CMP-3,69,73,140.00,139.47
16:28:02,"CMP-4 (shared, not under test)",42,54,140.00,41.83
16:28:04,CMP-2,46,58,140.00,44.80
16:28:04,CMP-1,47,49,140.00,43.61
16:28:04,CMP-3,69,72,140.00,140.42
16:28:04,"CMP-4 (shared, not under test)",42,54,140.00,41.73
16:28:06,CMP-2,46,57,140.00,45.19
16:28:06,CMP-1,46,49,140.00,43.80
16:28:06,CMP-3,68,75,140.00,126.25
16:28:06,"CMP-4 (shared, not under test)",42,54,140.00,41.93
16:28:08,CMP-2,46,57,140.00,44.90
16:28:08,CMP-1,46,49,140.00,43.80
16:28:08,CMP-3,69,74,140.00,141.09
16:28:08,"CMP-4 (shared, not under test)",42,54,140.00,41.73
16:28:10,CMP-2,46,57,140.00,44.90
16:28:10,CMP-1,46,49,140.00,43.61
16:28:10,CMP-3,69,74,140.00,105.23
16:28:10,"CMP-4 (shared, not under test)",42,54,140.00,41.82
16:28:12,CMP-2,46,57,140.00,44.80
16:28:12,CMP-1,46,49,140.00,43.61
16:28:12,CMP-3,69,73,140.00,140.33
16:28:12,"CMP-4 (shared, not under test)",42,54,140.00,41.83
16:28:15,CMP-2,46,57,140.00,44.80
16:28:15,CMP-1,46,49,140.00,43.62
16:28:15,CMP-3,69,73,140.00,159.41
16:28:15,"CMP-4 (shared, not under test)",42,54,140.00,41.71
16:28:17,CMP-2,46,57,140.00,44.80
16:28:17,CMP-1,46,49,140.00,43.71
16:28:17,CMP-3,69,73,140.00,141.44
16:28:17,"CMP-4 (shared, not under test)",42,54,140.00,41.92
16:28:19,CMP-2,46,57,140.00,44.80
16:28:19,CMP-1,46,49,140.00,43.62
16:28:19,CMP-3,69,73,140.00,140.72
16:28:19,"CMP-4 (shared, not under test)",42,54,140.00,41.93
16:28:21,CMP-2,46,57,140.00,44.88
16:28:21,CMP-1,46,49,140.00,43.52
16:28:21,CMP-3,68,74,140.00,140.48
16:28:21,"CMP-4 (shared, not under test)",42,54,140.00,41.83
16:28:23,CMP-2,46,57,140.00,44.81
16:28:23,CMP-1,46,49,140.00,43.62
16:28:23,CMP-3,69,72,140.00,140.81
16:28:23,"CMP-4 (shared, not under test)",42,54,140.00,41.32
16:28:25,CMP-2,46,57,140.00,44.98
16:28:25,CMP-1,46,49,140.00,43.52
16:28:25,CMP-3,68,75,140.00,144.91
16:28:25,"CMP-4 (shared, not under test)",42,54,140.00,41.62
16:28:27,CMP-2,46,57,140.00,44.71
16:28:27,CMP-1,46,49,140.00,43.80
16:28:27,CMP-3,69,73,140.00,141.00
16:28:27,"CMP-4 (shared, not under test)",42,54,140.00,41.32
16:28:29,CMP-2,46,57,140.00,44.71
16:28:29,CMP-1,46,49,140.00,43.80
16:28:29,CMP-3,69,75,140.00,106.93
16:28:29,"CMP-4 (shared, not under test)",42,54,140.00,41.92
16:28:31,CMP-2,46,57,140.00,44.61
16:28:31,CMP-1,46,49,140.00,43.61
16:28:31,CMP-3,69,74,140.00,143.30
16:28:31,"CMP-4 (shared, not under test)",42,54,140.00,42.01
16:28:33,CMP-2,46,57,140.00,44.61
16:28:33,CMP-1,46,49,140.00,43.52
16:28:33,CMP-3,69,74,140.00,161.68
16:28:33,"CMP-4 (shared, not under test)",42,54,140.00,41.92
16:28:35,CMP-2,46,57,140.00,44.72
16:28:35,CMP-1,46,49,140.00,43.61
16:28:35,CMP-3,69,74,140.00,139.96
16:28:35,"CMP-4 (shared, not under test)",42,54,140.00,41.81
16:28:37,CMP-2,46,57,140.00,44.61
16:28:37,CMP-1,46,49,140.00,43.52
16:28:37,CMP-3,69,73,140.00,141.24
16:28:37,"CMP-4 (shared, not under test)",42,54,140.00,42.11
16:28:39,CMP-2,46,57,140.00,44.61
16:28:39,CMP-1,46,49,140.00,43.52
16:28:39,CMP-3,68,76,140.00,144.23
16:28:39,"CMP-4 (shared, not under test)",42,54,140.00,41.63
16:28:42,CMP-2,46,57,140.00,44.61
16:28:42,CMP-1,46,49,140.00,43.52
16:28:42,CMP-3,69,73,140.00,140.19
16:28:42,"CMP-4 (shared, not under test)",42,54,140.00,41.71
16:28:44,CMP-2,46,57,140.00,44.61
16:28:44,CMP-1,46,49,140.00,43.61
16:28:44,CMP-3,69,74,140.00,107.71
16:28:44,"CMP-4 (shared, not under test)",42,54,140.00,41.71
16:28:46,CMP-2,46,57,140.00,44.80
16:28:46,CMP-1,46,49,140.00,43.80
16:28:46,CMP-3,69,73,140.00,140.58
16:28:46,"CMP-4 (shared, not under test)",42,54,140.00,41.81
16:28:48,CMP-2,46,57,140.00,44.71
16:28:48,CMP-1,46,49,140.00,43.71
16:28:48,CMP-3,70,73,140.00,141.82
16:28:48,"CMP-4 (shared, not under test)",42,54,140.00,41.72
16:28:50,CMP-2,46,57,140.00,44.62
16:28:50,CMP-1,46,49,140.00,43.43
16:28:50,CMP-3,69,75,140.00,109.10
16:28:50,"CMP-4 (shared, not under test)",42,54,140.00,41.82
16:28:52,CMP-2,46,57,140.00,44.62
16:28:52,CMP-1,46,49,140.00,43.42
16:28:52,CMP-3,70,73,140.00,140.77
16:28:52,"CMP-4 (shared, not under test)",42,54,140.00,41.71
16:28:54,CMP-2,46,57,140.00,44.61
16:28:54,CMP-1,46,50,140.00,43.42
16:28:54,CMP-3,68,75,140.00,201.02
16:28:54,"CMP-4 (shared, not under test)",42,54,140.00,41.81
16:28:56,CMP-2,46,57,140.00,44.62
16:28:56,CMP-1,46,49,140.00,43.31
16:28:56,CMP-3,69,73,140.00,139.47
16:28:56,"CMP-4 (shared, not under test)",42,54,140.00,41.71
16:28:58,CMP-2,46,57,140.00,44.52
16:28:58,CMP-1,46,49,140.00,43.52
16:28:58,CMP-3,69,74,140.00,143.00
16:28:58,"CMP-4 (shared, not under test)",42,54,140.00,41.82
16:29:00,CMP-2,46,57,140.00,44.61
16:29:00,CMP-1,46,50,140.00,43.42
16:29:00,CMP-3,69,73,140.00,142.15
16:29:00,"CMP-4 (shared, not under test)",42,54,140.00,41.71
16:29:02,CMP-2,46,57,140.00,44.61
16:29:02,CMP-1,46,50,140.00,43.33
16:29:02,CMP-3,70,73,140.00,141.61
16:29:02,"CMP-4 (shared, not under test)",42,54,140.00,41.81
16:29:04,CMP-2,46,57,140.00,44.80
16:29:04,CMP-1,46,49,140.00,43.71
16:29:04,CMP-3,68,74,140.00,103.22
16:29:04,"CMP-4 (shared, not under test)",42,54,140.00,41.71
16:29:06,CMP-2,46,57,140.00,44.72
16:29:06,CMP-1,46,48,140.00,43.61
16:29:06,CMP-3,69,72,140.00,140.13
16:29:06,"CMP-4 (shared, not under test)",42,54,140.00,41.82
16:29:08,CMP-2,46,57,140.00,44.69
16:29:08,CMP-1,46,48,140.00,43.33
16:29:09,CMP-3,68,76,140.00,162.44
16:29:09,"CMP-4 (shared, not under test)",42,54,140.00,41.81
16:29:11,CMP-2,46,57,140.00,45.10
16:29:11,CMP-1,46,50,140.00,43.31
16:29:11,CMP-3,69,74,140.00,137.41
16:29:11,"CMP-4 (shared, not under test)",42,54,140.00,41.73
16:29:13,CMP-2,46,57,140.00,45.09
16:29:13,CMP-1,46,48,140.00,43.33
16:29:13,CMP-3,69,74,140.00,181.05
16:29:13,"CMP-4 (shared, not under test)",42,54,140.00,41.93
16:29:15,CMP-2,46,57,140.00,45.10
16:29:15,CMP-1,46,48,140.00,43.31
16:29:15,CMP-3,69,74,140.00,139.09
16:29:15,"CMP-4 (shared, not under test)",42,54,140.00,41.71
16:29:17,CMP-2,46,57,140.00,45.09
16:29:17,CMP-1,46,50,140.00,43.33
16:29:17,CMP-3,69,74,140.00,179.17
16:29:17,"CMP-4 (shared, not under test)",42,54,140.00,41.71
16:29:19,CMP-2,46,57,140.00,44.98
16:29:19,CMP-1,46,48,140.00,43.31
16:29:19,CMP-3,69,74,140.00,141.15
16:29:19,"CMP-4 (shared, not under test)",42,54,140.00,41.92
16:29:21,CMP-2,46,57,140.00,45.10
16:29:21,CMP-1,46,48,140.00,43.43
16:29:21,CMP-3,70,73,140.00,138.08
16:29:21,"CMP-4 (shared, not under test)",42,54,140.00,41.71
16:29:23,CMP-2,46,57,140.00,45.21
16:29:23,CMP-1,46,48,140.00,43.23
16:29:23,CMP-3,68,75,140.00,132.81
16:29:23,"CMP-4 (shared, not under test)",42,54,140.00,41.92
16:29:25,CMP-2,46,57,140.00,45.18
16:29:25,CMP-1,46,48,140.00,43.61
16:29:25,CMP-3,70,74,140.00,139.38
16:29:25,"CMP-4 (shared, not under test)",42,54,140.00,41.92
16:29:27,CMP-2,46,57,140.00,45.19
16:29:27,CMP-1,46,48,140.00,43.52
16:29:27,CMP-3,69,76,140.00,123.85
16:29:27,"CMP-4 (shared, not under test)",42,54,140.00,41.82
16:29:29,CMP-2,46,57,140.00,44.98
16:29:29,CMP-1,46,48,140.00,43.42
16:29:29,CMP-3,70,72,140.00,143.11
16:29:29,"CMP-4 (shared, not under test)",42,54,140.00,41.82
16:29:31,CMP-2,46,57,140.00,45.09
16:29:31,CMP-1,46,48,140.00,43.31
16:29:31,CMP-3,68,76,140.00,130.92
16:29:31,"CMP-4 (shared, not under test)",42,54,140.00,41.81
16:29:33,CMP-2,46,57,140.00,44.80
16:29:33,CMP-1,46,48,140.00,43.42
16:29:33,CMP-3,70,73,140.00,141.52
16:29:33,"CMP-4 (shared, not under test)",42,54,140.00,41.92
16:29:35,CMP-2,46,57,140.00,44.90
16:29:35,CMP-1,46,48,140.00,43.43
16:29:35,CMP-3,69,76,140.00,147.14
16:29:35,"CMP-4 (shared, not under test)",42,54,140.00,41.92
16:29:38,CMP-2,46,57,140.00,44.90
16:29:38,CMP-1,46,48,140.00,43.43
16:29:38,CMP-3,70,73,140.00,141.62
16:29:38,"CMP-4 (shared, not under test)",42,54,140.00,41.92
16:29:40,CMP-2,46,57,140.00,44.80
16:29:40,CMP-1,46,48,140.00,43.43
16:29:40,CMP-3,68,75,140.00,92.79
16:29:40,"CMP-4 (shared, not under test)",42,54,140.00,41.93
16:29:42,CMP-2,46,57,140.00,44.90
16:29:42,CMP-1,46,48,140.00,43.31
16:29:42,CMP-3,70,74,140.00,140.38
16:29:42,"CMP-4 (shared, not under test)",42,54,140.00,41.92
16:29:44,CMP-2,46,57,140.00,45.10
16:29:44,CMP-1,46,48,140.00,43.61
16:29:44,CMP-3,68,76,140.00,147.02
16:29:44,"CMP-4 (shared, not under test)",42,54,140.00,41.73
16:29:46,CMP-2,46,57,140.00,44.90
16:29:46,CMP-1,46,48,140.00,43.61
16:29:46,CMP-3,70,74,140.00,141.19
16:29:46,"CMP-4 (shared, not under test)",42,54,140.00,41.81
16:29:48,CMP-2,46,57,140.00,44.88
16:29:48,CMP-1,46,48,140.00,43.42
16:29:48,CMP-3,68,75,140.00,102.21
16:29:48,"CMP-4 (shared, not under test)",42,54,140.00,41.71
16:29:50,CMP-2,46,57,140.00,44.99
16:29:50,CMP-1,46,48,140.00,43.42
16:29:50,CMP-3,70,74,140.00,142.33
16:29:50,"CMP-4 (shared, not under test)",42,54,140.00,41.73
16:29:52,CMP-2,46,57,140.00,44.88
16:29:52,CMP-1,46,48,140.00,43.31
16:29:52,CMP-3,68,76,140.00,99.35
16:29:52,"CMP-4 (shared, not under test)",42,54,140.00,41.73
16:29:54,CMP-2,46,57,140.00,44.98
16:29:54,CMP-1,46,48,140.00,43.42
16:29:54,CMP-3,69,73,140.00,140.86
16:29:54,"CMP-4 (shared, not under test)",42,54,140.00,42.01
16:29:56,CMP-2,45,57,140.00,44.81
16:29:56,CMP-1,45,48,140.00,43.23
16:29:56,CMP-3,68,74,140.00,99.08
16:29:56,"CMP-4 (shared, not under test)",42,54,140.00,41.63
16:29:58,CMP-2,45,57,140.00,44.88
16:29:58,CMP-1,45,48,140.00,43.12
16:29:58,CMP-3,69,73,140.00,141.33
16:29:58,"CMP-4 (shared, not under test)",42,54,140.00,41.83
16:30:00,CMP-2,45,57,140.00,44.91
16:30:00,CMP-1,45,48,140.00,43.33
16:30:00,CMP-3,68,74,140.00,99.14
16:30:00,"CMP-4 (shared, not under test)",42,54,140.00,41.73
16:30:02,CMP-2,45,57,140.00,45.19
16:30:02,CMP-1,45,48,140.00,43.52
16:30:02,CMP-3,70,73,140.00,141.47
16:30:02,"CMP-4 (shared, not under test)",42,54,140.00,41.63
16:30:05,CMP-2,45,57,140.00,45.01
16:30:05,CMP-1,45,48,140.00,43.43
16:30:05,CMP-3,69,74,140.00,91.47
16:30:05,"CMP-4 (shared, not under test)",42,54,140.00,41.73
16:30:07,CMP-2,45,57,140.00,44.88
16:30:07,CMP-1,45,48,140.00,43.22
16:30:07,CMP-3,70,73,140.00,141.57
16:30:07,"CMP-4 (shared, not under test)",42,54,140.00,41.73
16:30:09,CMP-2,45,57,140.00,44.88
16:30:09,CMP-1,45,48,140.00,43.22
16:30:09,CMP-3,68,75,140.00,134.62
16:30:09,"CMP-4 (shared, not under test)",42,54,140.00,41.92
16:30:11,CMP-2,45,57,140.00,44.99
16:30:11,CMP-1,45,48,140.00,43.22
16:30:11,CMP-3,70,74,140.00,140.67
16:30:11,"CMP-4 (shared, not under test)",42,54,140.00,41.93
16:30:13,CMP-2,45,57,140.00,44.91
16:30:13,CMP-1,45,48,140.00,43.23
16:30:13,CMP-3,69,75,140.00,137.80
16:30:13,"CMP-4 (shared, not under test)",42,54,140.00,41.74
16:30:15,CMP-2,45,57,140.00,44.90
16:30:15,CMP-1,45,48,140.00,43.22
16:30:15,CMP-3,70,74,140.00,140.49
16:30:15,"CMP-4 (shared, not under test)",42,54,140.00,41.71
16:30:17,CMP-2,45,57,140.00,44.90
16:30:17,CMP-1,45,48,140.00,43.33
16:30:17,CMP-3,68,75,140.00,208.01
16:30:17,"CMP-4 (shared, not under test)",42,54,140.00,41.92
16:30:19,CMP-2,45,57,140.00,44.99
16:30:19,CMP-1,45,48,140.00,43.22
16:30:19,CMP-3,70,74,140.00,143.67
16:30:19,"CMP-4 (shared, not under test)",42,54,140.00,41.71
16:30:21,CMP-2,45,57,140.00,44.98
16:30:21,CMP-1,45,48,140.00,43.22
16:30:21,CMP-3,68,74,140.00,136.38
16:30:21,"CMP-4 (shared, not under test)",42,54,140.00,41.82
16:30:23,CMP-2,45,57,140.00,45.08
16:30:23,CMP-1,45,48,140.00,43.52
16:30:23,CMP-3,69,72,140.00,140.09
16:30:23,"CMP-4 (shared, not under test)",42,54,140.00,41.82
16:30:25,CMP-2,45,57,140.00,44.97
16:30:25,CMP-1,45,48,140.00,43.31
16:30:25,CMP-3,68,74,140.00,168.28
16:30:25,"CMP-4 (shared, not under test)",42,54,140.00,41.71
16:30:27,CMP-2,45,57,140.00,44.99
16:30:27,CMP-1,45,48,140.00,43.22
16:30:27,CMP-3,70,72,140.00,141.38
16:30:27,"CMP-4 (shared, not under test)",42,54,140.00,41.71
16:30:29,CMP-2,45,57,140.00,44.91
16:30:29,CMP-1,45,48,140.00,43.23
16:30:29,CMP-3,69,74,140.00,134.03
16:30:29,"CMP-4 (shared, not under test)",42,54,140.00,41.82
16:30:31,CMP-2,45,57,140.00,44.90
16:30:31,CMP-1,45,48,140.00,43.31
16:30:31,CMP-3,70,74,140.00,142.63
16:30:31,"CMP-4 (shared, not under test)",42,54,140.00,41.92
16:30:34,CMP-2,45,57,140.00,45.01
16:30:34,CMP-1,45,48,140.00,43.23
16:30:34,CMP-3,68,75,140.00,132.55
16:30:34,"CMP-4 (shared, not under test)",42,54,140.00,41.82
16:30:36,CMP-2,45,57,140.00,44.99
16:30:36,CMP-1,45,48,140.00,43.22
16:30:36,CMP-3,70,73,140.00,144.24
16:30:36,"CMP-4 (shared, not under test)",42,54,140.00,41.92
16:30:38,CMP-2,45,57,140.00,44.98
16:30:38,CMP-1,45,48,140.00,43.22
16:30:38,CMP-3,68,76,140.00,136.32
16:30:38,"CMP-4 (shared, not under test)",42,54,140.00,42.03
16:30:40,CMP-2,45,57,140.00,44.90
16:30:40,CMP-1,45,48,140.00,43.23
16:30:40,CMP-3,69,74,140.00,138.85
16:30:40,"CMP-4 (shared, not under test)",42,54,140.00,41.83
16:30:42,CMP-2,45,57,140.00,44.99
16:30:42,CMP-1,45,48,140.00,43.61
16:30:42,CMP-3,69,74,140.00,137.07
16:30:42,"CMP-4 (shared, not under test)",42,54,140.00,41.80
16:30:44,CMP-2,45,57,140.00,44.99
16:30:44,CMP-1,45,48,140.00,43.52
16:30:44,CMP-3,69,74,140.00,141.99
16:30:44,"CMP-4 (shared, not under test)",42,54,140.00,41.92
16:30:46,CMP-2,45,57,140.00,44.79
16:30:46,CMP-1,45,48,140.00,43.33
16:30:46,CMP-3,69,74,140.00,141.59
16:30:46,"CMP-4 (shared, not under test)",42,54,140.00,41.82
16:30:48,CMP-2,45,57,140.00,44.80
16:30:48,CMP-1,45,48,140.00,43.31
16:30:48,CMP-3,69,74,140.00,144.62
16:30:48,"CMP-4 (shared, not under test)",42,54,140.00,42.30
16:30:50,CMP-2,45,57,140.00,44.80
16:30:50,CMP-1,45,48,140.00,43.33
16:30:50,CMP-3,69,74,140.00,143.34
16:30:50,"CMP-4 (shared, not under test)",42,54,140.00,41.71
16:30:52,CMP-2,45,57,140.00,44.80
16:30:52,CMP-1,45,48,140.00,43.43
16:30:52,CMP-3,69,74,140.00,140.29
16:30:52,"CMP-4 (shared, not under test)",42,54,140.00,41.71
16:30:54,CMP-2,45,57,140.00,44.81
16:30:54,CMP-1,45,48,140.00,43.23
16:30:54,CMP-3,68,74,140.00,128.70
16:30:54,"CMP-4 (shared, not under test)",42,54,140.00,41.81
16:30:56,CMP-2,45,57,140.00,44.79
16:30:56,CMP-1,45,48,140.00,43.33
16:30:56,CMP-3,69,74,140.00,141.11
16:30:56,"CMP-4 (shared, not under test)",42,54,140.00,41.62
16:30:58,CMP-2,45,57,140.00,44.81
16:30:58,CMP-1,45,48,140.00,43.34
16:30:58,CMP-3,69,74,140.00,144.28
16:30:58,"CMP-4 (shared, not under test)",42,54,140.00,41.71
16:31:01,CMP-2,45,57,140.00,44.80
16:31:01,CMP-1,45,48,140.00,43.31
16:31:01,CMP-3,69,73,140.00,142.58
16:31:01,"CMP-4 (shared, not under test)",42,54,140.00,41.71
16:31:03,CMP-2,45,57,140.00,44.99
16:31:03,CMP-1,45,48,140.00,43.41
16:31:03,CMP-3,69,73,140.00,144.43
16:31:03,"CMP-4 (shared, not under test)",42,54,140.00,41.71
16:31:05,CMP-2,45,57,140.00,44.80
16:31:05,CMP-1,45,48,140.00,43.12
16:31:05,CMP-3,68,74,140.00,139.35
16:31:05,"CMP-4 (shared, not under test)",42,54,140.00,41.81
16:31:07,CMP-2,45,57,140.00,44.91
16:31:07,CMP-1,45,48,140.00,43.04
16:31:07,CMP-3,68,73,140.00,234.12
16:31:07,"CMP-4 (shared, not under test)",42,54,140.00,41.80
16:31:09,CMP-2,45,57,140.00,44.81
16:31:09,CMP-1,45,48,140.00,43.03
16:31:09,CMP-3,67,73,140.00,142.74
16:31:09,"CMP-4 (shared, not under test)",42,54,140.00,41.73
16:31:11,CMP-2,45,57,140.00,44.81
16:31:11,CMP-1,45,48,140.00,43.04
16:31:11,CMP-3,63,71,140.00,51.20
16:31:11,"CMP-4 (shared, not under test)",42,54,140.00,41.83
16:31:13,CMP-2,45,57,140.00,44.81
16:31:13,CMP-1,45,48,140.00,43.15
16:31:13,CMP-3,63,70,140.00,68.24
16:31:13,"CMP-4 (shared, not under test)",42,54,140.00,41.63
16:31:15,CMP-2,45,57,140.00,44.81
16:31:15,CMP-1,45,48,140.00,43.13
16:31:15,CMP-3,62,70,140.00,49.93
16:31:15,"CMP-4 (shared, not under test)",42,54,140.00,41.73
16:31:17,CMP-2,45,57,140.00,44.80
16:31:17,CMP-1,45,48,140.00,43.13
16:31:17,CMP-3,67,73,140.00,142.73
16:31:17,"CMP-4 (shared, not under test)",42,54,140.00,41.73
16:31:19,CMP-2,45,57,140.00,44.91
16:31:19,CMP-1,45,48,140.00,43.12
16:31:19,CMP-3,67,74,140.00,154.16
16:31:19,"CMP-4 (shared, not under test)",42,54,140.00,41.82
16:31:21,CMP-2,45,57,140.00,45.19
16:31:21,CMP-1,45,48,140.00,43.31
16:31:21,CMP-3,67,73,140.00,124.03
16:31:21,"CMP-4 (shared, not under test)",42,54,140.00,41.83
16:31:23,CMP-2,45,57,140.00,44.97
16:31:23,CMP-1,45,48,140.00,43.23
16:31:23,CMP-3,68,72,140.00,124.87
16:31:23,"CMP-4 (shared, not under test)",42,54,140.00,41.82
16:31:25,CMP-2,45,57,140.00,44.80
16:31:25,CMP-1,45,48,140.00,43.23
16:31:25,CMP-3,68,74,140.00,151.17
16:31:25,"CMP-4 (shared, not under test)",42,54,140.00,41.92
16:31:28,CMP-2,45,57,140.00,44.91
16:31:28,CMP-1,45,48,140.00,43.23
16:31:28,CMP-3,67,73,140.00,126.74
16:31:28,"CMP-4 (shared, not under test)",42,54,140.00,41.82
16:31:30,CMP-2,45,57,140.00,44.80
16:31:30,CMP-1,45,48,140.00,43.22
16:31:30,CMP-3,67,74,140.00,100.79
16:31:30,"CMP-4 (shared, not under test)",42,54,140.00,41.92
16:31:32,CMP-2,45,57,140.00,44.90
16:31:32,CMP-1,45,48,140.00,43.12
16:31:32,CMP-3,68,73,140.00,138.09
16:31:32,"CMP-4 (shared, not under test)",42,54,140.00,41.83
16:31:34,CMP-2,45,57,140.00,44.90
16:31:34,CMP-1,45,48,140.00,43.12
16:31:34,CMP-3,68,74,140.00,158.07
16:31:34,"CMP-4 (shared, not under test)",42,54,140.00,41.82
16:31:36,CMP-2,45,57,140.00,44.90
16:31:36,CMP-1,45,48,140.00,43.22
16:31:36,CMP-3,67,74,140.00,123.09
16:31:36,"CMP-4 (shared, not under test)",42,54,140.00,42.03
16:31:38,CMP-2,45,57,140.00,44.99
16:31:38,CMP-1,45,48,140.00,43.23
16:31:38,CMP-3,68,73,140.00,120.49
16:31:38,"CMP-4 (shared, not under test)",42,54,140.00,41.82
16:31:40,CMP-2,45,57,140.00,44.90
16:31:40,CMP-1,45,48,140.00,43.42
16:31:40,CMP-3,68,73,140.00,135.70
16:31:40,"CMP-4 (shared, not under test)",42,54,140.00,41.81
16:31:42,CMP-2,45,57,140.00,45.08
16:31:42,CMP-1,45,48,140.00,43.42
16:31:42,CMP-3,68,74,140.00,162.68
16:31:42,"CMP-4 (shared, not under test)",42,54,140.00,41.91
16:31:44,CMP-2,45,57,140.00,44.99
16:31:44,CMP-1,45,48,140.00,43.22
16:31:44,CMP-3,68,74,140.00,125.49
16:31:44,"CMP-4 (shared, not under test)",42,54,140.00,41.91
16:31:46,CMP-2,45,57,140.00,44.98
16:31:46,CMP-1,45,48,140.00,43.22
16:31:46,CMP-3,68,73,140.00,143.16
16:31:46,"CMP-4 (shared, not under test)",42,54,140.00,41.93
16:31:48,CMP-2,45,57,140.00,44.80
16:31:48,CMP-1,45,48,140.00,43.22
16:31:48,CMP-3,68,72,140.00,135.99
16:31:48,"CMP-4 (shared, not under test)",42,54,140.00,42.19
16:31:50,CMP-2,45,57,140.00,44.71
16:31:50,CMP-1,45,48,140.00,43.22
16:31:50,CMP-3,68,73,140.00,143.02
16:31:50,"CMP-4 (shared, not under test)",42,54,140.00,41.91
16:31:52,CMP-2,45,57,140.00,44.69
16:31:52,CMP-1,45,48,140.00,43.22
16:31:52,CMP-3,68,73,140.00,130.67
16:31:52,"CMP-4 (shared, not under test)",42,54,140.00,41.81
16:31:54,CMP-2,45,57,140.00,44.60
16:31:54,CMP-1,45,48,140.00,43.22
16:31:54,CMP-3,68,73,140.00,130.56
16:31:54,"CMP-4 (shared, not under test)",42,54,140.00,41.83
16:31:57,CMP-2,45,57,140.00,44.61
16:31:57,CMP-1,45,48,140.00,43.41
16:31:57,CMP-3,68,72,140.00,136.66
16:31:57,"CMP-4 (shared, not under test)",42,54,140.00,41.82
16:31:59,CMP-2,45,57,140.00,44.79
16:31:59,CMP-1,45,48,140.00,43.31
16:31:59,CMP-3,68,74,140.00,140.76
16:31:59,"CMP-4 (shared, not under test)",42,54,140.00,41.73
16:32:01,CMP-2,45,57,140.00,44.99
16:32:01,CMP-1,45,48,140.00,43.52
16:32:01,CMP-3,68,74,140.00,131.83
16:32:01,"CMP-4 (shared, not under test)",42,54,140.00,41.62
16:32:03,CMP-2,45,57,140.00,44.91
16:32:03,CMP-1,45,48,140.00,43.31
16:32:03,CMP-3,68,73,140.00,134.31
16:32:03,"CMP-4 (shared, not under test)",42,54,140.00,41.73
16:32:05,CMP-2,45,57,140.00,44.81
16:32:05,CMP-1,45,48,140.00,43.43
16:32:05,CMP-3,68,73,140.00,109.77
16:32:05,"CMP-4 (shared, not under test)",42,54,140.00,41.73
16:32:07,CMP-2,45,57,140.00,44.80
16:32:07,CMP-1,45,48,140.00,43.33
16:32:07,CMP-3,69,72,140.00,138.28
16:32:07,"CMP-4 (shared, not under test)",42,54,140.00,41.71
16:32:09,CMP-2,45,57,140.00,44.71
16:32:09,CMP-1,45,48,140.00,43.23
16:32:09,CMP-3,69,73,140.00,177.34
16:32:09,"CMP-4 (shared, not under test)",42,54,140.00,41.73
16:32:11,CMP-2,45,57,140.00,44.71
16:32:11,CMP-1,45,48,140.00,43.12
16:32:11,CMP-3,69,74,140.00,150.35
16:32:11,"CMP-4 (shared, not under test)",42,54,140.00,41.71
16:32:13,CMP-2,45,57,140.00,44.71
16:32:13,CMP-1,45,48,140.00,43.13
16:32:13,CMP-3,68,73,140.00,125.34
16:32:13,"CMP-4 (shared, not under test)",42,54,140.00,41.71
16:32:15,CMP-2,45,57,140.00,44.80
16:32:15,CMP-1,45,48,140.00,43.04
16:32:15,CMP-3,69,74,140.00,134.88
16:32:15,"CMP-4 (shared, not under test)",42,54,140.00,41.63
16:32:17,CMP-2,45,57,140.00,44.80
16:32:17,CMP-1,45,48,140.00,43.03
16:32:17,CMP-3,69,73,140.00,144.25
16:32:17,"CMP-4 (shared, not under test)",42,54,140.00,41.82
16:32:19,CMP-2,45,57,140.00,44.71
16:32:19,CMP-1,45,48,140.00,43.42
16:32:19,CMP-3,69,73,140.00,138.33
16:32:19,"CMP-4 (shared, not under test)",42,54,140.00,41.73
16:32:21,CMP-2,45,57,140.00,44.99
16:32:21,CMP-1,45,48,140.00,43.22
16:32:21,CMP-3,69,74,140.00,139.81
16:32:21,"CMP-4 (shared, not under test)",42,54,140.00,41.71
16:32:24,CMP-2,45,57,140.00,44.90
16:32:24,CMP-1,45,48,140.00,43.12
16:32:24,CMP-3,68,74,140.00,115.46
16:32:24,"CMP-4 (shared, not under test)",42,54,140.00,41.71
16:32:26,CMP-2,45,57,140.00,44.80
16:32:26,CMP-1,45,48,140.00,43.12
16:32:26,CMP-3,69,73,140.00,135.51
16:32:26,"CMP-4 (shared, not under test)",42,54,140.00,41.71
16:32:28,CMP-2,45,57,140.00,44.80
16:32:28,CMP-1,45,48,140.00,43.03
16:32:28,CMP-3,69,73,140.00,158.66
16:32:28,"CMP-4 (shared, not under test)",42,54,140.00,41.73
16:32:30,CMP-2,45,57,140.00,44.80
16:32:30,CMP-1,45,48,140.00,43.12
16:32:30,CMP-3,69,74,140.00,141.86
16:32:30,"CMP-4 (shared, not under test)",42,54,140.00,41.73
16:32:32,CMP-2,45,57,140.00,44.79
16:32:32,CMP-1,45,48,140.00,43.22
16:32:32,CMP-3,68,74,140.00,157.95
16:32:32,"CMP-4 (shared, not under test)",42,54,140.00,41.92
16:32:34,CMP-2,45,57,140.00,44.81
16:32:34,CMP-1,45,48,140.00,43.04
16:32:34,CMP-3,69,73,140.00,128.57
16:32:34,"CMP-4 (shared, not under test)",42,54,140.00,41.92
16:32:36,CMP-2,45,57,140.00,44.79
16:32:36,CMP-1,45,48,140.00,43.22
16:32:36,CMP-3,69,73,140.00,142.92
16:32:36,"CMP-4 (shared, not under test)",42,54,140.00,41.92
16:32:38,CMP-2,45,57,140.00,44.90
16:32:38,CMP-1,45,48,140.00,43.22
16:32:38,CMP-3,69,73,140.00,133.30
16:32:38,"CMP-4 (shared, not under test)",42,54,140.00,41.73
16:32:40,CMP-2,45,57,140.00,45.09
16:32:40,CMP-1,45,48,140.00,43.42
16:32:40,CMP-3,68,74,140.00,140.95
16:32:40,"CMP-4 (shared, not under test)",42,54,140.00,41.71
16:32:42,CMP-2,45,57,140.00,44.99
16:32:42,CMP-1,45,48,140.00,43.13
16:32:42,CMP-3,68,74,140.00,134.07
16:32:42,"CMP-4 (shared, not under test)",42,54,140.00,41.82
16:32:44,CMP-2,45,55,140.00,44.90
16:32:44,CMP-1,45,48,140.00,43.23
16:32:44,CMP-3,68,74,140.00,137.60
16:32:44,"CMP-4 (shared, not under test)",42,54,140.00,42.11
16:32:46,CMP-2,45,57,140.00,44.99
16:32:46,CMP-1,45,48,140.00,43.23
16:32:46,CMP-3,69,73,140.00,148.79
16:32:46,"CMP-4 (shared, not under test)",42,54,140.00,41.92
16:32:48,CMP-2,45,56,140.00,44.80
16:32:48,CMP-1,45,48,140.00,43.22
16:32:48,CMP-3,69,72,140.00,138.29
16:32:48,"CMP-4 (shared, not under test)",42,54,140.00,41.82
16:32:51,CMP-2,45,57,140.00,44.88
16:32:51,CMP-1,45,48,140.00,43.22
16:32:51,CMP-3,68,73,140.00,174.41
16:32:51,"CMP-4 (shared, not under test)",42,54,140.00,41.81
16:32:53,CMP-2,45,56,140.00,44.80
16:32:53,CMP-1,45,48,140.00,43.23
16:32:53,CMP-3,69,73,140.00,125.49
16:32:53,"CMP-4 (shared, not under test)",42,54,140.00,41.92
16:32:55,CMP-2,45,55,140.00,44.80
16:32:55,CMP-1,45,48,140.00,43.23
16:32:55,CMP-3,68,74,140.00,124.78
16:32:55,"CMP-4 (shared, not under test)",42,54,140.00,41.90
16:32:57,CMP-2,45,57,140.00,44.62
16:32:57,CMP-1,45,48,140.00,43.12
16:32:57,CMP-3,69,73,140.00,122.04
16:32:57,"CMP-4 (shared, not under test)",42,54,140.00,41.81
16:32:59,CMP-2,45,57,140.00,44.71
16:32:59,CMP-1,45,48,140.00,43.42
16:32:59,CMP-3,69,73,140.00,139.52
16:32:59,"CMP-4 (shared, not under test)",42,54,140.00,41.82
16:33:01,CMP-2,45,57,140.00,44.90
16:33:01,CMP-1,45,48,140.00,43.42
16:33:01,CMP-3,69,73,140.00,134.71
16:33:01,"CMP-4 (shared, not under test)",42,54,140.00,41.92
16:33:03,CMP-2,45,55,140.00,44.81
16:33:03,CMP-1,45,48,140.00,43.12
16:33:03,CMP-3,68,75,140.00,128.12
16:33:03,"CMP-4 (shared, not under test)",42,54,140.00,41.82
16:33:05,CMP-2,45,57,140.00,44.72
16:33:05,CMP-1,45,48,140.00,43.22
16:33:05,CMP-3,68,74,140.00,132.91
16:33:05,"CMP-4 (shared, not under test)",42,54,140.00,41.71
16:33:07,CMP-2,45,57,140.00,44.71
16:33:07,CMP-1,45,48,140.00,43.33
16:33:07,CMP-3,69,74,140.00,134.13
16:33:07,"CMP-4 (shared, not under test)",42,54,140.00,41.83
16:33:09,CMP-2,45,57,140.00,44.72
16:33:09,CMP-1,45,48,140.00,43.23
16:33:09,CMP-3,69,74,140.00,137.51
16:33:09,"CMP-4 (shared, not under test)",42,54,140.00,41.71
16:33:11,CMP-2,45,55,140.00,44.72
16:33:11,CMP-1,45,48,140.00,43.34
16:33:11,CMP-3,68,73,140.00,128.09
16:33:11,"CMP-4 (shared, not under test)",42,54,140.00,41.62
16:33:13,CMP-2,45,57,140.00,44.81
16:33:13,CMP-1,45,48,140.00,43.34
16:33:13,CMP-3,69,73,140.00,141.39
16:33:13,"CMP-4 (shared, not under test)",42,54,140.00,41.82
16:33:15,CMP-2,45,57,140.00,44.61
16:33:15,CMP-1,45,48,140.00,43.33
16:33:15,CMP-3,69,73,140.00,142.38
16:33:15,"CMP-4 (shared, not under test)",42,54,140.00,41.62
16:33:18,CMP-2,45,55,140.00,44.71
16:33:18,CMP-1,45,48,140.00,43.42
16:33:18,CMP-3,69,73,140.00,143.49
16:33:18,"CMP-4 (shared, not under test)",42,54,140.00,41.73
16:33:20,CMP-2,45,57,140.00,44.79
16:33:20,CMP-1,45,48,140.00,43.21
16:33:20,CMP-3,68,73,140.00,135.17
16:33:20,"CMP-4 (shared, not under test)",42,54,140.00,41.91
16:33:22,CMP-2,45,57,140.00,44.89
16:33:22,CMP-1,45,48,140.00,43.12
16:33:22,CMP-3,67,73,140.00,58.19
16:33:22,"CMP-4 (shared, not under test)",42,54,140.00,41.73
16:33:24,CMP-2,45,57,140.00,44.80
16:33:24,CMP-1,45,48,140.00,43.03
16:33:24,CMP-3,68,73,140.00,135.09
16:33:24,"CMP-4 (shared, not under test)",42,54,140.00,41.91
16:33:26,CMP-2,45,57,140.00,44.80
16:33:26,CMP-1,45,48,140.00,43.03
16:33:26,CMP-3,69,73,140.00,141.54
16:33:26,"CMP-4 (shared, not under test)",42,54,140.00,41.73
16:33:28,CMP-2,45,57,140.00,44.81
16:33:28,CMP-1,45,48,140.00,43.12
16:33:28,CMP-3,64,71,140.00,69.31
16:33:28,"CMP-4 (shared, not under test)",42,54,140.00,41.83
16:33:30,CMP-2,45,57,140.00,44.81
16:33:30,CMP-1,45,48,140.00,43.04
16:33:30,CMP-3,63,70,140.00,67.86
16:33:30,"CMP-4 (shared, not under test)",42,54,140.00,41.73
16:33:32,CMP-2,45,57,140.00,44.81
16:33:32,CMP-1,45,48,140.00,43.13
16:33:32,CMP-3,62,70,140.00,49.94
16:33:32,"CMP-4 (shared, not under test)",42,54,140.00,41.73
16:33:34,CMP-2,45,57,140.00,44.81
16:33:34,CMP-1,45,48,140.00,43.13
16:33:34,CMP-3,61,69,200.00,49.46
16:33:34,"CMP-4 (shared, not under test)",42,54,140.00,41.73
16:33:36,CMP-2,45,57,140.00,44.81
16:33:36,CMP-1,45,48,140.00,43.43
16:33:36,CMP-3,61,69,200.00,61.91
16:33:36,"CMP-4 (shared, not under test)",42,54,140.00,41.90
16:33:38,CMP-2,45,57,140.00,44.79
16:33:38,CMP-1,45,48,140.00,43.22
16:33:38,CMP-3,70,72,200.00,194.26
16:33:38,"CMP-4 (shared, not under test)",42,54,140.00,41.70
16:33:40,CMP-2,45,57,140.00,44.98
16:33:40,CMP-1,45,48,140.00,43.31
16:33:40,CMP-3,71,73,200.00,200.03
16:33:40,"CMP-4 (shared, not under test)",42,54,140.00,41.90
16:33:42,CMP-2,45,57,140.00,44.88
16:33:42,CMP-1,45,48,140.00,43.20
16:33:42,CMP-3,71,74,200.00,198.96
16:33:42,"CMP-4 (shared, not under test)",42,54,140.00,42.11
16:33:44,CMP-2,45,57,140.00,44.78
16:33:44,CMP-1,45,48,140.00,43.12
16:33:44,CMP-3,72,74,200.00,200.04
16:33:44,"CMP-4 (shared, not under test)",42,54,140.00,41.80
16:33:47,CMP-2,45,55,140.00,44.78
16:33:47,CMP-1,45,48,140.00,43.31
16:33:47,CMP-3,73,74,200.00,201.46
16:33:47,"CMP-4 (shared, not under test)",42,54,140.00,41.81
16:33:49,CMP-2,45,55,140.00,44.78
16:33:49,CMP-1,45,48,140.00,43.22
16:33:49,CMP-3,72,76,200.00,178.78
16:33:49,"CMP-4 (shared, not under test)",42,54,140.00,41.82
16:33:51,CMP-2,45,57,140.00,44.78
16:33:51,CMP-1,45,48,140.00,43.12
16:33:51,CMP-3,73,74,200.00,181.01
16:33:51,"CMP-4 (shared, not under test)",42,54,140.00,41.81
16:33:53,CMP-2,45,57,140.00,44.88
16:33:53,CMP-1,45,48,140.00,43.03
16:33:53,CMP-3,74,74,200.00,200.41
16:33:53,"CMP-4 (shared, not under test)",42,54,140.00,41.82
16:33:55,CMP-2,45,55,140.00,44.88
16:33:55,CMP-1,45,49,140.00,43.12
16:33:55,CMP-3,73,76,200.00,257.96
16:33:55,"CMP-4 (shared, not under test)",42,54,140.00,41.89
16:33:57,CMP-2,45,56,140.00,44.88
16:33:57,CMP-1,45,49,140.00,43.42
16:33:57,CMP-3,74,75,200.00,198.52
16:33:57,"CMP-4 (shared, not under test)",42,54,140.00,41.81
16:33:59,CMP-2,45,57,140.00,44.88
16:33:59,CMP-1,45,47,140.00,43.12
16:33:59,CMP-3,74,75,200.00,200.25
16:33:59,"CMP-4 (shared, not under test)",42,54,140.00,42.00
16:34:01,CMP-2,45,56,140.00,44.79
16:34:01,CMP-1,45,48,140.00,43.12
16:34:01,CMP-3,73,78,200.00,175.27
16:34:01,"CMP-4 (shared, not under test)",42,54,140.00,41.82
16:34:03,CMP-2,45,56,140.00,44.69
16:34:03,CMP-1,45,47,140.00,43.03
16:34:03,CMP-3,74,77,200.00,198.53
16:34:03,"CMP-4 (shared, not under test)",42,54,140.00,41.90
16:34:05,CMP-2,45,56,140.00,44.59
16:34:05,CMP-1,45,47,140.00,43.03
16:34:05,CMP-3,75,75,200.00,200.90
16:34:05,"CMP-4 (shared, not under test)",42,54,140.00,41.90
16:34:07,CMP-2,45,56,140.00,44.69
16:34:07,CMP-1,45,47,140.00,43.03
16:34:07,CMP-3,73,80,200.00,294.97
16:34:07,"CMP-4 (shared, not under test)",42,54,140.00,41.81
16:34:09,CMP-2,45,56,140.00,44.59
16:34:09,CMP-1,44,47,140.00,43.03
16:34:09,CMP-3,75,77,200.00,198.92
16:34:09,"CMP-4 (shared, not under test)",42,54,140.00,41.81
16:34:11,CMP-2,45,56,140.00,44.59
16:34:11,CMP-1,44,47,140.00,43.03
16:34:11,CMP-3,76,77,200.00,198.87
16:34:11,"CMP-4 (shared, not under test)",42,54,140.00,41.70
16:34:13,CMP-2,45,56,140.00,44.50
16:34:13,CMP-1,44,47,140.00,43.03
16:34:13,CMP-3,74,80,200.00,177.49
16:34:13,"CMP-4 (shared, not under test)",42,54,140.00,41.71
16:34:16,CMP-2,45,56,140.00,44.59
16:34:16,CMP-1,44,47,140.00,43.22
16:34:16,CMP-3,76,77,200.00,202.82
16:34:16,"CMP-4 (shared, not under test)",42,54,140.00,41.71
16:34:18,CMP-2,45,56,140.00,44.78
16:34:18,CMP-1,44,47,140.00,43.03
16:34:18,CMP-3,76,78,200.00,210.68
16:34:18,"CMP-4 (shared, not under test)",42,54,140.00,41.70
16:34:20,CMP-2,45,56,140.00,44.69
16:34:20,CMP-1,44,47,140.00,42.94
16:34:20,CMP-3,75,79,200.00,192.14
16:34:20,"CMP-4 (shared, not under test)",42,54,140.00,41.71
16:34:22,CMP-2,45,56,140.00,44.59
16:34:22,CMP-1,44,47,140.00,42.93
16:34:22,CMP-3,76,77,200.00,198.72
16:34:22,"CMP-4 (shared, not under test)",42,54,140.00,41.60
16:34:24,CMP-2,45,56,140.00,44.59
16:34:24,CMP-1,44,47,140.00,42.93
16:34:24,CMP-3,76,77,200.00,199.59
16:34:24,"CMP-4 (shared, not under test)",42,54,140.00,41.71
16:34:26,CMP-2,45,56,140.00,44.50
16:34:26,CMP-1,44,47,140.00,42.65
16:34:26,CMP-3,75,79,200.00,168.74
16:34:26,"CMP-4 (shared, not under test)",42,54,140.00,41.71
16:34:28,CMP-2,45,56,140.00,44.50
16:34:28,CMP-1,44,47,140.00,42.74
16:34:28,CMP-3,77,78,200.00,200.25
16:34:28,"CMP-4 (shared, not under test)",42,54,140.00,41.61
16:34:30,CMP-2,45,56,140.00,44.40
16:34:30,CMP-1,44,47,140.00,42.65
16:34:30,CMP-3,77,77,200.00,201.19
16:34:30,"CMP-4 (shared, not under test)",42,54,140.00,41.70
16:34:32,CMP-2,45,56,140.00,44.50
16:34:32,CMP-1,44,47,140.00,42.74
16:34:32,CMP-3,76,79,200.00,143.21
16:34:32,"CMP-4 (shared, not under test)",42,54,140.00,41.80
16:34:34,CMP-2,45,56,140.00,44.50
16:34:34,CMP-1,44,47,140.00,42.65
16:34:34,CMP-3,77,77,200.00,206.54
16:34:34,"CMP-4 (shared, not under test)",42,54,140.00,41.70
16:34:36,CMP-2,45,56,140.00,44.59
16:34:36,CMP-1,44,47,140.00,42.83
16:34:36,CMP-3,77,77,200.00,199.20
16:34:36,"CMP-4 (shared, not under test)",42,54,140.00,41.70
16:34:38,CMP-2,45,56,140.00,44.78
16:34:38,CMP-1,44,47,140.00,42.75
16:34:38,CMP-3,75,80,200.00,202.31
16:34:38,"CMP-4 (shared, not under test)",42,54,140.00,41.71
16:34:40,CMP-2,45,56,140.00,44.59
16:34:40,CMP-1,44,48,140.00,42.65
16:34:40,CMP-3,78,77,200.00,205.04
16:34:40,"CMP-4 (shared, not under test)",42,54,140.00,41.70
16:34:43,CMP-2,44,56,140.00,44.59
16:34:43,CMP-1,44,46,140.00,42.65
16:34:43,CMP-3,78,77,200.00,218.47
16:34:43,"CMP-4 (shared, not under test)",42,54,140.00,41.81
16:34:45,CMP-2,44,56,140.00,44.50
16:34:45,CMP-1,44,46,140.00,42.65
16:34:45,CMP-3,76,81,200.00,230.10
16:34:45,"CMP-4 (shared, not under test)",42,54,140.00,41.71
16:34:47,CMP-2,44,56,140.00,44.50
16:34:47,CMP-1,44,46,140.00,42.65
16:34:47,CMP-3,78,78,200.00,204.56
16:34:47,"CMP-4 (shared, not under test)",42,54,140.00,41.81
16:34:49,CMP-2,44,56,140.00,44.50
16:34:49,CMP-1,43,46,140.00,42.65
16:34:49,CMP-3,78,77,200.00,202.45
16:34:49,"CMP-4 (shared, not under test)",42,54,140.00,41.81
16:34:51,CMP-2,44,56,140.00,44.50
16:34:51,CMP-1,43,46,140.00,42.65
16:34:51,CMP-3,76,79,200.00,226.28
16:34:51,"CMP-4 (shared, not under test)",42,54,140.00,41.71
16:34:53,CMP-2,44,56,140.00,44.50
16:34:53,CMP-1,43,46,140.00,42.65
16:34:53,CMP-3,78,79,200.00,202.83
16:34:53,"CMP-4 (shared, not under test)",42,54,140.00,41.81
16:34:55,CMP-2,44,56,140.00,44.50
16:34:55,CMP-1,43,46,140.00,42.83
16:34:55,CMP-3,78,79,200.00,200.16
16:34:55,"CMP-4 (shared, not under test)",42,54,140.00,41.81
16:34:57,CMP-2,44,56,140.00,44.59
16:34:57,CMP-1,43,46,140.00,42.66
16:34:57,CMP-3,76,80,200.00,193.35
16:34:57,"CMP-4 (shared, not under test)",42,54,140.00,42.01
16:34:59,CMP-2,44,56,140.00,44.69
16:34:59,CMP-1,43,46,140.00,42.65
16:34:59,CMP-3,78,80,200.00,165.65
16:34:59,"CMP-4 (shared, not under test)",42,54,140.00,41.82
16:35:01,CMP-2,44,56,140.00,44.59
16:35:01,CMP-1,43,46,140.00,42.55
16:35:01,CMP-3,79,78,200.00,202.81
16:35:01,"CMP-4 (shared, not under test)",42,54,140.00,41.81
16:35:03,CMP-2,44,56,140.00,44.50
16:35:03,CMP-1,43,46,140.00,42.55
16:35:03,CMP-3,77,81,200.00,174.78
16:35:03,"CMP-4 (shared, not under test)",42,54,140.00,41.81
16:35:05,CMP-2,44,56,140.00,44.40
16:35:05,CMP-1,43,46,140.00,42.65
16:35:05,CMP-3,78,79,200.00,197.08
16:35:05,"CMP-4 (shared, not under test)",42,54,140.00,41.79
16:35:07,CMP-2,44,56,140.00,44.50
16:35:07,CMP-1,43,46,140.00,42.55
16:35:07,CMP-3,79,78,200.00,199.17
16:35:07,"CMP-4 (shared, not under test)",42,54,140.00,41.81
16:35:09,CMP-2,44,56,140.00,44.40
16:35:09,CMP-1,43,46,140.00,42.56
16:35:09,CMP-3,78,81,200.00,215.47
16:35:10,"CMP-4 (shared, not under test)",42,54,140.00,42.00
16:35:12,CMP-2,44,56,140.00,44.31
16:35:12,CMP-1,43,46,140.00,42.55
16:35:12,CMP-3,78,80,200.00,179.68
16:35:12,"CMP-4 (shared, not under test)",42,54,140.00,41.90
16:35:14,CMP-2,44,56,140.00,44.31
16:35:14,CMP-1,43,46,140.00,42.65
16:35:14,CMP-3,79,79,200.00,201.77
16:35:14,"CMP-4 (shared, not under test)",42,54,140.00,41.90
16:35:16,CMP-2,44,56,140.00,44.40
16:35:16,CMP-1,43,46,140.00,42.74
16:35:16,CMP-3,79,80,200.00,227.11
16:35:16,"CMP-4 (shared, not under test)",42,54,140.00,42.01
16:35:18,CMP-2,44,56,140.00,44.59
16:35:18,CMP-1,43,46,140.00,42.65
16:35:18,CMP-3,78,80,200.00,188.09
16:35:18,"CMP-4 (shared, not under test)",42,54,140.00,41.71
16:35:20,CMP-2,44,56,140.00,44.40
16:35:20,CMP-1,43,46,140.00,42.65
16:35:20,CMP-3,79,79,200.00,202.54
16:35:20,"CMP-4 (shared, not under test)",42,54,140.00,41.70
16:35:22,CMP-2,44,56,140.00,44.31
16:35:22,CMP-1,43,46,140.00,42.65
16:35:22,CMP-3,78,80,200.00,210.12
16:35:22,"CMP-4 (shared, not under test)",42,54,140.00,41.81
16:35:24,CMP-2,44,56,140.00,44.31
16:35:24,CMP-1,43,46,140.00,42.55
16:35:24,CMP-3,77,81,200.00,247.26
16:35:24,"CMP-4 (shared, not under test)",42,54,140.00,41.71
16:35:26,CMP-2,44,56,140.00,44.31
16:35:26,CMP-1,43,46,140.00,42.55
16:35:26,CMP-3,79,79,200.00,200.91
16:35:26,"CMP-4 (shared, not under test)",42,54,140.00,41.79
16:35:28,CMP-2,44,56,140.00,44.21
16:35:28,CMP-1,43,46,140.00,42.55
16:35:28,CMP-3,79,79,200.00,213.38
16:35:28,"CMP-4 (shared, not under test)",42,54,140.00,41.81
16:35:30,CMP-2,44,56,140.00,44.23
16:35:30,CMP-1,43,46,140.00,42.55
16:35:30,CMP-3,78,80,200.00,228.42
16:35:30,"CMP-4 (shared, not under test)",42,54,140.00,41.71
16:35:32,CMP-2,44,56,140.00,44.31
16:35:32,CMP-1,43,46,140.00,42.36
16:35:32,CMP-3,79,80,200.00,196.49
16:35:32,"CMP-4 (shared, not under test)",42,54,140.00,41.79
16:35:34,CMP-2,44,56,140.00,44.31
16:35:34,CMP-1,43,46,140.00,42.55
16:35:34,CMP-3,80,80,200.00,201.96
16:35:34,"CMP-4 (shared, not under test)",42,54,140.00,41.82
16:35:36,CMP-2,44,56,140.00,44.59
16:35:36,CMP-1,43,46,140.00,42.45
16:35:36,CMP-3,78,82,200.00,239.68
16:35:36,"CMP-4 (shared, not under test)",42,54,140.00,41.70
16:35:39,CMP-2,44,56,140.00,44.40
16:35:39,CMP-1,43,46,140.00,42.36
16:35:39,CMP-3,79,80,200.00,196.62
16:35:39,"CMP-4 (shared, not under test)",42,54,140.00,41.90
16:35:41,CMP-2,44,56,140.00,44.40
16:35:41,CMP-1,43,46,140.00,42.36
16:35:41,CMP-3,80,80,200.00,204.46
16:35:41,"CMP-4 (shared, not under test)",42,54,140.00,41.70
16:35:43,CMP-2,44,56,140.00,44.31
16:35:43,CMP-1,43,46,140.00,42.36
16:35:43,CMP-3,77,79,200.00,202.68
16:35:43,"CMP-4 (shared, not under test)",42,54,140.00,41.73
16:35:45,CMP-2,44,56,140.00,44.31
16:35:45,CMP-1,43,46,140.00,42.26
16:35:45,CMP-3,79,81,200.00,202.38
16:35:45,"CMP-4 (shared, not under test)",42,54,140.00,41.70
16:35:47,CMP-2,44,56,140.00,44.40
16:35:47,CMP-1,43,46,140.00,42.36
16:35:47,CMP-3,79,81,200.00,202.61
16:35:47,"CMP-4 (shared, not under test)",42,54,140.00,41.82
16:35:49,CMP-2,44,56,140.00,44.31
16:35:49,CMP-1,43,47,140.00,42.36
16:35:49,CMP-3,79,81,200.00,196.57
16:35:49,"CMP-4 (shared, not under test)",42,54,140.00,41.80
16:35:51,CMP-2,44,56,140.00,44.31
16:35:51,CMP-1,43,47,140.00,42.36
16:35:51,CMP-3,79,79,200.00,202.34
16:35:51,"CMP-4 (shared, not under test)",42,54,140.00,41.79
16:35:53,CMP-2,44,56,140.00,44.22
16:35:53,CMP-1,43,46,140.00,42.55
16:35:53,CMP-3,78,81,200.00,212.71
16:35:53,"CMP-4 (shared, not under test)",42,54,140.00,41.70
16:35:55,CMP-2,44,56,140.00,44.40
16:35:55,CMP-1,43,47,140.00,42.45
16:35:55,CMP-3,79,80,200.00,202.89
16:35:55,"CMP-4 (shared, not under test)",42,54,140.00,41.70
16:35:57,CMP-2,44,56,140.00,44.40
16:35:57,CMP-1,43,46,140.00,42.36
16:35:57,CMP-3,79,81,200.00,204.23
16:35:57,"CMP-4 (shared, not under test)",42,54,140.00,41.90
16:35:59,CMP-2,44,56,140.00,44.40
16:35:59,CMP-1,43,45,140.00,42.36
16:35:59,CMP-3,79,80,200.00,201.23
16:35:59,"CMP-4 (shared, not under test)",42,54,140.00,41.70
16:36:01,CMP-2,44,56,140.00,44.43
16:36:01,CMP-1,42,45,140.00,42.28
16:36:01,CMP-3,76,79,200.00,73.21
16:36:01,"CMP-4 (shared, not under test)",42,54,140.00,41.83
16:36:03,CMP-2,44,56,140.00,44.31
16:36:03,CMP-1,42,45,140.00,42.45
16:36:03,CMP-3,79,80,200.00,203.20
16:36:03,"CMP-4 (shared, not under test)",42,54,140.00,41.81
16:36:05,CMP-2,44,56,140.00,44.34
16:36:05,CMP-1,42,47,140.00,42.37
16:36:05,CMP-3,72,78,200.00,76.26
16:36:06,"CMP-4 (shared, not under test)",42,54,140.00,41.73
16:36:08,CMP-2,44,56,140.00,44.43
16:36:08,CMP-1,42,45,140.00,42.28
16:36:08,CMP-3,70,76,200.00,54.45
16:36:08,"CMP-4 (shared, not under test)",42,54,140.00,41.82
16:36:10,CMP-2,44,56,140.00,44.43
16:36:10,CMP-1,42,45,140.00,42.28
16:36:10,CMP-3,70,75,200.00,72.73
16:36:10,"CMP-4 (shared, not under test)",42,54,140.00,41.83
16:36:12,CMP-2,44,56,140.00,44.43
16:36:12,CMP-1,42,45,140.00,42.47
16:36:12,CMP-3,68,74,200.00,53.32
16:36:12,"CMP-4 (shared, not under test)",42,54,140.00,41.83
16:36:14,CMP-2,44,56,140.00,44.43
16:36:14,CMP-1,42,45,140.00,42.66
16:36:14,CMP-3,67,74,200.00,52.72
16:36:14,"CMP-4 (shared, not under test)",42,54,140.00,41.73
16:36:16,CMP-2,44,56,140.00,44.34
16:36:16,CMP-1,42,45,140.00,42.37
16:36:16,CMP-3,66,73,200.00,52.34
16:36:16,"CMP-4 (shared, not under test)",42,54,140.00,42.22
16:36:18,CMP-2,44,56,140.00,44.24
16:36:18,CMP-1,42,45,140.00,42.47
16:36:18,CMP-3,66,73,200.00,52.06
16:36:18,"CMP-4 (shared, not under test)",42,54,140.00,41.93
16:36:20,CMP-2,44,56,140.00,44.24
16:36:20,CMP-1,42,45,140.00,42.47
16:36:20,CMP-3,65,72,200.00,51.58
16:36:20,"CMP-4 (shared, not under test)",42,54,140.00,41.82
16:36:22,CMP-2,44,56,140.00,44.24
16:36:22,CMP-1,42,45,140.00,42.37
16:36:22,CMP-3,64,72,200.00,51.39
16:36:22,"CMP-4 (shared, not under test)",42,54,140.00,42.22
16:36:24,CMP-2,44,56,140.00,44.15
16:36:24,CMP-1,42,45,140.00,42.37
16:36:24,CMP-3,64,71,200.00,51.10
16:36:24,"CMP-4 (shared, not under test)",42,54,140.00,41.63
16:36:26,CMP-2,44,54,140.00,44.15
16:36:26,CMP-1,42,45,140.00,42.47
16:36:26,CMP-3,63,71,200.00,50.62
16:36:26,"CMP-4 (shared, not under test)",42,54,140.00,41.63
16:36:28,CMP-2,44,56,140.00,44.24
16:36:28,CMP-1,42,45,140.00,42.47
16:36:28,CMP-3,63,70,200.00,50.14
16:36:28,"CMP-4 (shared, not under test)",42,54,140.00,42.03
16:36:30,CMP-2,44,56,140.00,44.34
16:36:30,CMP-1,42,47,140.00,42.66
16:36:30,CMP-3,62,70,200.00,49.74
16:36:30,"CMP-4 (shared, not under test)",42,54,140.00,41.73
16:36:33,CMP-2,44,56,140.00,44.43
16:36:33,CMP-1,43,46,140.00,42.56
16:36:33,CMP-3,62,70,200.00,49.66
16:36:33,"CMP-4 (shared, not under test)",42,54,140.00,41.73
16:36:35,CMP-2,44,56,140.00,44.53
16:36:35,CMP-1,42,47,140.00,42.58
16:36:35,CMP-3,61,69,250.00,49.38
16:36:35,"CMP-4 (shared, not under test)",42,54,140.00,41.73
16:36:37,CMP-2,44,56,140.00,44.40
16:36:37,CMP-1,43,47,140.00,42.45
16:36:37,CMP-3,71,73,250.00,215.77
16:36:37,"CMP-4 (shared, not under test)",42,54,140.00,41.70
16:36:39,CMP-2,44,56,140.00,44.31
16:36:39,CMP-1,43,45,140.00,42.26
16:36:39,CMP-3,75,73,250.00,250.21
16:36:39,"CMP-4 (shared, not under test)",42,54,140.00,41.70
16:36:41,CMP-2,44,56,140.00,44.40
16:36:41,CMP-1,43,45,140.00,42.26
16:36:41,CMP-3,76,75,250.00,248.33
16:36:41,"CMP-4 (shared, not under test)",42,54,140.00,41.70
16:36:43,CMP-2,44,56,140.00,44.21
16:36:43,CMP-1,43,46,140.00,42.26
16:36:43,CMP-3,76,75,250.00,234.40
16:36:43,"CMP-4 (shared, not under test)",42,54,140.00,41.70
16:36:45,CMP-2,44,56,140.00,44.20
16:36:45,CMP-1,43,45,140.00,42.36
16:36:45,CMP-3,76,78,250.00,271.98
16:36:45,"CMP-4 (shared, not under test)",42,54,140.00,41.70
16:36:47,CMP-2,44,56,140.00,44.31
16:36:47,CMP-1,43,46,140.00,42.45
16:36:47,CMP-3,78,76,250.00,250.77
16:36:47,"CMP-4 (shared, not under test)",42,54,140.00,42.19
16:36:49,CMP-2,44,56,140.00,44.31
16:36:49,CMP-1,43,47,140.00,42.36
16:36:49,CMP-3,78,78,250.00,241.20
16:36:49,"CMP-4 (shared, not under test)",42,54,140.00,41.70
16:36:51,CMP-2,44,56,140.00,44.31
16:36:51,CMP-1,43,46,140.00,42.44
16:36:51,CMP-3,77,80,250.00,195.09
16:36:51,"CMP-4 (shared, not under test)",42,54,140.00,41.81
16:36:53,CMP-2,44,56,140.00,44.59
16:36:53,CMP-1,43,47,140.00,42.36
16:36:53,CMP-3,79,77,250.00,250.31
16:36:53,"CMP-4 (shared, not under test)",42,54,140.00,41.81
16:36:55,CMP-2,44,56,140.00,44.40
16:36:55,CMP-1,43,45,140.00,42.36
16:36:55,CMP-3,79,79,250.00,249.29
16:36:55,"CMP-4 (shared, not under test)",42,54,140.00,41.70
16:36:57,CMP-2,44,56,140.00,44.31
16:36:57,CMP-1,42,45,140.00,42.26
16:36:57,CMP-3,78,81,250.00,273.55
16:36:57,"CMP-4 (shared, not under test)",42,54,140.00,41.79
16:36:59,CMP-2,44,56,140.00,44.31
16:36:59,CMP-1,42,45,140.00,42.26
16:36:59,CMP-3,81,77,250.00,252.09
16:36:59,"CMP-4 (shared, not under test)",42,54,140.00,41.81
16:37:02,CMP-2,44,56,140.00,44.40
16:37:02,CMP-1,42,45,140.00,42.26
16:37:02,CMP-3,81,79,250.00,252.01
16:37:02,"CMP-4 (shared, not under test)",42,54,140.00,41.70
16:37:04,CMP-2,44,56,140.00,44.31
16:37:04,CMP-1,42,45,140.00,42.26
16:37:04,CMP-3,79,81,250.00,156.34
16:37:04,"CMP-4 (shared, not under test)",42,54,140.00,41.81
16:37:06,CMP-2,44,56,140.00,44.31
16:37:06,CMP-1,42,45,140.00,42.26
16:37:06,CMP-3,82,80,250.00,250.13
16:37:06,"CMP-4 (shared, not under test)",42,54,140.00,41.79
16:37:08,CMP-2,44,56,140.00,44.31
16:37:08,CMP-1,42,45,140.00,42.35
16:37:08,CMP-3,82,80,250.00,258.38
16:37:08,"CMP-4 (shared, not under test)",42,54,140.00,41.79
16:37:10,CMP-2,44,56,140.00,44.31
16:37:10,CMP-1,42,45,140.00,42.45
16:37:10,CMP-3,81,82,250.00,283.73
16:37:10,"CMP-4 (shared, not under test)",42,54,140.00,42.00
16:37:12,CMP-2,44,56,140.00,44.59
16:37:12,CMP-1,42,45,140.00,42.45
16:37:12,CMP-3,82,80,250.00,244.22
16:37:12,"CMP-4 (shared, not under test)",42,54,140.00,42.28
16:37:14,CMP-2,44,56,140.00,44.50
16:37:14,CMP-1,42,45,140.00,42.36
16:37:14,CMP-3,82,81,250.00,244.52
16:37:14,"CMP-4 (shared, not under test)",42,54,140.00,41.90
16:37:16,CMP-2,44,56,140.00,44.31
16:37:16,CMP-1,42,45,140.00,42.26
16:37:16,CMP-3,82,84,250.00,300.64
16:37:16,"CMP-4 (shared, not under test)",42,54,140.00,42.00
16:37:18,CMP-2,44,56,140.00,44.31
16:37:18,CMP-1,42,45,140.00,42.36
16:37:18,CMP-3,84,81,250.00,248.62
16:37:18,"CMP-4 (shared, not under test)",42,54,140.00,41.81
16:37:20,CMP-2,44,56,140.00,44.33
16:37:20,CMP-1,42,45,140.00,42.36
16:37:20,CMP-3,76,81,140.00,156.13
16:37:20,"CMP-4 (shared, not under test)",42,54,140.00,41.92
16:37:22,CMP-2,44,56,140.00,44.34
16:37:22,CMP-1,42,45,140.00,42.37
16:37:22,CMP-3,76,78,140.00,139.80
16:37:22,"CMP-4 (shared, not under test)",42,54,140.00,41.92
16:37:24,CMP-2,44,56,140.00,44.15
16:37:24,CMP-1,42,45,140.00,42.28
16:37:24,CMP-3,75,80,140.00,129.09
16:37:24,"CMP-4 (shared, not under test)",42,54,140.00,41.92
16:37:26,CMP-2,44,55,140.00,44.15
16:37:26,CMP-1,42,45,140.00,42.36
16:37:26,CMP-3,75,79,140.00,142.97
16:37:26,"CMP-4 (shared, not under test)",42,54,140.00,41.92
16:37:29,CMP-2,44,55,140.00,44.23
16:37:29,CMP-1,42,45,140.00,42.55
16:37:29,CMP-3,75,77,140.00,141.52
16:37:29,"CMP-4 (shared, not under test)",42,54,140.00,41.92
16:37:31,CMP-2,44,56,140.00,44.13
16:37:31,CMP-1,42,45,140.00,42.45
16:37:31,CMP-3,74,80,140.00,180.78
16:37:31,"CMP-4 (shared, not under test)",42,54,140.00,41.81
16:37:33,CMP-2,44,56,140.00,44.34
16:37:33,CMP-1,42,45,140.00,42.37
16:37:33,CMP-3,75,78,140.00,141.52
16:37:33,"CMP-4 (shared, not under test)",42,54,140.00,41.71
16:37:35,CMP-2,44,56,140.00,44.24
16:37:35,CMP-1,42,45,140.00,42.37
16:37:35,CMP-3,74,79,140.00,148.63
16:37:35,"CMP-4 (shared, not under test)",42,54,140.00,41.81
16:37:37,CMP-2,44,56,140.00,44.24
16:37:37,CMP-1,42,45,140.00,42.47
16:37:37,CMP-3,74,78,140.00,142.59
16:37:37,"CMP-4 (shared, not under test)",42,54,140.00,41.62
16:37:39,CMP-2,44,56,140.00,44.24
16:37:39,CMP-1,42,45,140.00,42.37
16:37:39,CMP-3,74,76,140.00,136.88
16:37:39,"CMP-4 (shared, not under test)",42,54,140.00,41.71
16:37:41,CMP-2,44,56,140.00,44.15
16:37:41,CMP-1,42,45,140.00,42.47
16:37:41,CMP-3,73,77,140.00,137.00
16:37:41,"CMP-4 (shared, not under test)",42,54,140.00,41.71
16:37:43,CMP-2,44,56,140.00,44.24
16:37:43,CMP-1,42,45,140.00,42.28
16:37:43,CMP-3,74,76,140.00,139.99
16:37:43,"CMP-4 (shared, not under test)",42,54,140.00,41.81
16:37:45,CMP-2,44,56,140.00,44.12
16:37:45,CMP-1,42,45,140.00,42.26
16:37:45,CMP-3,73,77,140.00,147.49
16:37:45,"CMP-4 (shared, not under test)",42,54,140.00,41.71
16:37:47,CMP-2,44,56,140.00,44.24
16:37:47,CMP-1,42,45,140.00,42.47
16:37:47,CMP-3,73,77,140.00,140.67
16:37:47,"CMP-4 (shared, not under test)",42,54,140.00,41.81
16:37:49,CMP-2,44,56,140.00,44.41
16:37:49,CMP-1,42,45,140.00,42.28
16:37:49,CMP-3,73,77,140.00,145.54
16:37:49,"CMP-4 (shared, not under test)",42,54,140.00,41.71
16:37:51,CMP-2,44,54,140.00,44.43
16:37:51,CMP-1,42,45,140.00,42.28
16:37:51,CMP-3,73,77,140.00,139.71
16:37:51,"CMP-4 (shared, not under test)",42,54,140.00,41.82
16:37:53,CMP-2,44,56,140.00,44.23
16:37:53,CMP-1,42,45,140.00,42.28
16:37:53,CMP-3,73,76,140.00,139.61
16:37:53,"CMP-4 (shared, not under test)",42,54,140.00,41.81
16:37:56,CMP-2,44,56,140.00,44.33
16:37:56,CMP-1,42,45,140.00,42.28
16:37:56,CMP-3,72,78,140.00,149.78
16:37:56,"CMP-4 (shared, not under test)",42,54,140.00,41.73
16:37:58,CMP-2,44,56,140.00,44.24
16:37:58,CMP-1,42,45,140.00,42.18
16:37:58,CMP-3,73,75,140.00,139.99
16:37:58,"CMP-4 (shared, not under test)",42,54,140.00,41.82
16:38:00,CMP-2,44,56,140.00,44.24
16:38:00,CMP-1,42,45,140.00,42.17
16:38:00,CMP-3,72,78,140.00,126.69
16:38:00,"CMP-4 (shared, not under test)",42,54,140.00,41.92
16:38:02,CMP-2,44,56,140.00,44.34
16:38:02,CMP-1,42,45,140.00,42.17
16:38:02,CMP-3,72,76,140.00,142.38
16:38:02,"CMP-4 (shared, not under test)",42,54,140.00,41.71
16:38:04,CMP-2,44,56,140.00,44.31
16:38:04,CMP-1,42,45,140.00,42.17
16:38:04,CMP-3,72,77,140.00,139.90
16:38:04,"CMP-4 (shared, not under test)",42,54,140.00,41.82
16:38:06,CMP-2,44,56,140.00,44.22
16:38:06,CMP-1,42,45,140.00,42.55
16:38:06,CMP-3,72,75,140.00,142.10
16:38:06,"CMP-4 (shared, not under test)",42,54,140.00,41.82
16:38:08,CMP-2,44,56,140.00,44.24
16:38:08,CMP-1,42,45,140.00,42.47
16:38:08,CMP-3,72,75,140.00,141.52
16:38:08,"CMP-4 (shared, not under test)",42,54,140.00,41.71
16:38:10,CMP-2,44,56,140.00,44.61
16:38:10,CMP-1,42,45,140.00,42.37
16:38:10,CMP-3,71,76,140.00,115.73
16:38:10,"CMP-4 (shared, not under test)",42,54,140.00,41.92
16:38:12,CMP-2,44,56,140.00,44.42
16:38:12,CMP-1,42,45,140.00,42.28
16:38:12,CMP-3,72,76,140.00,141.71
16:38:12,"CMP-4 (shared, not under test)",42,54,140.00,41.92
16:38:14,CMP-2,44,56,140.00,44.31
16:38:14,CMP-1,42,45,140.00,42.28
16:38:14,CMP-3,70,76,140.00,163.54
16:38:14,"CMP-4 (shared, not under test)",42,54,140.00,41.82
16:38:16,CMP-2,44,56,140.00,44.31
16:38:16,CMP-1,42,45,140.00,42.37
16:38:16,CMP-3,72,75,140.00,143.72
16:38:16,"CMP-4 (shared, not under test)",42,54,140.00,41.92
16:38:18,CMP-2,44,56,140.00,44.41
16:38:18,CMP-1,42,45,140.00,42.28
16:38:18,CMP-3,71,76,140.00,129.53
16:38:18,"CMP-4 (shared, not under test)",42,54,140.00,41.82
16:38:20,CMP-2,44,56,140.00,44.42
16:38:20,CMP-1,42,45,140.00,42.37
16:38:20,CMP-3,72,75,140.00,143.16
16:38:20,"CMP-4 (shared, not under test)",42,54,140.00,41.82
16:38:22,CMP-2,44,56,140.00,44.34
16:38:22,CMP-1,42,45,140.00,42.28
16:38:22,CMP-3,71,76,140.00,110.21
16:38:22,"CMP-4 (shared, not under test)",42,54,140.00,42.01
16:38:25,CMP-2,44,56,140.00,44.42
16:38:25,CMP-1,42,45,140.00,42.36
16:38:25,CMP-3,72,74,140.00,140.77
16:38:25,"CMP-4 (shared, not under test)",42,54,140.00,41.82
16:38:27,CMP-2,44,56,140.00,44.50
16:38:27,CMP-1,42,45,140.00,42.55
16:38:27,CMP-3,71,75,140.00,149.20
16:38:27,"CMP-4 (shared, not under test)",42,54,140.00,41.93
16:38:29,CMP-2,44,56,140.00,44.62
16:38:29,CMP-1,42,45,140.00,42.47
16:38:29,CMP-3,71,74,140.00,142.58
16:38:29,"CMP-4 (shared, not under test)",42,54,140.00,42.11
16:38:31,CMP-2,44,56,140.00,44.34
16:38:31,CMP-1,42,45,140.00,42.47
16:38:31,CMP-3,71,76,140.00,131.96
16:38:31,"CMP-4 (shared, not under test)",42,54,140.00,41.92
16:38:33,CMP-2,44,56,140.00,44.23
16:38:33,CMP-1,42,45,140.00,42.37
16:38:33,CMP-3,71,75,140.00,139.43
16:38:33,"CMP-4 (shared, not under test)",42,54,140.00,41.82
16:38:35,CMP-2,44,56,140.00,44.33
16:38:35,CMP-1,42,45,140.00,42.45
16:38:35,CMP-3,71,75,140.00,140.86
16:38:35,"CMP-4 (shared, not under test)",42,54,140.00,41.92
16:38:37,CMP-2,44,56,140.00,44.24
16:38:37,CMP-1,43,45,140.00,42.37
16:38:37,CMP-3,70,76,140.00,145.01
16:38:37,"CMP-4 (shared, not under test)",42,54,140.00,41.92
16:38:39,CMP-2,44,56,140.00,44.33
16:38:39,CMP-1,43,45,140.00,42.47
16:38:39,CMP-3,71,74,140.00,139.43
16:38:39,"CMP-4 (shared, not under test)",42,54,140.00,41.71
16:38:41,CMP-2,44,56,140.00,44.23
16:38:41,CMP-1,43,47,140.00,42.47
16:38:41,CMP-3,69,76,140.00,146.39
16:38:41,"CMP-4 (shared, not under test)",42,54,140.00,41.71
16:38:43,CMP-2,44,56,140.00,44.23
16:38:43,CMP-1,43,46,140.00,42.45
16:38:43,CMP-3,71,75,140.00,141.96
16:38:43,"CMP-4 (shared, not under test)",42,54,140.00,41.71
16:38:45,CMP-2,44,56,140.00,44.34
16:38:45,CMP-1,43,46,140.00,42.65
16:38:45,CMP-3,70,76,140.00,166.03
16:38:45,"CMP-4 (shared, not under test)",42,54,140.00,41.71
16:38:47,CMP-2,44,56,140.00,44.62
16:38:47,CMP-1,43,46,140.00,42.45
16:38:47,CMP-3,71,74,140.00,141.14
16:38:47,"CMP-4 (shared, not under test)",42,54,140.00,41.82
16:38:49,CMP-2,44,56,140.00,44.31
16:38:49,CMP-1,43,47,140.00,42.45
16:38:49,CMP-3,70,76,140.00,124.29
16:38:49,"CMP-4 (shared, not under test)",42,54,140.00,41.83
16:38:52,CMP-2,44,56,140.00,44.33
16:38:52,CMP-1,43,47,140.00,42.56
16:38:52,CMP-3,71,75,140.00,140.96
16:38:52,"CMP-4 (shared, not under test)",42,54,140.00,41.71
16:38:54,CMP-2,44,56,140.00,44.42
16:38:54,CMP-1,43,47,140.00,42.28
16:38:54,CMP-3,70,76,140.00,154.38
16:38:54,"CMP-4 (shared, not under test)",42,54,140.00,41.71
16:38:56,CMP-2,44,56,140.00,44.43
16:38:56,CMP-1,43,46,140.00,42.37
16:38:56,CMP-3,71,75,140.00,141.33
16:38:56,"CMP-4 (shared, not under test)",42,54,140.00,41.71
16:38:58,CMP-2,44,56,140.00,44.31
16:38:58,CMP-1,43,47,140.00,42.26
16:38:58,CMP-3,71,75,140.00,148.66
16:38:58,"CMP-4 (shared, not under test)",42,54,140.00,41.83
16:39:00,CMP-2,44,56,140.00,44.23
16:39:00,CMP-1,43,46,140.00,42.45
16:39:00,CMP-3,71,75,140.00,143.72
16:39:00,"CMP-4 (shared, not under test)",42,54,140.00,41.81
16:39:02,CMP-2,44,56,140.00,44.34
16:39:02,CMP-1,43,46,140.00,42.37
16:39:02,CMP-3,70,76,140.00,148.80
16:39:02,"CMP-4 (shared, not under test)",42,54,140.00,41.83
16:39:04,CMP-2,44,56,140.00,44.31
16:39:04,CMP-1,43,46,140.00,42.66
16:39:04,CMP-3,70,76,140.00,183.43
16:39:04,"CMP-4 (shared, not under test)",42,54,140.00,41.92
16:39:06,CMP-2,44,56,140.00,44.71
16:39:06,CMP-1,43,46,140.00,42.56
16:39:06,CMP-3,68,75,140.00,53.57
16:39:06,"CMP-4 (shared, not under test)",42,54,140.00,41.71
16:39:08,CMP-2,44,56,140.00,44.61
16:39:08,CMP-1,43,46,140.00,42.47
16:39:08,CMP-3,70,75,140.00,126.20
16:39:08,"CMP-4 (shared, not under test)",42,54,140.00,41.80
16:39:10,CMP-2,44,56,140.00,44.61
16:39:10,CMP-1,43,46,140.00,42.36
16:39:10,CMP-3,70,75,140.00,141.47
16:39:10,"CMP-4 (shared, not under test)",42,54,140.00,41.71
16:39:12,CMP-2,44,56,140.00,44.43
16:39:12,CMP-1,43,46,140.00,42.37
16:39:12,CMP-3,70,75,140.00,142.87
16:39:12,"CMP-4 (shared, not under test)",42,54,140.00,41.73
16:39:14,CMP-2,44,56,140.00,44.43
16:39:14,CMP-1,43,46,140.00,42.47
16:39:14,CMP-3,70,75,140.00,144.36
16:39:14,"CMP-4 (shared, not under test)",42,54,140.00,41.71
16:39:16,CMP-2,44,56,140.00,44.42
16:39:16,CMP-1,43,46,140.00,42.45
16:39:16,CMP-3,70,75,140.00,143.24
16:39:16,"CMP-4 (shared, not under test)",42,54,140.00,41.91
16:39:19,CMP-2,44,56,140.00,44.53
16:39:19,CMP-1,43,46,140.00,42.45
16:39:19,CMP-3,70,75,140.00,144.18
16:39:19,"CMP-4 (shared, not under test)",42,54,140.00,41.73
16:39:21,CMP-2,44,56,140.00,44.43
16:39:21,CMP-1,43,46,140.00,42.45
16:39:21,CMP-3,69,75,140.00,109.07
16:39:21,"CMP-4 (shared, not under test)",42,54,140.00,41.82
16:39:23,CMP-2,44,56,140.00,44.51
16:39:23,CMP-1,43,46,140.00,42.74
16:39:23,CMP-3,70,75,140.00,139.54
16:39:23,"CMP-4 (shared, not under test)",42,54,140.00,42.03
16:39:25,CMP-2,44,56,140.00,44.80
16:39:25,CMP-1,43,46,140.00,42.66
16:39:25,CMP-3,70,75,140.00,144.44
16:39:25,"CMP-4 (shared, not under test)",42,54,140.00,41.82
16:39:27,CMP-2,44,56,140.00,44.69
16:39:27,CMP-1,43,46,140.00,42.65
16:39:27,CMP-3,70,75,140.00,144.01
16:39:27,"CMP-4 (shared, not under test)",42,54,140.00,41.82
16:39:29,CMP-2,44,56,140.00,44.62
16:39:29,CMP-1,43,46,140.00,42.47
16:39:29,CMP-3,70,75,140.00,143.57
16:39:29,"CMP-4 (shared, not under test)",42,54,140.00,41.71
16:39:31,CMP-2,44,56,140.00,44.51
16:39:31,CMP-1,43,46,140.00,42.56
16:39:31,CMP-3,69,75,140.00,140.95
16:39:31,"CMP-4 (shared, not under test)",42,54,140.00,41.92
16:39:33,CMP-2,44,56,140.00,44.53
16:39:33,CMP-1,43,46,140.00,42.47
16:39:33,CMP-3,68,74,140.00,66.71
16:39:33,"CMP-4 (shared, not under test)",42,54,140.00,41.90
16:39:35,CMP-2,44,56,140.00,44.51
16:39:35,CMP-1,43,46,140.00,42.66
16:39:35,CMP-3,69,75,140.00,141.43
16:39:35,"CMP-4 (shared, not under test)",42,54,140.00,41.92
16:39:37,CMP-2,44,56,140.00,44.43
16:39:37,CMP-1,43,46,140.00,42.56
16:39:37,CMP-3,64,73,140.00,51.20
16:39:37,"CMP-4 (shared, not under test)",42,54,140.00,41.83
16:39:39,CMP-2,44,56,140.00,44.34
16:39:39,CMP-1,43,46,140.00,42.57
16:39:39,CMP-3,63,72,140.00,68.54
16:39:39,"CMP-4 (shared, not under test)",42,54,140.00,41.83
16:39:41,CMP-2,44,56,140.00,44.43
16:39:41,CMP-1,43,46,140.00,42.57
16:39:41,CMP-3,63,72,140.00,69.12
16:39:41,"CMP-4 (shared, not under test)",42,54,140.00,42.03
16:39:43,CMP-2,44,56,140.00,44.34
16:39:43,CMP-1,43,46,140.00,42.85
16:39:43,CMP-3,62,71,140.00,50.14
16:39:43,"CMP-4 (shared, not under test)",42,54,140.00,41.83
16:39:45,CMP-2,44,56,140.00,44.62
16:39:45,CMP-1,43,46,140.00,42.75
16:39:45,CMP-3,62,70,140.00,49.66
16:39:46,"CMP-4 (shared, not under test)",42,54,140.00,41.73
16:39:48,CMP-2,44,56,140.00,44.43
16:39:48,CMP-1,43,46,140.00,42.66
16:39:48,CMP-3,61,70,140.00,49.46
16:39:48,"CMP-4 (shared, not under test)",42,54,140.00,41.73
16:39:50,CMP-2,44,56,140.00,44.43
16:39:50,CMP-1,43,46,140.00,42.66
16:39:50,CMP-3,61,70,140.00,49.27
16:39:50,"CMP-4 (shared, not under test)",42,54,140.00,41.73
16:39:52,CMP-2,44,56,140.00,44.43
16:39:52,CMP-1,43,46,140.00,42.75
16:39:52,CMP-3,60,69,140.00,48.99
16:39:52,"CMP-4 (shared, not under test)",42,54,140.00,41.73
16:39:54,CMP-2,44,56,140.00,44.43
16:39:54,CMP-1,43,46,140.00,42.75
16:39:54,CMP-3,60,69,140.00,48.79
16:39:54,"CMP-4 (shared, not under test)",42,54,140.00,41.73
16:39:56,CMP-2,44,56,140.00,44.43
16:39:56,CMP-1,43,46,140.00,42.75
16:39:56,CMP-3,60,69,140.00,48.69
16:39:56,"CMP-4 (shared, not under test)",42,54,140.00,41.83
16:39:58,CMP-2,44,56,140.00,44.43
16:39:58,CMP-1,44,46,140.00,42.75
16:39:58,CMP-3,59,68,140.00,48.49
16:39:58,"CMP-4 (shared, not under test)",42,54,140.00,41.83
16:40:00,CMP-2,44,56,140.00,44.53
16:40:00,CMP-1,44,46,140.00,42.66
16:40:00,CMP-3,59,68,140.00,48.41
16:40:00,"CMP-4 (shared, not under test)",42,54,140.00,41.83
16:40:02,CMP-2,44,56,140.00,44.43
16:40:02,CMP-1,44,46,140.00,42.94
16:40:02,CMP-3,58,68,140.00,48.22
16:40:02,"CMP-4 (shared, not under test)",42,54,140.00,41.73
16:40:04,CMP-2,44,56,140.00,44.81
16:40:04,CMP-1,44,47,140.00,42.66
16:40:04,CMP-3,58,67,140.00,47.93
16:40:04,"CMP-4 (shared, not under test)",42,54,140.00,41.74
16:40:06,CMP-2,44,56,140.00,44.62
16:40:06,CMP-1,44,47,140.00,42.66
16:40:06,CMP-3,58,67,140.00,47.84
16:40:06,"CMP-4 (shared, not under test)",42,54,140.00,41.83
16:40:08,CMP-2,45,56,140.00,44.62
16:40:08,CMP-1,44,47,140.00,42.67
16:40:08,CMP-3,57,67,140.00,47.44
16:40:08,"CMP-4 (shared, not under test)",42,54,140.00,41.83
16:40:10,CMP-2,45,56,140.00,44.53
16:40:10,CMP-1,44,47,140.00,42.66
16:40:10,CMP-3,57,67,140.00,47.35
16:40:10,"CMP-4 (shared, not under test)",42,54,140.00,41.73
16:40:13,CMP-2,45,56,140.00,44.62
16:40:13,CMP-1,44,47,140.00,42.67
16:40:13,CMP-3,57,66,140.00,47.16
16:40:13,"CMP-4 (shared, not under test)",42,54,140.00,41.93
16:40:15,CMP-2,45,56,140.00,44.53
16:40:15,CMP-1,44,47,140.00,42.77
16:40:15,CMP-3,56,66,140.00,47.16
16:40:15,"CMP-4 (shared, not under test)",42,54,140.00,41.73
16:40:17,CMP-2,45,56,140.00,44.53
16:40:17,CMP-1,44,47,140.00,42.67
16:40:17,CMP-3,56,66,140.00,47.16
16:40:17,"CMP-4 (shared, not under test)",42,54,140.00,41.83
16:40:19,CMP-2,45,56,140.00,44.53
16:40:19,CMP-1,44,47,140.00,42.86
16:40:19,CMP-3,56,66,140.00,46.87
16:40:19,"CMP-4 (shared, not under test)",42,54,140.00,42.12
16:40:21,CMP-2,45,56,140.00,44.62
16:40:21,CMP-1,44,47,140.00,43.04
16:40:21,CMP-3,56,65,140.00,46.58
16:40:21,"CMP-4 (shared, not under test)",42,54,140.00,41.83
16:40:23,CMP-2,45,56,140.00,44.62
16:40:23,CMP-1,44,47,140.00,42.96
16:40:23,CMP-3,55,65,140.00,46.58
16:40:23,"CMP-4 (shared, not under test)",42,54,140.00,41.82
16:40:25,CMP-2,45,56,140.00,44.81
16:40:25,CMP-1,44,47,140.00,42.86
16:40:25,CMP-3,55,65,140.00,46.39
16:40:25,"CMP-4 (shared, not under test)",42,54,140.00,41.93
16:40:27,CMP-2,45,56,140.00,44.62
16:40:27,CMP-1,44,47,140.00,42.86
16:40:27,CMP-3,55,65,140.00,46.19
16:40:27,"CMP-4 (shared, not under test)",42,54,140.00,41.83
16:40:29,CMP-2,45,56,140.00,44.62
16:40:29,CMP-1,44,47,140.00,42.86
16:40:29,CMP-3,54,64,140.00,46.18
16:40:29,"CMP-4 (shared, not under test)",42,54,140.00,41.83
16:40:31,CMP-2,45,56,140.00,44.62
16:40:31,CMP-1,44,47,140.00,42.77
16:40:31,CMP-3,54,64,140.00,45.99
16:40:31,"CMP-4 (shared, not under test)",42,54,140.00,41.93
16:40:33,CMP-2,45,56,140.00,44.72
16:40:33,CMP-1,44,47,140.00,42.96
16:40:33,CMP-3,54,64,140.00,45.89
16:40:33,"CMP-4 (shared, not under test)",42,54,140.00,41.83
16:40:35,CMP-2,45,56,140.00,44.72
16:40:35,CMP-1,45,47,140.00,42.95
16:40:35,CMP-3,54,64,140.00,46.19
16:40:35,"CMP-4 (shared, not under test)",42,54,140.00,41.83
16:40:37,CMP-2,45,56,140.00,44.62
16:40:37,CMP-1,45,47,140.00,42.96
16:40:37,CMP-3,53,64,140.00,45.80
16:40:37,"CMP-4 (shared, not under test)",42,54,140.00,41.93
16:40:40,CMP-2,45,56,140.00,44.62
16:40:40,CMP-1,45,47,140.00,43.06
16:40:40,CMP-3,53,64,140.00,45.80
16:40:40,"CMP-4 (shared, not under test)",42,54,140.00,42.03
16:40:42,CMP-2,45,56,140.00,44.62
16:40:42,CMP-1,45,47,140.00,43.25
16:40:42,CMP-3,53,64,140.00,45.70
16:40:42,"CMP-4 (shared, not under test)",42,54,140.00,42.03
16:40:44,CMP-2,45,56,140.00,44.62
16:40:44,CMP-1,45,47,140.00,43.15
16:40:44,CMP-3,53,64,140.00,45.51
16:40:44,"CMP-4 (shared, not under test)",42,54,140.00,41.93
16:40:46,CMP-2,45,56,140.00,44.62
16:40:46,CMP-1,45,47,140.00,43.06
16:40:46,CMP-3,53,63,140.00,45.41
16:40:46,"CMP-4 (shared, not under test)",42,54,140.00,41.83
16:40:48,CMP-2,45,56,140.00,44.53
16:40:48,CMP-1,45,48,140.00,43.06
16:40:48,CMP-3,52,63,140.00,45.22
16:40:48,"CMP-4 (shared, not under test)",42,54,140.00,41.93
16:40:50,CMP-2,45,56,140.00,44.53
16:40:50,CMP-1,45,48,140.00,43.15
16:40:50,CMP-3,52,63,140.00,45.33
16:40:50,"CMP-4 (shared, not under test)",42,54,140.00,41.93
16:40:52,CMP-2,45,56,140.00,44.53
16:40:52,CMP-1,45,49,140.00,43.06
16:40:52,CMP-3,52,63,140.00,45.32
16:40:52,"CMP-4 (shared, not under test)",42,54,140.00,41.83
16:40:54,CMP-2,45,56,140.00,44.53
16:40:54,CMP-1,45,48,140.00,43.14
16:40:54,CMP-3,52,63,140.00,45.60
16:40:54,"CMP-4 (shared, not under test)",42,54,140.00,41.73
16:40:56,CMP-2,45,56,140.00,44.53
16:40:56,CMP-1,45,48,140.00,43.14
16:40:56,CMP-3,52,63,140.00,45.22
16:40:56,"CMP-4 (shared, not under test)",42,54,140.00,41.83
16:40:58,CMP-2,45,56,140.00,44.53
16:40:58,CMP-1,45,48,140.00,43.25
16:40:58,CMP-3,51,62,140.00,45.04
16:40:58,"CMP-4 (shared, not under test)",42,54,140.00,41.73
16:41:00,CMP-2,45,56,140.00,44.53
16:41:00,CMP-1,45,48,140.00,43.35
16:41:00,CMP-3,51,62,140.00,44.95
16:41:00,"CMP-4 (shared, not under test)",42,54,140.00,41.93
16:41:02,CMP-2,45,56,140.00,44.91
16:41:02,CMP-1,45,48,140.00,43.35
16:41:02,CMP-3,51,62,140.00,44.95
16:41:02,"CMP-4 (shared, not under test)",42,54,140.00,41.83
16:41:04,CMP-2,45,56,140.00,44.81
16:41:04,CMP-1,45,48,140.00,43.35
16:41:04,CMP-3,51,62,140.00,44.85
16:41:04,"CMP-4 (shared, not under test)",42,54,140.00,41.93
16:41:07,CMP-2,45,56,140.00,44.62
16:41:07,CMP-1,45,48,140.00,43.04
16:41:07,CMP-3,51,62,140.00,44.85
16:41:07,"CMP-4 (shared, not under test)",42,54,140.00,41.83
16:41:09,CMP-2,45,56,140.00,44.53
16:41:09,CMP-1,45,48,140.00,43.15
16:41:09,CMP-3,50,62,140.00,44.75
16:41:09,"CMP-4 (shared, not under test)",42,54,140.00,41.93
16:41:11,CMP-2,45,56,140.00,44.53
16:41:11,CMP-1,45,48,140.00,43.24
16:41:11,CMP-3,50,62,140.00,44.85
16:41:11,"CMP-4 (shared, not under test)",42,54,140.00,42.22
16:41:13,CMP-2,45,56,140.00,44.62
16:41:13,CMP-1,45,48,140.00,43.06
16:41:13,CMP-3,50,61,140.00,44.56
16:41:13,"CMP-4 (shared, not under test)",42,54,140.00,41.73
16:41:15,CMP-2,45,56,140.00,44.62
16:41:15,CMP-1,45,48,140.00,43.15
16:41:15,CMP-3,50,61,140.00,44.46
16:41:15,"CMP-4 (shared, not under test)",42,54,140.00,41.83
