timestamp, index, temperature.gpu, power.draw [W], clocks.current.sm [MHz], utilization.gpu [%], memory.used [MiB]
2026/10/03 13:55:22.613, 0, 49, 46.38 W, 1140 MHz, 0 %, 60870 MiB
2026/10/03 13:55:22.625, 1, 55, 47.01 W, 1140 MHz, 0 %, 60886 MiB
2026/10/03 13:55:22.638, 2, 44, 42.49 W, 1140 MHz, 0 %, 60870 MiB
2026/10/03 13:55:22.648, 3, 45, 41.75 W, 1140 MHz, 0 %, 60886 MiB
2026/10/03 13:55:24.659, 0, 49, 46.38 W, 1140 MHz, 0 %, 60870 MiB
2026/10/03 13:55:24.659, 1, 55, 47.32 W, 1140 MHz, 0 %, 60886 MiB
2026/10/03 13:55:24.660, 2, 44, 42.57 W, 1140 MHz, 0 %, 60870 MiB
2026/10/03 13:55:24.660, 3, 45, 41.56 W, 1140 MHz, 0 %, 60886 MiB
2026/10/03 13:55:26.660, 0, 51, 72.70 W, 1410 MHz, 58 %, 61196 MiB
2026/10/03 13:55:26.661, 1, 55, 63.55 W, 1140 MHz, 30 %, 61212 MiB
2026/10/03 13:55:26.661, 2, 45, 59.32 W, 1410 MHz, 67 %, 61196 MiB
2026/10/03 13:55:26.661, 3, 46, 48.78 W, 1410 MHz, 64 %, 61212 MiB
2026/10/03 13:55:28.661, 0, 51, 76.17 W, 1410 MHz, 78 %, 61196 MiB
2026/10/03 13:55:28.662, 1, 56, 77.28 W, 1410 MHz, 71 %, 61212 MiB
2026/10/03 13:55:28.662, 2, 46, 97.58 W, 1410 MHz, 60 %, 61196 MiB
2026/10/03 13:55:28.662, 3, 46, 74.50 W, 1410 MHz, 60 %, 61212 MiB
2026/10/03 13:55:30.663, 0, 52, 87.58 W, 1410 MHz, 49 %, 61196 MiB
2026/10/03 13:55:30.663, 1, 57, 110.32 W, 1410 MHz, 62 %, 61212 MiB
2026/10/03 13:55:30.663, 2, 47, 65.26 W, 1410 MHz, 70 %, 61196 MiB
2026/10/03 13:55:30.663, 3, 47, 52.69 W, 1410 MHz, 73 %, 61212 MiB
2026/10/03 13:55:32.664, 0, 52, 61.21 W, 1410 MHz, 50 %, 61196 MiB
2026/10/03 13:55:32.664, 1, 57, 76.11 W, 1410 MHz, 48 %, 61212 MiB
2026/10/03 13:55:32.664, 2, 47, 74.74 W, 1410 MHz, 66 %, 61196 MiB
2026/10/03 13:55:32.664, 3, 47, 71.18 W, 1410 MHz, 60 %, 61212 MiB
2026/10/03 13:55:34.665, 0, 52, 60.75 W, 1410 MHz, 41 %, 61196 MiB
2026/10/03 13:55:34.665, 1, 58, 69.40 W, 1410 MHz, 46 %, 61212 MiB
2026/10/03 13:55:34.665, 2, 47, 104.12 W, 1410 MHz, 49 %, 61196 MiB
2026/10/03 13:55:34.666, 3, 47, 77.62 W, 1410 MHz, 46 %, 61212 MiB
2026/10/03 13:55:36.666, 0, 52, 57.87 W, 1410 MHz, 37 %, 61196 MiB
2026/10/03 13:55:36.666, 1, 57, 68.84 W, 1410 MHz, 52 %, 61212 MiB
2026/10/03 13:55:36.666, 2, 47, 63.06 W, 1410 MHz, 68 %, 61196 MiB
2026/10/03 13:55:36.667, 3, 47, 51.65 W, 1410 MHz, 69 %, 61212 MiB
2026/10/03 13:55:38.667, 0, 52, 86.46 W, 1410 MHz, 71 %, 61196 MiB
2026/10/03 13:55:38.667, 1, 58, 83.76 W, 1410 MHz, 52 %, 61212 MiB
2026/10/03 13:55:38.667, 2, 48, 101.86 W, 1410 MHz, 70 %, 61196 MiB
2026/10/03 13:55:38.668, 3, 47, 86.03 W, 1410 MHz, 72 %, 61212 MiB
2026/10/03 13:55:40.668, 0, 53, 90.88 W, 1410 MHz, 97 %, 61196 MiB
2026/10/03 13:55:40.668, 1, 59, 105.05 W, 1410 MHz, 27 %, 61212 MiB
2026/10/03 13:55:40.669, 2, 49, 102.07 W, 1410 MHz, 97 %, 61196 MiB
2026/10/03 13:55:40.669, 3, 48, 86.82 W, 1410 MHz, 97 %, 61212 MiB
2026/10/03 13:55:42.669, 0, 53, 84.87 W, 1410 MHz, 99 %, 61196 MiB
2026/10/03 13:55:42.669, 1, 60, 114.37 W, 1410 MHz, 92 %, 61212 MiB
2026/10/03 13:55:42.670, 2, 49, 108.32 W, 1410 MHz, 98 %, 61196 MiB
2026/10/03 13:55:42.670, 3, 49, 80.51 W, 1410 MHz, 95 %, 61212 MiB
2026/10/03 13:55:44.670, 0, 53, 86.49 W, 1410 MHz, 77 %, 61196 MiB
2026/10/03 13:55:44.670, 1, 60, 78.33 W, 1410 MHz, 78 %, 61212 MiB
2026/10/03 13:55:44.671, 2, 50, 107.24 W, 1410 MHz, 79 %, 61196 MiB
2026/10/03 13:55:44.671, 3, 49, 85.44 W, 1410 MHz, 78 %, 61212 MiB
2026/10/03 13:55:46.671, 0, 53, 86.31 W, 1410 MHz, 98 %, 61196 MiB
2026/10/03 13:55:46.671, 1, 60, 118.44 W, 1410 MHz, 98 %, 61212 MiB
2026/10/03 13:55:46.672, 2, 50, 70.39 W, 1410 MHz, 96 %, 61196 MiB
2026/10/03 13:55:46.672, 3, 49, 71.27 W, 1410 MHz, 96 %, 61212 MiB
2026/10/03 13:55:48.672, 0, 54, 88.18 W, 1410 MHz, 99 %, 61196 MiB
2026/10/03 13:55:48.673, 1, 60, 109.80 W, 1410 MHz, 98 %, 61212 MiB
2026/10/03 13:55:48.673, 2, 50, 104.52 W, 1410 MHz, 96 %, 61196 MiB
2026/10/03 13:55:48.673, 3, 49, 88.49 W, 1410 MHz, 95 %, 61212 MiB
2026/10/03 13:55:50.674, 0, 54, 90.64 W, 1410 MHz, 94 %, 61196 MiB
2026/10/03 13:55:50.674, 1, 61, 114.64 W, 1410 MHz, 84 %, 61212 MiB
2026/10/03 13:55:50.674, 2, 51, 108.50 W, 1410 MHz, 84 %, 61196 MiB
2026/10/03 13:55:50.674, 3, 49, 81.78 W, 1410 MHz, 84 %, 61212 MiB
2026/10/03 13:55:52.675, 0, 54, 91.10 W, 1410 MHz, 98 %, 61196 MiB
2026/10/03 13:55:52.675, 1, 61, 111.25 W, 1410 MHz, 99 %, 61212 MiB
2026/10/03 13:55:52.675, 2, 51, 107.80 W, 1410 MHz, 93 %, 61196 MiB
2026/10/03 13:55:52.676, 3, 49, 80.47 W, 1410 MHz, 98 %, 61212 MiB
2026/10/03 13:55:54.676, 0, 54, 89.20 W, 1410 MHz, 99 %, 61196 MiB
2026/10/03 13:55:54.676, 1, 61, 113.97 W, 1410 MHz, 99 %, 61212 MiB
2026/10/03 13:55:54.677, 2, 51, 94.75 W, 1410 MHz, 99 %, 61196 MiB
2026/10/03 13:55:54.677, 3, 49, 86.46 W, 1410 MHz, 93 %, 61212 MiB
2026/10/03 13:55:56.677, 0, 53, 58.54 W, 1410 MHz, 40 %, 61196 MiB
2026/10/03 13:55:56.678, 1, 60, 100.64 W, 1395 MHz, 40 %, 61212 MiB
2026/10/03 13:55:56.678, 2, 50, 64.32 W, 1410 MHz, 21 %, 61196 MiB
2026/10/03 13:55:56.678, 3, 49, 51.67 W, 1410 MHz, 10 %, 61212 MiB
2026/10/03 13:55:58.678, 0, 54, 60.09 W, 1410 MHz, 65 %, 61220 MiB
2026/10/03 13:55:58.679, 1, 60, 92.42 W, 1410 MHz, 76 %, 61236 MiB
2026/10/03 13:55:58.679, 2, 50, 108.82 W, 1410 MHz, 68 %, 61220 MiB
2026/10/03 13:55:58.679, 3, 49, 59.12 W, 1410 MHz, 55 %, 61236 MiB
2026/10/03 13:56:00.680, 0, 53, 60.77 W, 1410 MHz, 21 %, 61220 MiB
2026/10/03 13:56:00.680, 1, 60, 110.29 W, 1410 MHz, 31 %, 61236 MiB
2026/10/03 13:56:00.680, 2, 50, 116.66 W, 1410 MHz, 38 %, 61220 MiB
2026/10/03 13:56:00.681, 3, 49, 63.14 W, 1410 MHz, 37 %, 61236 MiB
2026/10/03 13:56:02.681, 0, 54, 78.88 W, 1410 MHz, 52 %, 61220 MiB
2026/10/03 13:56:02.682, 1, 61, 112.52 W, 1410 MHz, 48 %, 61236 MiB
2026/10/03 13:56:02.682, 2, 51, 104.76 W, 1410 MHz, 69 %, 61220 MiB
2026/10/03 13:56:02.682, 3, 49, 76.65 W, 1410 MHz, 76 %, 61236 MiB
2026/10/03 13:56:04.682, 0, 55, 96.15 W, 1410 MHz, 98 %, 61220 MiB
2026/10/03 13:56:04.683, 1, 62, 119.19 W, 1410 MHz, 98 %, 61236 MiB
2026/10/03 13:56:04.683, 2, 52, 110.51 W, 1410 MHz, 99 %, 61220 MiB
2026/10/03 13:56:04.683, 3, 50, 85.71 W, 1410 MHz, 71 %, 61236 MiB
2026/10/03 13:56:06.683, 0, 55, 89.07 W, 1410 MHz, 97 %, 61220 MiB
2026/10/03 13:56:06.684, 1, 62, 111.57 W, 1410 MHz, 98 %, 61236 MiB
2026/10/03 13:56:06.684, 2, 52, 110.81 W, 1410 MHz, 98 %, 61220 MiB
2026/10/03 13:56:06.684, 3, 50, 85.99 W, 1410 MHz, 95 %, 61236 MiB
2026/10/03 13:56:08.685, 0, 54, 60.38 W, 1410 MHz, 40 %, 61220 MiB
2026/10/03 13:56:08.685, 1, 62, 71.92 W, 1410 MHz, 50 %, 61236 MiB
2026/10/03 13:56:08.685, 2, 52, 107.32 W, 1410 MHz, 77 %, 61220 MiB
2026/10/03 13:56:08.685, 3, 50, 60.67 W, 1410 MHz, 68 %, 61236 MiB
2026/10/03 13:56:10.686, 0, 54, 93.09 W, 1410 MHz, 64 %, 61220 MiB
2026/10/03 13:56:10.686, 1, 61, 93.40 W, 1410 MHz, 55 %, 61236 MiB
2026/10/03 13:56:10.687, 2, 51, 69.41 W, 1410 MHz, 66 %, 61220 MiB
2026/10/03 13:56:10.687, 3, 49, 84.01 W, 1410 MHz, 54 %, 61236 MiB
2026/10/03 13:56:12.687, 0, 54, 83.45 W, 1410 MHz, 59 %, 61220 MiB
2026/10/03 13:56:12.688, 1, 62, 80.62 W, 1410 MHz, 49 %, 61236 MiB
2026/10/03 13:56:12.688, 2, 52, 111.04 W, 1410 MHz, 72 %, 61220 MiB
2026/10/03 13:56:12.688, 3, 50, 85.27 W, 1410 MHz, 55 %, 61236 MiB
2026/10/03 13:56:14.689, 0, 54, 69.45 W, 1410 MHz, 63 %, 61220 MiB
2026/10/03 13:56:14.689, 1, 62, 75.92 W, 1410 MHz, 64 %, 61236 MiB
2026/10/03 13:56:14.689, 2, 52, 115.27 W, 1410 MHz, 69 %, 61220 MiB
2026/10/03 13:56:14.689, 3, 50, 85.15 W, 1410 MHz, 53 %, 61236 MiB
2026/10/03 13:56:16.690, 0, 55, 90.23 W, 1410 MHz, 68 %, 61220 MiB
2026/10/03 13:56:16.690, 1, 62, 117.64 W, 1410 MHz, 52 %, 61236 MiB
2026/10/03 13:56:16.691, 2, 52, 73.25 W, 1410 MHz, 52 %, 61220 MiB
2026/10/03 13:56:16.691, 3, 50, 74.12 W, 1410 MHz, 70 %, 61236 MiB
2026/10/03 13:56:18.691, 0, 55, 63.15 W, 1410 MHz, 61 %, 61220 MiB
2026/10/03 13:56:18.691, 1, 62, 104.73 W, 1410 MHz, 71 %, 61236 MiB
2026/10/03 13:56:18.692, 2, 52, 107.28 W, 1410 MHz, 70 %, 61220 MiB
2026/10/03 13:56:18.692, 3, 50, 76.53 W, 1410 MHz, 51 %, 61236 MiB
2026/10/03 13:56:20.692, 0, 55, 85.37 W, 1410 MHz, 54 %, 61220 MiB
2026/10/03 13:56:20.692, 1, 62, 119.91 W, 1410 MHz, 46 %, 61236 MiB
2026/10/03 13:56:20.693, 2, 52, 85.98 W, 1410 MHz, 45 %, 61220 MiB
2026/10/03 13:56:20.693, 3, 50, 53.09 W, 1410 MHz, 64 %, 61236 MiB
2026/10/03 13:56:22.693, 0, 55, 90.55 W, 1410 MHz, 40 %, 61220 MiB
2026/10/03 13:56:22.694, 1, 63, 93.99 W, 1410 MHz, 45 %, 61236 MiB
2026/10/03 13:56:22.694, 2, 52, 69.02 W, 1410 MHz, 56 %, 61220 MiB
2026/10/03 13:56:22.694, 3, 50, 79.18 W, 1410 MHz, 62 %, 61236 MiB
2026/10/03 13:56:24.694, 0, 55, 88.02 W, 1410 MHz, 44 %, 61220 MiB
2026/10/03 13:56:24.695, 1, 62, 93.71 W, 1410 MHz, 42 %, 61236 MiB
2026/10/03 13:56:24.695, 2, 52, 69.02 W, 1410 MHz, 54 %, 61220 MiB
2026/10/03 13:56:24.695, 3, 50, 86.43 W, 1410 MHz, 71 %, 61236 MiB
2026/10/03 13:56:26.695, 0, 55, 84.68 W, 1410 MHz, 70 %, 61220 MiB
2026/10/03 13:56:26.696, 1, 63, 114.06 W, 1410 MHz, 66 %, 61236 MiB
2026/10/03 13:56:26.696, 2, 53, 118.67 W, 1410 MHz, 57 %, 61220 MiB
2026/10/03 13:56:26.696, 3, 50, 53.09 W, 1410 MHz, 47 %, 61236 MiB
2026/10/03 13:56:28.697, 0, 55, 71.24 W, 1410 MHz, 69 %, 61220 MiB
2026/10/03 13:56:28.697, 1, 63, 93.06 W, 1410 MHz, 69 %, 61236 MiB
2026/10/03 13:56:28.697, 2, 53, 88.69 W, 1410 MHz, 68 %, 61220 MiB
2026/10/03 13:56:28.697, 3, 50, 69.40 W, 1410 MHz, 68 %, 61236 MiB
2026/10/03 13:56:30.698, 0, 56, 95.64 W, 1410 MHz, 99 %, 61220 MiB
2026/10/03 13:56:30.698, 1, 64, 124.04 W, 1410 MHz, 99 %, 61236 MiB
2026/10/03 13:56:30.698, 2, 54, 103.55 W, 1410 MHz, 93 %, 61220 MiB
2026/10/03 13:56:30.698, 3, 51, 87.22 W, 1410 MHz, 97 %, 61236 MiB
2026/10/03 13:56:32.699, 0, 56, 93.27 W, 1410 MHz, 68 %, 61220 MiB
2026/10/03 13:56:32.699, 1, 64, 118.06 W, 1410 MHz, 68 %, 61236 MiB
2026/10/03 13:56:32.699, 2, 54, 115.07 W, 1410 MHz, 80 %, 61220 MiB
2026/10/03 13:56:32.699, 3, 51, 84.49 W, 1410 MHz, 84 %, 61236 MiB
2026/10/03 13:56:34.700, 0, 56, 95.77 W, 1410 MHz, 98 %, 61220 MiB
2026/10/03 13:56:34.700, 1, 65, 117.88 W, 1410 MHz, 97 %, 61236 MiB
2026/10/03 13:56:34.700, 2, 54, 114.01 W, 1410 MHz, 94 %, 61220 MiB
2026/10/03 13:56:34.701, 3, 51, 85.96 W, 1410 MHz, 97 %, 61236 MiB
2026/10/03 13:56:36.701, 0, 56, 88.38 W, 1410 MHz, 76 %, 61220 MiB
2026/10/03 13:56:36.701, 1, 64, 82.15 W, 1410 MHz, 74 %, 61236 MiB
2026/10/03 13:56:36.701, 2, 54, 68.26 W, 1410 MHz, 71 %, 61220 MiB
2026/10/03 13:56:36.702, 3, 51, 86.85 W, 1410 MHz, 71 %, 61236 MiB
2026/10/03 13:56:38.702, 0, 56, 94.30 W, 1410 MHz, 78 %, 61220 MiB
2026/10/03 13:56:38.702, 1, 64, 117.08 W, 1410 MHz, 78 %, 61236 MiB
2026/10/03 13:56:38.703, 2, 54, 108.61 W, 1410 MHz, 71 %, 61220 MiB
2026/10/03 13:56:38.703, 3, 51, 61.58 W, 1410 MHz, 57 %, 61236 MiB
2026/10/03 13:56:40.703, 0, 55, 61.98 W, 1410 MHz, 40 %, 61220 MiB
2026/10/03 13:56:40.704, 1, 64, 78.14 W, 1410 MHz, 49 %, 61236 MiB
2026/10/03 13:56:40.704, 2, 53, 67.11 W, 1410 MHz, 40 %, 61220 MiB
2026/10/03 13:56:40.704, 3, 50, 52.73 W, 1410 MHz, 52 %, 61236 MiB
2026/10/03 13:56:42.704, 0, 56, 73.85 W, 1410 MHz, 74 %, 61220 MiB
2026/10/03 13:56:42.705, 1, 65, 97.91 W, 1410 MHz, 73 %, 61236 MiB
2026/10/03 13:56:42.705, 2, 54, 113.16 W, 1410 MHz, 74 %, 61220 MiB
2026/10/03 13:56:42.705, 3, 51, 68.89 W, 1410 MHz, 75 %, 61236 MiB
2026/10/03 13:56:44.705, 0, 56, 86.46 W, 1410 MHz, 21 %, 61220 MiB
2026/10/03 13:56:44.706, 1, 64, 111.77 W, 1410 MHz, 20 %, 61236 MiB
2026/10/03 13:56:44.706, 2, 54, 119.01 W, 1410 MHz, 29 %, 61220 MiB
2026/10/03 13:56:44.706, 3, 51, 52.54 W, 1410 MHz, 38 %, 61236 MiB
2026/10/03 13:56:46.706, 0, 57, 90.46 W, 1410 MHz, 97 %, 61220 MiB
2026/10/03 13:56:46.707, 1, 65, 126.18 W, 1410 MHz, 98 %, 61236 MiB
2026/10/03 13:56:46.707, 2, 55, 111.64 W, 1410 MHz, 96 %, 61220 MiB
2026/10/03 13:56:46.707, 3, 52, 90.07 W, 1410 MHz, 98 %, 61236 MiB
2026/10/03 13:56:48.707, 0, 57, 91.18 W, 1410 MHz, 97 %, 61220 MiB
2026/10/03 13:56:48.708, 1, 66, 108.36 W, 1410 MHz, 96 %, 61236 MiB
2026/10/03 13:56:48.708, 2, 55, 118.28 W, 1410 MHz, 96 %, 61220 MiB
2026/10/03 13:56:48.708, 3, 52, 86.17 W, 1410 MHz, 96 %, 61236 MiB
2026/10/03 13:56:50.709, 0, 57, 90.44 W, 1410 MHz, 98 %, 61220 MiB
2026/10/03 13:56:50.709, 1, 66, 121.32 W, 1410 MHz, 99 %, 61236 MiB
2026/10/03 13:56:50.709, 2, 55, 114.40 W, 1410 MHz, 72 %, 61220 MiB
2026/10/03 13:56:50.709, 3, 52, 85.53 W, 1410 MHz, 70 %, 61236 MiB
2026/10/03 13:56:52.710, 0, 56, 60.67 W, 1410 MHz, 54 %, 61220 MiB
2026/10/03 13:56:52.710, 1, 65, 77.86 W, 1410 MHz, 56 %, 61236 MiB
2026/10/03 13:56:52.710, 2, 55, 122.48 W, 1410 MHz, 55 %, 61220 MiB
2026/10/03 13:56:52.710, 3, 51, 62.66 W, 1410 MHz, 74 %, 61236 MiB
2026/10/03 13:56:54.711, 0, 57, 94.99 W, 1410 MHz, 70 %, 61220 MiB
2026/10/03 13:56:54.711, 1, 66, 119.90 W, 1410 MHz, 71 %, 61236 MiB
2026/10/03 13:56:54.711, 2, 55, 110.06 W, 1410 MHz, 70 %, 61220 MiB
2026/10/03 13:56:54.712, 3, 52, 81.90 W, 1410 MHz, 66 %, 61236 MiB
2026/10/03 13:56:56.712, 0, 56, 62.08 W, 1410 MHz, 56 %, 61220 MiB
2026/10/03 13:56:56.712, 1, 65, 80.91 W, 1410 MHz, 51 %, 61236 MiB
2026/10/03 13:56:56.712, 2, 54, 68.26 W, 1410 MHz, 56 %, 61220 MiB
2026/10/03 13:56:56.713, 3, 51, 52.83 W, 1410 MHz, 42 %, 61236 MiB
2026/10/03 13:56:58.713, 0, 57, 92.88 W, 1410 MHz, 72 %, 61220 MiB
2026/10/03 13:56:58.713, 1, 66, 104.85 W, 1410 MHz, 72 %, 61236 MiB
2026/10/03 13:56:58.713, 2, 55, 115.94 W, 1410 MHz, 73 %, 61220 MiB
2026/10/03 13:56:58.714, 3, 52, 54.92 W, 1410 MHz, 58 %, 61236 MiB
2026/10/03 13:57:00.714, 0, 56, 92.03 W, 1410 MHz, 39 %, 61220 MiB
2026/10/03 13:57:00.714, 1, 65, 119.11 W, 1410 MHz, 38 %, 61236 MiB
2026/10/03 13:57:00.715, 2, 55, 115.89 W, 1410 MHz, 39 %, 61220 MiB
2026/10/03 13:57:00.715, 3, 52, 78.74 W, 1410 MHz, 40 %, 61236 MiB
2026/10/03 13:57:02.715, 0, 57, 93.05 W, 1410 MHz, 97 %, 61220 MiB
2026/10/03 13:57:02.715, 1, 66, 119.02 W, 1410 MHz, 98 %, 61236 MiB
2026/10/03 13:57:02.716, 2, 55, 112.02 W, 1410 MHz, 95 %, 61220 MiB
2026/10/03 13:57:02.716, 3, 52, 82.92 W, 1410 MHz, 89 %, 61236 MiB
2026/10/03 13:57:04.716, 0, 56, 74.83 W, 1410 MHz, 91 %, 61244 MiB
2026/10/03 13:57:04.717, 1, 65, 99.74 W, 1410 MHz, 93 %, 61260 MiB
2026/10/03 13:57:04.717, 2, 55, 87.80 W, 1410 MHz, 79 %, 61244 MiB
2026/10/03 13:57:04.717, 3, 51, 64.69 W, 1410 MHz, 44 %, 61260 MiB
2026/10/03 13:57:06.717, 0, 56, 72.65 W, 1410 MHz, 90 %, 61244 MiB
2026/10/03 13:57:06.718, 1, 65, 96.26 W, 1410 MHz, 93 %, 61260 MiB
2026/10/03 13:57:06.718, 2, 54, 83.01 W, 1410 MHz, 43 %, 61244 MiB
2026/10/03 13:57:06.718, 3, 51, 51.93 W, 1410 MHz, 48 %, 61260 MiB
2026/10/03 13:57:08.719, 0, 56, 81.79 W, 1410 MHz, 72 %, 61244 MiB
2026/10/03 13:57:08.719, 1, 65, 99.33 W, 1410 MHz, 78 %, 61260 MiB
2026/10/03 13:57:08.719, 2, 54, 85.79 W, 1410 MHz, 49 %, 61244 MiB
2026/10/03 13:57:08.719, 3, 51, 69.58 W, 1410 MHz, 52 %, 61260 MiB
2026/10/03 13:57:10.720, 0, 56, 78.23 W, 1410 MHz, 86 %, 61244 MiB
2026/10/03 13:57:10.720, 1, 66, 94.72 W, 1410 MHz, 92 %, 61260 MiB
2026/10/03 13:57:10.720, 2, 55, 87.62 W, 1410 MHz, 86 %, 61244 MiB
2026/10/03 13:57:10.720, 3, 51, 70.29 W, 1410 MHz, 41 %, 61260 MiB
2026/10/03 13:57:12.721, 0, 57, 78.20 W, 1410 MHz, 47 %, 61244 MiB
2026/10/03 13:57:12.721, 1, 66, 96.79 W, 1410 MHz, 89 %, 61260 MiB
2026/10/03 13:57:12.721, 2, 55, 85.77 W, 1410 MHz, 58 %, 61244 MiB
2026/10/03 13:57:12.721, 3, 52, 72.38 W, 1410 MHz, 90 %, 61260 MiB
2026/10/03 13:57:14.722, 0, 56, 77.12 W, 1410 MHz, 37 %, 61244 MiB
2026/10/03 13:57:14.722, 1, 66, 102.11 W, 1410 MHz, 86 %, 61260 MiB
2026/10/03 13:57:14.722, 2, 55, 92.45 W, 1410 MHz, 59 %, 61244 MiB
2026/10/03 13:57:14.722, 3, 52, 77.27 W, 1410 MHz, 76 %, 61260 MiB
2026/10/03 13:57:16.723, 0, 57, 78.74 W, 1410 MHz, 75 %, 61244 MiB
2026/10/03 13:57:16.723, 1, 66, 100.04 W, 1410 MHz, 90 %, 61260 MiB
2026/10/03 13:57:16.723, 2, 55, 90.98 W, 1410 MHz, 45 %, 61244 MiB
2026/10/03 13:57:16.723, 3, 52, 71.85 W, 1410 MHz, 79 %, 61260 MiB
2026/10/03 13:57:18.724, 0, 57, 76.32 W, 1410 MHz, 31 %, 61244 MiB
2026/10/03 13:57:18.724, 1, 66, 107.91 W, 1410 MHz, 89 %, 61260 MiB
2026/10/03 13:57:18.724, 2, 55, 88.37 W, 1410 MHz, 82 %, 61244 MiB
2026/10/03 13:57:18.724, 3, 52, 72.22 W, 1410 MHz, 89 %, 61260 MiB
2026/10/03 13:57:20.725, 0, 57, 77.27 W, 1410 MHz, 82 %, 61244 MiB
2026/10/03 13:57:20.726, 1, 66, 96.51 W, 1410 MHz, 92 %, 61260 MiB
2026/10/03 13:57:20.726, 2, 55, 92.88 W, 1410 MHz, 38 %, 61244 MiB
2026/10/03 13:57:20.726, 3, 52, 76.16 W, 1410 MHz, 93 %, 61260 MiB
2026/10/03 13:57:22.727, 0, 56, 71.05 W, 1410 MHz, 89 %, 61244 MiB
2026/10/03 13:57:22.727, 1, 66, 105.11 W, 1410 MHz, 93 %, 61260 MiB
2026/10/03 13:57:22.727, 2, 55, 79.33 W, 1410 MHz, 41 %, 61244 MiB
2026/10/03 13:57:22.728, 3, 51, 71.70 W, 1410 MHz, 94 %, 61260 MiB
2026/10/03 13:57:24.728, 0, 57, 75.38 W, 1410 MHz, 82 %, 61244 MiB
2026/10/03 13:57:24.728, 1, 66, 95.55 W, 1410 MHz, 92 %, 61260 MiB
2026/10/03 13:57:24.728, 2, 55, 88.20 W, 1410 MHz, 40 %, 61244 MiB
2026/10/03 13:57:24.729, 3, 52, 70.77 W, 1410 MHz, 93 %, 61260 MiB
2026/10/03 13:57:26.729, 0, 57, 75.47 W, 1410 MHz, 88 %, 61244 MiB
2026/10/03 13:57:26.729, 1, 66, 96.67 W, 1410 MHz, 94 %, 61260 MiB
2026/10/03 13:57:26.730, 2, 55, 89.24 W, 1410 MHz, 39 %, 61244 MiB
2026/10/03 13:57:26.730, 3, 52, 70.30 W, 1410 MHz, 93 %, 61260 MiB
2026/10/03 13:57:28.730, 0, 57, 83.57 W, 1410 MHz, 88 %, 61244 MiB
2026/10/03 13:57:28.730, 1, 66, 109.12 W, 1410 MHz, 76 %, 61260 MiB
2026/10/03 13:57:28.731, 2, 55, 88.21 W, 1410 MHz, 42 %, 61244 MiB
2026/10/03 13:57:28.731, 3, 52, 70.17 W, 1410 MHz, 80 %, 61260 MiB
2026/10/03 13:57:30.731, 0, 57, 78.42 W, 1410 MHz, 38 %, 61244 MiB
2026/10/03 13:57:30.732, 1, 67, 102.04 W, 1410 MHz, 87 %, 61260 MiB
2026/10/03 13:57:30.732, 2, 55, 93.17 W, 1410 MHz, 61 %, 61244 MiB
2026/10/03 13:57:30.732, 3, 52, 70.57 W, 1410 MHz, 74 %, 61260 MiB
2026/10/03 13:57:32.732, 0, 56, 82.68 W, 1410 MHz, 84 %, 61244 MiB
2026/10/03 13:57:32.733, 1, 66, 97.61 W, 1410 MHz, 34 %, 61260 MiB
2026/10/03 13:57:32.733, 2, 55, 85.51 W, 1410 MHz, 86 %, 61244 MiB
2026/10/03 13:57:32.733, 3, 52, 67.95 W, 1410 MHz, 91 %, 61260 MiB
2026/10/03 13:57:34.733, 0, 57, 82.10 W, 1410 MHz, 62 %, 61244 MiB
2026/10/03 13:57:34.734, 1, 66, 100.75 W, 1410 MHz, 87 %, 61260 MiB
2026/10/03 13:57:34.734, 2, 55, 87.85 W, 1410 MHz, 47 %, 61244 MiB
2026/10/03 13:57:34.734, 3, 52, 71.83 W, 1410 MHz, 90 %, 61260 MiB
2026/10/03 13:57:36.734, 0, 57, 78.24 W, 1410 MHz, 33 %, 61244 MiB
2026/10/03 13:57:36.735, 1, 66, 106.99 W, 1410 MHz, 92 %, 61260 MiB
2026/10/03 13:57:36.735, 2, 55, 92.36 W, 1410 MHz, 85 %, 61244 MiB
2026/10/03 13:57:36.735, 3, 52, 70.23 W, 1410 MHz, 79 %, 61260 MiB
2026/10/03 13:57:38.735, 0, 57, 62.32 W, 1410 MHz, 47 %, 61244 MiB
2026/10/03 13:57:38.736, 1, 67, 77.48 W, 1410 MHz, 89 %, 61260 MiB
2026/10/03 13:57:38.736, 2, 55, 66.41 W, 1410 MHz, 53 %, 61244 MiB
2026/10/03 13:57:38.736, 3, 52, 64.03 W, 1410 MHz, 79 %, 61260 MiB
2026/10/03 13:57:40.736, 0, 57, 77.04 W, 1410 MHz, 36 %, 61244 MiB
2026/10/03 13:57:40.737, 1, 67, 103.81 W, 1410 MHz, 79 %, 61260 MiB
2026/10/03 13:57:40.737, 2, 55, 102.90 W, 1410 MHz, 72 %, 61244 MiB
2026/10/03 13:57:40.737, 3, 52, 77.43 W, 1410 MHz, 81 %, 61260 MiB
2026/10/03 13:57:42.737, 0, 57, 81.10 W, 1410 MHz, 33 %, 61244 MiB
2026/10/03 13:57:42.738, 1, 67, 110.70 W, 1410 MHz, 91 %, 61260 MiB
2026/10/03 13:57:42.738, 2, 56, 91.72 W, 1410 MHz, 80 %, 61244 MiB
2026/10/03 13:57:42.738, 3, 52, 73.97 W, 1410 MHz, 82 %, 61260 MiB
2026/10/03 13:57:44.739, 0, 57, 76.03 W, 1410 MHz, 57 %, 61244 MiB
2026/10/03 13:57:44.739, 1, 67, 104.64 W, 1410 MHz, 78 %, 61260 MiB
2026/10/03 13:57:44.739, 2, 55, 98.90 W, 1410 MHz, 72 %, 61244 MiB
2026/10/03 13:57:44.739, 3, 52, 72.04 W, 1410 MHz, 40 %, 61260 MiB
2026/10/03 13:57:46.740, 0, 57, 84.36 W, 1410 MHz, 80 %, 61244 MiB
2026/10/03 13:57:46.740, 1, 67, 108.28 W, 1410 MHz, 92 %, 61260 MiB
2026/10/03 13:57:46.740, 2, 56, 88.85 W, 1410 MHz, 89 %, 61244 MiB
2026/10/03 13:57:46.740, 3, 52, 71.72 W, 1410 MHz, 47 %, 61260 MiB
2026/10/03 13:57:48.741, 0, 57, 77.26 W, 1410 MHz, 78 %, 61244 MiB
2026/10/03 13:57:48.741, 1, 67, 95.95 W, 1410 MHz, 92 %, 61260 MiB
2026/10/03 13:57:48.741, 2, 55, 88.67 W, 1410 MHz, 82 %, 61244 MiB
2026/10/03 13:57:48.741, 3, 52, 69.29 W, 1410 MHz, 47 %, 61260 MiB
2026/10/03 13:57:50.742, 0, 57, 80.97 W, 1410 MHz, 75 %, 61244 MiB
2026/10/03 13:57:50.742, 1, 67, 103.62 W, 1410 MHz, 91 %, 61260 MiB
2026/10/03 13:57:50.742, 2, 56, 88.36 W, 1410 MHz, 81 %, 61244 MiB
2026/10/03 13:57:50.742, 3, 52, 68.51 W, 1410 MHz, 49 %, 61260 MiB
2026/10/03 13:57:52.743, 0, 57, 81.87 W, 1410 MHz, 77 %, 61244 MiB
2026/10/03 13:57:52.743, 1, 67, 101.22 W, 1410 MHz, 92 %, 61260 MiB
2026/10/03 13:57:52.743, 2, 56, 91.21 W, 1410 MHz, 84 %, 61244 MiB
2026/10/03 13:57:52.743, 3, 52, 67.71 W, 1410 MHz, 50 %, 61260 MiB
2026/10/03 13:57:54.744, 0, 57, 83.35 W, 1410 MHz, 56 %, 61244 MiB
2026/10/03 13:57:54.744, 1, 67, 106.06 W, 1410 MHz, 68 %, 61260 MiB
2026/10/03 13:57:54.744, 2, 56, 92.86 W, 1410 MHz, 61 %, 61244 MiB
2026/10/03 13:57:54.745, 3, 52, 69.95 W, 1410 MHz, 36 %, 61260 MiB
2026/10/03 13:57:56.745, 0, 57, 76.75 W, 1410 MHz, 86 %, 61244 MiB
2026/10/03 13:57:56.745, 1, 67, 101.05 W, 1410 MHz, 92 %, 61260 MiB
2026/10/03 13:57:56.745, 2, 56, 85.88 W, 1410 MHz, 81 %, 61244 MiB
2026/10/03 13:57:56.746, 3, 52, 70.37 W, 1410 MHz, 48 %, 61260 MiB
2026/10/03 13:57:58.746, 0, 57, 78.60 W, 1410 MHz, 63 %, 61244 MiB
2026/10/03 13:57:58.746, 1, 67, 104.48 W, 1410 MHz, 72 %, 61260 MiB
2026/10/03 13:57:58.747, 2, 56, 93.43 W, 1410 MHz, 59 %, 61244 MiB
2026/10/03 13:57:58.747, 3, 52, 72.53 W, 1410 MHz, 45 %, 61260 MiB
2026/10/03 13:58:00.747, 0, 57, 78.00 W, 1410 MHz, 83 %, 61244 MiB
2026/10/03 13:58:00.747, 1, 67, 101.77 W, 1410 MHz, 91 %, 61260 MiB
2026/10/03 13:58:00.748, 2, 56, 94.42 W, 1410 MHz, 81 %, 61244 MiB
2026/10/03 13:58:00.748, 3, 52, 68.88 W, 1410 MHz, 47 %, 61260 MiB
2026/10/03 13:58:02.748, 0, 57, 72.96 W, 1410 MHz, 81 %, 61244 MiB
2026/10/03 13:58:02.748, 1, 67, 97.71 W, 1410 MHz, 88 %, 61260 MiB
2026/10/03 13:58:02.749, 2, 56, 97.32 W, 1410 MHz, 87 %, 61244 MiB
2026/10/03 13:58:02.749, 3, 52, 62.48 W, 1410 MHz, 64 %, 61260 MiB
2026/10/03 13:58:04.749, 0, 57, 75.94 W, 1410 MHz, 77 %, 61244 MiB
2026/10/03 13:58:04.750, 1, 67, 105.68 W, 1410 MHz, 91 %, 61260 MiB
2026/10/03 13:58:04.750, 2, 56, 96.81 W, 1410 MHz, 74 %, 61244 MiB
2026/10/03 13:58:04.750, 3, 52, 68.53 W, 1410 MHz, 51 %, 61260 MiB
2026/10/03 13:58:06.751, 0, 57, 78.75 W, 1410 MHz, 79 %, 61244 MiB
2026/10/03 13:58:06.751, 1, 67, 99.11 W, 1410 MHz, 83 %, 61260 MiB
2026/10/03 13:58:06.751, 2, 56, 100.81 W, 1410 MHz, 67 %, 61244 MiB
2026/10/03 13:58:06.751, 3, 52, 71.53 W, 1410 MHz, 40 %, 61260 MiB
2026/10/03 13:58:08.752, 0, 57, 72.64 W, 1410 MHz, 82 %, 61244 MiB
2026/10/03 13:58:08.752, 1, 67, 98.69 W, 1410 MHz, 88 %, 61260 MiB
2026/10/03 13:58:08.752, 2, 56, 83.67 W, 1410 MHz, 92 %, 61244 MiB
2026/10/03 13:58:08.752, 3, 52, 71.26 W, 1410 MHz, 48 %, 61260 MiB
2026/10/03 13:58:10.753, 0, 57, 76.36 W, 1410 MHz, 85 %, 61244 MiB
2026/10/03 13:58:10.753, 1, 68, 97.99 W, 1410 MHz, 93 %, 61260 MiB
2026/10/03 13:58:10.753, 2, 56, 87.48 W, 1410 MHz, 41 %, 61244 MiB
2026/10/03 13:58:10.753, 3, 52, 66.84 W, 1410 MHz, 84 %, 61260 MiB
2026/10/03 13:58:12.754, 0, 57, 80.04 W, 1410 MHz, 72 %, 61244 MiB
2026/10/03 13:58:12.754, 1, 68, 102.75 W, 1410 MHz, 78 %, 61260 MiB
2026/10/03 13:58:12.754, 2, 56, 90.11 W, 1410 MHz, 35 %, 61244 MiB
2026/10/03 13:58:12.755, 3, 52, 74.05 W, 1410 MHz, 61 %, 61260 MiB
2026/10/03 13:58:14.755, 0, 57, 72.56 W, 1410 MHz, 72 %, 61244 MiB
2026/10/03 13:58:14.755, 1, 67, 93.45 W, 1410 MHz, 92 %, 61260 MiB
2026/10/03 13:58:14.756, 2, 56, 87.42 W, 1410 MHz, 51 %, 61244 MiB
2026/10/03 13:58:14.756, 3, 52, 67.90 W, 1410 MHz, 79 %, 61260 MiB
2026/10/03 13:58:16.756, 0, 57, 80.89 W, 1410 MHz, 87 %, 61244 MiB
2026/10/03 13:58:16.756, 1, 67, 103.68 W, 1410 MHz, 93 %, 61260 MiB
2026/10/03 13:58:16.757, 2, 56, 93.52 W, 1410 MHz, 36 %, 61244 MiB
2026/10/03 13:58:16.757, 3, 52, 69.51 W, 1410 MHz, 87 %, 61260 MiB
2026/10/03 13:58:18.757, 0, 57, 74.95 W, 1410 MHz, 79 %, 61244 MiB
2026/10/03 13:58:18.758, 1, 68, 99.45 W, 1410 MHz, 93 %, 61260 MiB
2026/10/03 13:58:18.758, 2, 56, 86.17 W, 1410 MHz, 43 %, 61244 MiB
2026/10/03 13:58:18.758, 3, 52, 66.43 W, 1410 MHz, 73 %, 61260 MiB
2026/10/03 13:58:20.759, 0, 58, 78.29 W, 1410 MHz, 83 %, 61244 MiB
2026/10/03 13:58:20.759, 1, 68, 106.70 W, 1410 MHz, 92 %, 61260 MiB
2026/10/03 13:58:20.759, 2, 56, 89.67 W, 1410 MHz, 45 %, 61244 MiB
2026/10/03 13:58:20.760, 3, 52, 74.49 W, 1410 MHz, 63 %, 61260 MiB
2026/10/03 13:58:22.760, 0, 57, 75.72 W, 1410 MHz, 88 %, 61244 MiB
2026/10/03 13:58:22.760, 1, 68, 101.06 W, 1410 MHz, 93 %, 61260 MiB
2026/10/03 13:58:22.761, 2, 56, 84.02 W, 1410 MHz, 41 %, 61244 MiB
2026/10/03 13:58:22.761, 3, 52, 63.06 W, 1410 MHz, 81 %, 61260 MiB
2026/10/03 13:58:24.761, 0, 58, 78.71 W, 1410 MHz, 87 %, 61244 MiB
2026/10/03 13:58:24.761, 1, 68, 99.66 W, 1410 MHz, 93 %, 61260 MiB
2026/10/03 13:58:24.762, 2, 56, 89.11 W, 1410 MHz, 44 %, 61244 MiB
2026/10/03 13:58:24.762, 3, 52, 70.82 W, 1410 MHz, 70 %, 61260 MiB
2026/10/03 13:58:26.762, 0, 57, 78.86 W, 1410 MHz, 84 %, 61244 MiB
2026/10/03 13:58:26.762, 1, 68, 97.56 W, 1410 MHz, 90 %, 61260 MiB
2026/10/03 13:58:26.763, 2, 56, 80.63 W, 1410 MHz, 38 %, 61244 MiB
2026/10/03 13:58:26.763, 3, 52, 66.54 W, 1410 MHz, 88 %, 61260 MiB
2026/10/03 13:58:28.763, 0, 58, 75.75 W, 1410 MHz, 83 %, 61244 MiB
2026/10/03 13:58:28.764, 1, 68, 106.54 W, 1410 MHz, 94 %, 61260 MiB
2026/10/03 13:58:28.764, 2, 56, 89.31 W, 1410 MHz, 39 %, 61244 MiB
2026/10/03 13:58:28.764, 3, 52, 70.80 W, 1410 MHz, 84 %, 61260 MiB
2026/10/03 13:58:30.764, 0, 58, 76.15 W, 1410 MHz, 87 %, 61244 MiB
2026/10/03 13:58:30.765, 1, 68, 100.33 W, 1410 MHz, 93 %, 61260 MiB
2026/10/03 13:58:30.765, 2, 56, 85.67 W, 1410 MHz, 39 %, 61244 MiB
2026/10/03 13:58:30.765, 3, 52, 69.58 W, 1410 MHz, 87 %, 61260 MiB
2026/10/03 13:58:32.765, 0, 58, 81.04 W, 1410 MHz, 70 %, 61244 MiB
2026/10/03 13:58:32.766, 1, 68, 99.67 W, 1410 MHz, 90 %, 61260 MiB
2026/10/03 13:58:32.766, 2, 56, 86.92 W, 1410 MHz, 84 %, 61244 MiB
2026/10/03 13:58:32.766, 3, 52, 72.71 W, 1410 MHz, 47 %, 61260 MiB
2026/10/03 13:58:34.766, 0, 58, 81.10 W, 1410 MHz, 76 %, 61244 MiB
2026/10/03 13:58:34.767, 1, 68, 107.72 W, 1410 MHz, 91 %, 61260 MiB
2026/10/03 13:58:34.767, 2, 56, 92.06 W, 1410 MHz, 84 %, 61244 MiB
2026/10/03 13:58:34.767, 3, 52, 70.79 W, 1410 MHz, 47 %, 61260 MiB
2026/10/03 13:58:36.767, 0, 58, 79.77 W, 1410 MHz, 82 %, 61244 MiB
2026/10/03 13:58:36.768, 1, 68, 109.40 W, 1410 MHz, 90 %, 61260 MiB
2026/10/03 13:58:36.768, 2, 56, 91.81 W, 1410 MHz, 82 %, 61244 MiB
2026/10/03 13:58:36.768, 3, 52, 70.66 W, 1410 MHz, 48 %, 61260 MiB
2026/10/03 13:58:38.769, 0, 58, 82.39 W, 1410 MHz, 36 %, 61244 MiB
2026/10/03 13:58:38.769, 1, 68, 100.50 W, 1410 MHz, 91 %, 61260 MiB
2026/10/03 13:58:38.769, 2, 56, 93.88 W, 1410 MHz, 85 %, 61244 MiB
2026/10/03 13:58:38.769, 3, 52, 69.09 W, 1410 MHz, 44 %, 61260 MiB
2026/10/03 13:58:40.770, 0, 58, 82.39 W, 1410 MHz, 80 %, 61244 MiB
2026/10/03 13:58:40.770, 1, 68, 99.33 W, 1410 MHz, 91 %, 61260 MiB
2026/10/03 13:58:40.770, 2, 56, 97.17 W, 1410 MHz, 86 %, 61244 MiB
2026/10/03 13:58:40.770, 3, 52, 70.06 W, 1410 MHz, 48 %, 61260 MiB
2026/10/03 13:58:42.771, 0, 58, 80.79 W, 1410 MHz, 81 %, 61244 MiB
2026/10/03 13:58:42.771, 1, 68, 99.16 W, 1410 MHz, 91 %, 61260 MiB
2026/10/03 13:58:42.771, 2, 56, 93.04 W, 1410 MHz, 91 %, 61244 MiB
2026/10/03 13:58:42.771, 3, 52, 69.33 W, 1410 MHz, 48 %, 61260 MiB
2026/10/03 13:58:44.772, 0, 58, 76.86 W, 1410 MHz, 79 %, 61244 MiB
2026/10/03 13:58:44.772, 1, 68, 107.39 W, 1410 MHz, 89 %, 61260 MiB
2026/10/03 13:58:44.772, 2, 56, 89.24 W, 1410 MHz, 87 %, 61244 MiB
2026/10/03 13:58:44.772, 3, 52, 69.04 W, 1410 MHz, 48 %, 61260 MiB
2026/10/03 13:58:46.773, 0, 57, 78.00 W, 1410 MHz, 62 %, 61244 MiB
2026/10/03 13:58:46.773, 1, 68, 104.26 W, 1410 MHz, 92 %, 61260 MiB
2026/10/03 13:58:46.773, 2, 56, 87.15 W, 1410 MHz, 77 %, 61244 MiB
2026/10/03 13:58:46.774, 3, 52, 67.86 W, 1410 MHz, 49 %, 61260 MiB
2026/10/03 13:58:48.774, 0, 58, 78.78 W, 1410 MHz, 73 %, 61244 MiB
2026/10/03 13:58:48.774, 1, 68, 102.69 W, 1410 MHz, 79 %, 61260 MiB
2026/10/03 13:58:48.774, 2, 56, 87.24 W, 1410 MHz, 36 %, 61244 MiB
2026/10/03 13:58:48.775, 3, 52, 77.26 W, 1410 MHz, 63 %, 61260 MiB
2026/10/03 13:58:50.775, 0, 57, 57.71 W, 1410 MHz, 0 %, 61244 MiB
2026/10/03 13:58:50.776, 1, 67, 72.97 W, 1410 MHz, 0 %, 61260 MiB
2026/10/03 13:58:50.776, 2, 55, 62.21 W, 1410 MHz, 0 %, 61244 MiB
2026/10/03 13:58:50.776, 3, 51, 49.56 W, 1410 MHz, 0 %, 61260 MiB
2026/10/03 13:58:52.776, 0, 56, 49.74 W, 1140 MHz, 0 %, 61244 MiB
2026/10/03 13:58:52.777, 1, 65, 53.27 W, 1140 MHz, 0 %, 61260 MiB
2026/10/03 13:58:52.777, 2, 54, 46.03 W, 1140 MHz, 0 %, 61244 MiB
2026/10/03 13:58:52.777, 3, 51, 43.30 W, 1140 MHz, 0 %, 61260 MiB
2026/10/03 13:58:54.777, 0, 57, 75.00 W, 1410 MHz, 82 %, 61246 MiB
2026/10/03 13:58:54.778, 1, 67, 97.41 W, 1410 MHz, 94 %, 61262 MiB
2026/10/03 13:58:54.778, 2, 54, 64.96 W, 1215 MHz, 43 %, 61246 MiB
2026/10/03 13:58:54.778, 3, 51, 72.79 W, 1410 MHz, 87 %, 61262 MiB
2026/10/03 13:58:56.778, 0, 58, 92.21 W, 1410 MHz, 94 %, 61246 MiB
2026/10/03 13:58:56.779, 1, 69, 118.27 W, 1410 MHz, 99 %, 61262 MiB
2026/10/03 13:58:56.779, 2, 56, 64.59 W, 1410 MHz, 97 %, 61246 MiB
2026/10/03 13:58:56.779, 3, 53, 89.14 W, 1410 MHz, 97 %, 61262 MiB
2026/10/03 13:58:58.779, 0, 58, 80.29 W, 1410 MHz, 90 %, 61266 MiB
2026/10/03 13:58:58.780, 1, 68, 99.81 W, 1410 MHz, 91 %, 61282 MiB
2026/10/03 13:58:58.780, 2, 55, 94.78 W, 1410 MHz, 39 %, 61266 MiB
2026/10/03 13:58:58.780, 3, 52, 72.39 W, 1410 MHz, 92 %, 61282 MiB
2026/10/03 13:59:00.780, 0, 57, 74.65 W, 1410 MHz, 89 %, 61266 MiB
2026/10/03 13:59:00.781, 1, 68, 97.51 W, 1410 MHz, 91 %, 61282 MiB
2026/10/03 13:59:00.781, 2, 55, 80.73 W, 1320 MHz, 40 %, 61266 MiB
2026/10/03 13:59:00.781, 3, 52, 67.65 W, 1410 MHz, 91 %, 61282 MiB
2026/10/03 13:59:02.781, 0, 58, 77.58 W, 1410 MHz, 86 %, 61266 MiB
2026/10/03 13:59:02.782, 1, 68, 103.95 W, 1410 MHz, 89 %, 61282 MiB
2026/10/03 13:59:02.782, 2, 55, 85.72 W, 1380 MHz, 40 %, 61266 MiB
2026/10/03 13:59:02.782, 3, 52, 75.68 W, 1410 MHz, 90 %, 61282 MiB
2026/10/03 13:59:04.783, 0, 58, 80.79 W, 1410 MHz, 88 %, 61266 MiB
2026/10/03 13:59:04.783, 1, 68, 104.99 W, 1410 MHz, 92 %, 61282 MiB
2026/10/03 13:59:04.783, 2, 55, 87.73 W, 1410 MHz, 39 %, 61266 MiB
2026/10/03 13:59:04.783, 3, 52, 69.01 W, 1410 MHz, 92 %, 61282 MiB
2026/10/03 13:59:06.784, 0, 58, 91.79 W, 1410 MHz, 71 %, 61266 MiB
2026/10/03 13:59:06.784, 1, 68, 104.21 W, 1410 MHz, 90 %, 61282 MiB
2026/10/03 13:59:06.784, 2, 56, 102.78 W, 1410 MHz, 56 %, 61266 MiB
2026/10/03 13:59:06.785, 3, 52, 80.54 W, 1410 MHz, 85 %, 61282 MiB
2026/10/03 13:59:08.785, 0, 58, 81.50 W, 1410 MHz, 60 %, 61266 MiB
2026/10/03 13:59:08.785, 1, 68, 107.64 W, 1410 MHz, 54 %, 61282 MiB
2026/10/03 13:59:08.786, 2, 56, 91.65 W, 1410 MHz, 35 %, 61266 MiB
2026/10/03 13:59:08.786, 3, 52, 73.20 W, 1410 MHz, 49 %, 61282 MiB
2026/10/03 13:59:10.787, 0, 58, 83.61 W, 1410 MHz, 87 %, 61266 MiB
2026/10/03 13:59:10.787, 1, 68, 107.57 W, 1410 MHz, 88 %, 61282 MiB
2026/10/03 13:59:10.787, 2, 56, 90.24 W, 1410 MHz, 48 %, 61266 MiB
2026/10/03 13:59:10.788, 3, 52, 74.87 W, 1410 MHz, 62 %, 61282 MiB
2026/10/03 13:59:12.788, 0, 58, 82.84 W, 1410 MHz, 80 %, 61266 MiB
2026/10/03 13:59:12.789, 1, 68, 100.21 W, 1410 MHz, 67 %, 61282 MiB
2026/10/03 13:59:12.789, 2, 56, 90.75 W, 1410 MHz, 80 %, 61266 MiB
2026/10/03 13:59:12.789, 3, 52, 73.16 W, 1410 MHz, 54 %, 61282 MiB
2026/10/03 13:59:14.790, 0, 58, 84.87 W, 1410 MHz, 87 %, 61266 MiB
2026/10/03 13:59:14.790, 1, 68, 110.53 W, 1410 MHz, 83 %, 61282 MiB
2026/10/03 13:59:14.790, 2, 56, 101.23 W, 1410 MHz, 85 %, 61266 MiB
2026/10/03 13:59:14.791, 3, 52, 74.91 W, 1410 MHz, 61 %, 61282 MiB
2026/10/03 13:59:16.791, 0, 58, 98.80 W, 1410 MHz, 60 %, 61266 MiB
2026/10/03 13:59:16.792, 1, 68, 111.38 W, 1410 MHz, 86 %, 61282 MiB
2026/10/03 13:59:16.792, 2, 57, 101.62 W, 1410 MHz, 86 %, 61266 MiB
2026/10/03 13:59:16.792, 3, 52, 76.25 W, 1410 MHz, 55 %, 61282 MiB
2026/10/03 13:59:18.793, 0, 58, 82.15 W, 1410 MHz, 85 %, 61266 MiB
2026/10/03 13:59:18.793, 1, 68, 101.62 W, 1410 MHz, 86 %, 61282 MiB
2026/10/03 13:59:18.794, 2, 56, 89.96 W, 1410 MHz, 75 %, 61266 MiB
2026/10/03 13:59:18.794, 3, 52, 70.97 W, 1410 MHz, 55 %, 61282 MiB
2026/10/03 13:59:20.794, 0, 58, 85.27 W, 1410 MHz, 49 %, 61266 MiB
2026/10/03 13:59:20.795, 1, 68, 106.60 W, 1410 MHz, 65 %, 61282 MiB
2026/10/03 13:59:20.795, 2, 56, 94.43 W, 1410 MHz, 83 %, 61266 MiB
2026/10/03 13:59:20.795, 3, 52, 76.41 W, 1410 MHz, 59 %, 61282 MiB
2026/10/03 13:59:22.796, 0, 58, 82.64 W, 1410 MHz, 87 %, 61266 MiB
2026/10/03 13:59:22.796, 1, 68, 116.82 W, 1410 MHz, 55 %, 61282 MiB
2026/10/03 13:59:22.797, 2, 56, 94.79 W, 1410 MHz, 78 %, 61266 MiB
2026/10/03 13:59:22.797, 3, 52, 74.93 W, 1410 MHz, 58 %, 61282 MiB
2026/10/03 13:59:24.797, 0, 58, 76.83 W, 1410 MHz, 88 %, 61266 MiB
2026/10/03 13:59:24.798, 1, 68, 103.52 W, 1410 MHz, 87 %, 61282 MiB
2026/10/03 13:59:24.798, 2, 56, 82.81 W, 1410 MHz, 63 %, 61266 MiB
2026/10/03 13:59:24.798, 3, 52, 77.57 W, 1410 MHz, 68 %, 61282 MiB
2026/10/03 13:59:26.799, 0, 58, 80.85 W, 1410 MHz, 31 %, 61266 MiB
2026/10/03 13:59:26.799, 1, 68, 105.33 W, 1410 MHz, 38 %, 61282 MiB
2026/10/03 13:59:26.800, 2, 56, 96.15 W, 1410 MHz, 30 %, 61266 MiB
2026/10/03 13:59:26.800, 3, 52, 75.17 W, 1410 MHz, 11 %, 61282 MiB
2026/10/03 13:59:28.800, 0, 58, 79.38 W, 1410 MHz, 87 %, 61266 MiB
2026/10/03 13:59:28.801, 1, 68, 107.50 W, 1410 MHz, 81 %, 61282 MiB
2026/10/03 13:59:28.801, 2, 56, 105.72 W, 1410 MHz, 57 %, 61266 MiB
2026/10/03 13:59:28.802, 3, 52, 69.95 W, 1410 MHz, 68 %, 61282 MiB
2026/10/03 13:59:30.802, 0, 58, 80.66 W, 1410 MHz, 81 %, 61266 MiB
2026/10/03 13:59:30.803, 1, 68, 107.78 W, 1410 MHz, 73 %, 61282 MiB
2026/10/03 13:59:30.803, 2, 56, 98.85 W, 1410 MHz, 79 %, 61266 MiB
2026/10/03 13:59:30.803, 3, 52, 70.88 W, 1410 MHz, 59 %, 61282 MiB
2026/10/03 13:59:32.804, 0, 58, 83.19 W, 1410 MHz, 80 %, 61266 MiB
2026/10/03 13:59:32.804, 1, 69, 111.98 W, 1410 MHz, 81 %, 61282 MiB
2026/10/03 13:59:32.804, 2, 57, 97.30 W, 1410 MHz, 75 %, 61266 MiB
2026/10/03 13:59:32.805, 3, 52, 76.65 W, 1410 MHz, 61 %, 61282 MiB
2026/10/03 13:59:34.805, 0, 58, 85.07 W, 1410 MHz, 64 %, 61266 MiB
2026/10/03 13:59:34.806, 1, 69, 100.85 W, 1410 MHz, 66 %, 61282 MiB
2026/10/03 13:59:34.806, 2, 57, 92.33 W, 1410 MHz, 48 %, 61266 MiB
2026/10/03 13:59:34.806, 3, 52, 73.60 W, 1410 MHz, 42 %, 61282 MiB
2026/10/03 13:59:36.807, 0, 58, 80.65 W, 1410 MHz, 79 %, 61266 MiB
2026/10/03 13:59:36.807, 1, 68, 103.73 W, 1410 MHz, 85 %, 61282 MiB
2026/10/03 13:59:36.808, 2, 56, 63.73 W, 1410 MHz, 59 %, 61266 MiB
2026/10/03 13:59:36.808, 3, 52, 70.03 W, 1410 MHz, 62 %, 61282 MiB
2026/10/03 13:59:38.808, 0, 58, 78.23 W, 1410 MHz, 64 %, 61266 MiB
2026/10/03 13:59:38.809, 1, 68, 97.10 W, 1410 MHz, 59 %, 61282 MiB
2026/10/03 13:59:38.809, 2, 57, 98.06 W, 1410 MHz, 63 %, 61266 MiB
2026/10/03 13:59:38.809, 3, 52, 70.44 W, 1410 MHz, 53 %, 61282 MiB
2026/10/03 13:59:40.810, 0, 58, 87.90 W, 1410 MHz, 53 %, 61266 MiB
2026/10/03 13:59:40.810, 1, 68, 110.03 W, 1410 MHz, 54 %, 61282 MiB
2026/10/03 13:59:40.811, 2, 57, 106.68 W, 1410 MHz, 49 %, 61266 MiB
2026/10/03 13:59:40.811, 3, 52, 69.66 W, 1410 MHz, 35 %, 61282 MiB
2026/10/03 13:59:42.811, 0, 58, 78.45 W, 1410 MHz, 84 %, 61266 MiB
2026/10/03 13:59:42.812, 1, 68, 110.75 W, 1410 MHz, 72 %, 61282 MiB
2026/10/03 13:59:42.812, 2, 56, 93.38 W, 1410 MHz, 60 %, 61266 MiB
2026/10/03 13:59:42.812, 3, 52, 68.21 W, 1410 MHz, 67 %, 61282 MiB
2026/10/03 13:59:44.813, 0, 58, 60.58 W, 1410 MHz, 73 %, 61266 MiB
2026/10/03 13:59:44.813, 1, 68, 86.36 W, 1410 MHz, 69 %, 61282 MiB
2026/10/03 13:59:44.814, 2, 56, 66.52 W, 1410 MHz, 80 %, 61266 MiB
2026/10/03 13:59:44.814, 3, 52, 71.74 W, 1410 MHz, 56 %, 61282 MiB
2026/10/03 13:59:46.814, 0, 58, 79.24 W, 1410 MHz, 71 %, 61266 MiB
2026/10/03 13:59:46.815, 1, 68, 105.39 W, 1410 MHz, 63 %, 61282 MiB
2026/10/03 13:59:46.815, 2, 57, 87.34 W, 1410 MHz, 70 %, 61266 MiB
2026/10/03 13:59:46.815, 3, 52, 66.82 W, 1410 MHz, 33 %, 61282 MiB
2026/10/03 13:59:48.816, 0, 58, 80.28 W, 1410 MHz, 93 %, 61266 MiB
2026/10/03 13:59:48.816, 1, 68, 101.57 W, 1410 MHz, 92 %, 61282 MiB
2026/10/03 13:59:48.817, 2, 57, 94.79 W, 1410 MHz, 91 %, 61266 MiB
2026/10/03 13:59:48.817, 3, 52, 68.30 W, 1410 MHz, 33 %, 61282 MiB
2026/10/03 13:59:50.817, 0, 58, 62.46 W, 1410 MHz, 90 %, 61266 MiB
2026/10/03 13:59:50.818, 1, 68, 93.32 W, 1410 MHz, 91 %, 61282 MiB
2026/10/03 13:59:50.818, 2, 56, 68.63 W, 1410 MHz, 90 %, 61266 MiB
2026/10/03 13:59:50.819, 3, 52, 65.74 W, 1410 MHz, 45 %, 61282 MiB
2026/10/03 13:59:52.819, 0, 58, 81.69 W, 1410 MHz, 71 %, 61266 MiB
2026/10/03 13:59:52.820, 1, 68, 101.22 W, 1410 MHz, 70 %, 61282 MiB
2026/10/03 13:59:52.820, 2, 57, 89.17 W, 1410 MHz, 70 %, 61266 MiB
2026/10/03 13:59:52.820, 3, 52, 75.66 W, 1410 MHz, 41 %, 61282 MiB
2026/10/03 13:59:54.821, 0, 58, 82.48 W, 1410 MHz, 74 %, 61266 MiB
2026/10/03 13:59:54.821, 1, 68, 101.38 W, 1410 MHz, 74 %, 61282 MiB
2026/10/03 13:59:54.821, 2, 57, 93.65 W, 1410 MHz, 75 %, 61266 MiB
2026/10/03 13:59:54.822, 3, 52, 69.88 W, 1410 MHz, 40 %, 61282 MiB
2026/10/03 13:59:56.822, 0, 58, 74.45 W, 1410 MHz, 87 %, 61266 MiB
2026/10/03 13:59:56.823, 1, 68, 109.80 W, 1410 MHz, 92 %, 61282 MiB
2026/10/03 13:59:56.823, 2, 56, 92.52 W, 1410 MHz, 79 %, 61266 MiB
2026/10/03 13:59:56.823, 3, 52, 68.30 W, 1410 MHz, 44 %, 61282 MiB
2026/10/03 13:59:58.824, 0, 58, 73.41 W, 1410 MHz, 91 %, 61266 MiB
2026/10/03 13:59:58.824, 1, 68, 92.48 W, 1410 MHz, 91 %, 61282 MiB
2026/10/03 13:59:58.824, 2, 56, 84.56 W, 1410 MHz, 61 %, 61266 MiB
2026/10/03 13:59:58.825, 3, 52, 67.92 W, 1410 MHz, 27 %, 61282 MiB
2026/10/03 14:00:00.825, 0, 58, 81.68 W, 1410 MHz, 86 %, 61266 MiB
2026/10/03 14:00:00.826, 1, 68, 99.12 W, 1410 MHz, 85 %, 61282 MiB
2026/10/03 14:00:00.826, 2, 56, 98.71 W, 1410 MHz, 73 %, 61266 MiB
2026/10/03 14:00:00.826, 3, 52, 63.56 W, 1410 MHz, 47 %, 61282 MiB
2026/10/03 14:00:02.826, 0, 58, 57.99 W, 1410 MHz, 84 %, 61266 MiB
2026/10/03 14:00:02.827, 1, 68, 73.92 W, 1410 MHz, 84 %, 61282 MiB
2026/10/03 14:00:02.827, 2, 56, 66.43 W, 1410 MHz, 56 %, 61266 MiB
2026/10/03 14:00:02.828, 3, 52, 70.50 W, 1410 MHz, 68 %, 61282 MiB
2026/10/03 14:00:04.828, 0, 58, 85.08 W, 1410 MHz, 52 %, 61266 MiB
2026/10/03 14:00:04.829, 1, 68, 106.96 W, 1410 MHz, 46 %, 61282 MiB
2026/10/03 14:00:04.829, 2, 56, 93.60 W, 1410 MHz, 41 %, 61266 MiB
2026/10/03 14:00:04.829, 3, 52, 74.07 W, 1410 MHz, 50 %, 61282 MiB
2026/10/03 14:00:06.829, 0, 59, 80.04 W, 1410 MHz, 75 %, 61266 MiB
2026/10/03 14:00:06.830, 1, 68, 99.54 W, 1410 MHz, 70 %, 61282 MiB
2026/10/03 14:00:06.830, 2, 57, 90.52 W, 1410 MHz, 70 %, 61266 MiB
2026/10/03 14:00:06.830, 3, 52, 71.41 W, 1410 MHz, 48 %, 61282 MiB
2026/10/03 14:00:08.831, 0, 58, 90.50 W, 1410 MHz, 69 %, 61266 MiB
2026/10/03 14:00:08.831, 1, 68, 97.40 W, 1410 MHz, 85 %, 61282 MiB
2026/10/03 14:00:08.832, 2, 56, 97.77 W, 1410 MHz, 61 %, 61266 MiB
2026/10/03 14:00:08.832, 3, 52, 68.41 W, 1410 MHz, 63 %, 61282 MiB
2026/10/03 14:00:10.832, 0, 59, 82.17 W, 1410 MHz, 50 %, 61266 MiB
2026/10/03 14:00:10.833, 1, 68, 102.36 W, 1410 MHz, 58 %, 61282 MiB
2026/10/03 14:00:10.833, 2, 57, 94.35 W, 1410 MHz, 52 %, 61266 MiB
2026/10/03 14:00:10.833, 3, 52, 72.00 W, 1410 MHz, 42 %, 61282 MiB
2026/10/03 14:00:12.833, 0, 59, 85.58 W, 1410 MHz, 86 %, 61266 MiB
2026/10/03 14:00:12.834, 1, 68, 103.12 W, 1410 MHz, 90 %, 61282 MiB
2026/10/03 14:00:12.834, 2, 57, 96.24 W, 1410 MHz, 84 %, 61266 MiB
2026/10/03 14:00:12.834, 3, 52, 75.71 W, 1410 MHz, 46 %, 61282 MiB
2026/10/03 14:00:14.835, 0, 59, 75.55 W, 1410 MHz, 58 %, 61266 MiB
2026/10/03 14:00:14.835, 1, 69, 114.86 W, 1410 MHz, 56 %, 61282 MiB
2026/10/03 14:00:14.835, 2, 57, 93.77 W, 1410 MHz, 34 %, 61266 MiB
2026/10/03 14:00:14.836, 3, 52, 70.14 W, 1410 MHz, 85 %, 61282 MiB
2026/10/03 14:00:16.836, 0, 58, 57.97 W, 1410 MHz, 89 %, 61266 MiB
2026/10/03 14:00:16.836, 1, 68, 73.84 W, 1410 MHz, 82 %, 61282 MiB
2026/10/03 14:00:16.837, 2, 56, 99.68 W, 1410 MHz, 50 %, 61266 MiB
2026/10/03 14:00:16.837, 3, 52, 50.88 W, 1410 MHz, 88 %, 61282 MiB
2026/10/03 14:00:18.837, 0, 59, 77.00 W, 1410 MHz, 61 %, 61266 MiB
2026/10/03 14:00:18.838, 1, 69, 116.30 W, 1410 MHz, 75 %, 61282 MiB
2026/10/03 14:00:18.838, 2, 57, 89.13 W, 1410 MHz, 49 %, 61266 MiB
2026/10/03 14:00:18.838, 3, 52, 78.15 W, 1410 MHz, 42 %, 61282 MiB
2026/10/03 14:00:20.839, 0, 59, 82.93 W, 1410 MHz, 36 %, 61266 MiB
2026/10/03 14:00:20.839, 1, 69, 104.56 W, 1410 MHz, 64 %, 61282 MiB
2026/10/03 14:00:20.839, 2, 57, 97.67 W, 1410 MHz, 59 %, 61266 MiB
2026/10/03 14:00:20.840, 3, 52, 77.85 W, 1410 MHz, 88 %, 61282 MiB
2026/10/03 14:00:22.840, 0, 58, 58.44 W, 1410 MHz, 71 %, 61266 MiB
2026/10/03 14:00:22.840, 1, 68, 73.17 W, 1410 MHz, 81 %, 61282 MiB
2026/10/03 14:00:22.841, 2, 56, 62.89 W, 1410 MHz, 47 %, 61266 MiB
2026/10/03 14:00:22.841, 3, 52, 50.02 W, 1410 MHz, 33 %, 61282 MiB
2026/10/03 14:00:24.841, 0, 58, 57.87 W, 1410 MHz, 91 %, 61266 MiB
2026/10/03 14:00:24.842, 1, 68, 74.31 W, 1410 MHz, 90 %, 61282 MiB
2026/10/03 14:00:24.842, 2, 56, 62.89 W, 1410 MHz, 43 %, 61266 MiB
2026/10/03 14:00:24.842, 3, 52, 51.17 W, 1410 MHz, 91 %, 61282 MiB
2026/10/03 14:00:26.843, 0, 58, 58.44 W, 1410 MHz, 91 %, 61266 MiB
2026/10/03 14:00:26.843, 1, 68, 79.29 W, 1410 MHz, 94 %, 61282 MiB
2026/10/03 14:00:26.844, 2, 56, 63.27 W, 1410 MHz, 41 %, 61266 MiB
2026/10/03 14:00:26.844, 3, 52, 57.01 W, 1410 MHz, 93 %, 61282 MiB
2026/10/03 14:00:28.844, 0, 59, 86.38 W, 1410 MHz, 92 %, 61266 MiB
2026/10/03 14:00:28.845, 1, 68, 108.30 W, 1410 MHz, 88 %, 61282 MiB
2026/10/03 14:00:28.845, 2, 56, 95.37 W, 1410 MHz, 41 %, 61266 MiB
2026/10/03 14:00:28.845, 3, 52, 72.84 W, 1410 MHz, 62 %, 61282 MiB
2026/10/03 14:00:30.846, 0, 58, 82.46 W, 1410 MHz, 18 %, 61266 MiB
2026/10/03 14:00:30.846, 1, 68, 113.42 W, 1410 MHz, 30 %, 61282 MiB
2026/10/03 14:00:30.847, 2, 56, 93.85 W, 1410 MHz, 8 %, 61266 MiB
2026/10/03 14:00:30.847, 3, 52, 71.54 W, 1410 MHz, 79 %, 61282 MiB
2026/10/03 14:00:32.847, 0, 59, 78.68 W, 1410 MHz, 86 %, 61266 MiB
2026/10/03 14:00:32.848, 1, 68, 102.74 W, 1410 MHz, 71 %, 61282 MiB
2026/10/03 14:00:32.848, 2, 56, 92.99 W, 1410 MHz, 39 %, 61266 MiB
2026/10/03 14:00:32.848, 3, 52, 73.78 W, 1410 MHz, 24 %, 61282 MiB
2026/10/03 14:00:34.849, 0, 58, 78.10 W, 1410 MHz, 94 %, 61266 MiB
2026/10/03 14:00:34.849, 1, 68, 94.60 W, 1410 MHz, 94 %, 61282 MiB
2026/10/03 14:00:34.850, 2, 56, 85.07 W, 1410 MHz, 41 %, 61266 MiB
2026/10/03 14:00:34.850, 3, 52, 74.12 W, 1410 MHz, 62 %, 61282 MiB
2026/10/03 14:00:36.850, 0, 58, 84.00 W, 1410 MHz, 90 %, 61266 MiB
2026/10/03 14:00:36.851, 1, 68, 99.08 W, 1410 MHz, 87 %, 61282 MiB
2026/10/03 14:00:36.851, 2, 56, 90.43 W, 1410 MHz, 82 %, 61266 MiB
2026/10/03 14:00:36.851, 3, 52, 71.94 W, 1410 MHz, 87 %, 61282 MiB
2026/10/03 14:00:38.852, 0, 59, 73.74 W, 1410 MHz, 88 %, 61266 MiB
2026/10/03 14:00:38.852, 1, 68, 102.22 W, 1410 MHz, 88 %, 61282 MiB
2026/10/03 14:00:38.853, 2, 56, 84.49 W, 1410 MHz, 40 %, 61266 MiB
2026/10/03 14:00:38.853, 3, 52, 74.48 W, 1410 MHz, 93 %, 61282 MiB
2026/10/03 14:00:40.853, 0, 59, 81.43 W, 1410 MHz, 75 %, 61266 MiB
2026/10/03 14:00:40.854, 1, 68, 100.05 W, 1410 MHz, 75 %, 61282 MiB
2026/10/03 14:00:40.854, 2, 56, 82.89 W, 1365 MHz, 35 %, 61266 MiB
2026/10/03 14:00:40.855, 3, 52, 72.66 W, 1410 MHz, 74 %, 61282 MiB
2026/10/03 14:00:42.855, 0, 59, 79.95 W, 1410 MHz, 91 %, 61266 MiB
2026/10/03 14:00:42.855, 1, 68, 97.40 W, 1410 MHz, 92 %, 61282 MiB
2026/10/03 14:00:42.856, 2, 56, 95.29 W, 1410 MHz, 40 %, 61266 MiB
2026/10/03 14:00:42.856, 3, 52, 67.01 W, 1410 MHz, 93 %, 61282 MiB
2026/10/03 14:00:44.856, 0, 59, 76.81 W, 1410 MHz, 90 %, 61266 MiB
2026/10/03 14:00:44.857, 1, 68, 100.12 W, 1410 MHz, 90 %, 61282 MiB
2026/10/03 14:00:44.857, 2, 56, 86.91 W, 1410 MHz, 36 %, 61266 MiB
2026/10/03 14:00:44.858, 3, 52, 68.61 W, 1410 MHz, 89 %, 61282 MiB
2026/10/03 14:00:46.858, 0, 59, 78.81 W, 1410 MHz, 90 %, 61266 MiB
2026/10/03 14:00:46.859, 1, 68, 103.27 W, 1410 MHz, 92 %, 61282 MiB
2026/10/03 14:00:46.859, 2, 56, 86.96 W, 1380 MHz, 40 %, 61266 MiB
2026/10/03 14:00:46.860, 3, 52, 72.29 W, 1410 MHz, 94 %, 61282 MiB
2026/10/03 14:00:48.860, 0, 59, 83.52 W, 1410 MHz, 88 %, 61266 MiB
2026/10/03 14:00:48.861, 1, 68, 104.20 W, 1410 MHz, 90 %, 61282 MiB
2026/10/03 14:00:48.861, 2, 56, 89.71 W, 1335 MHz, 39 %, 61266 MiB
2026/10/03 14:00:48.861, 3, 52, 73.94 W, 1410 MHz, 57 %, 61282 MiB
2026/10/03 14:00:50.862, 0, 59, 78.51 W, 1410 MHz, 94 %, 61266 MiB
2026/10/03 14:00:50.862, 1, 68, 91.96 W, 1410 MHz, 89 %, 61282 MiB
2026/10/03 14:00:50.863, 2, 56, 81.30 W, 1380 MHz, 40 %, 61266 MiB
2026/10/03 14:00:50.863, 3, 52, 67.68 W, 1410 MHz, 92 %, 61282 MiB
2026/10/03 14:00:52.863, 0, 59, 80.18 W, 1410 MHz, 90 %, 61266 MiB
2026/10/03 14:00:52.864, 1, 68, 105.03 W, 1410 MHz, 91 %, 61282 MiB
2026/10/03 14:00:52.864, 2, 56, 92.48 W, 1410 MHz, 40 %, 61266 MiB
2026/10/03 14:00:52.865, 3, 52, 73.30 W, 1410 MHz, 89 %, 61282 MiB
2026/10/03 14:00:54.865, 0, 58, 76.36 W, 1410 MHz, 93 %, 61266 MiB
2026/10/03 14:00:54.865, 1, 68, 106.04 W, 1410 MHz, 94 %, 61282 MiB
2026/10/03 14:00:54.866, 2, 56, 88.68 W, 1410 MHz, 42 %, 61266 MiB
2026/10/03 14:00:54.866, 3, 52, 72.09 W, 1410 MHz, 94 %, 61282 MiB
2026/10/03 14:00:56.866, 0, 59, 79.80 W, 1410 MHz, 69 %, 61266 MiB
2026/10/03 14:00:56.867, 1, 68, 102.66 W, 1410 MHz, 80 %, 61282 MiB
2026/10/03 14:00:56.867, 2, 56, 89.66 W, 1410 MHz, 33 %, 61266 MiB
2026/10/03 14:00:56.868, 3, 52, 71.30 W, 1410 MHz, 71 %, 61282 MiB
2026/10/03 14:00:58.868, 0, 59, 78.85 W, 1410 MHz, 56 %, 61266 MiB
2026/10/03 14:00:58.869, 1, 68, 102.91 W, 1410 MHz, 56 %, 61282 MiB
2026/10/03 14:00:58.869, 2, 56, 94.87 W, 1410 MHz, 27 %, 61266 MiB
2026/10/03 14:00:58.869, 3, 52, 73.34 W, 1410 MHz, 63 %, 61282 MiB
2026/10/03 14:01:00.870, 0, 59, 82.90 W, 1410 MHz, 89 %, 61266 MiB
2026/10/03 14:01:00.870, 1, 69, 79.34 W, 1410 MHz, 93 %, 61282 MiB
2026/10/03 14:01:00.870, 2, 56, 91.68 W, 1410 MHz, 39 %, 61266 MiB
2026/10/03 14:01:00.871, 3, 52, 53.95 W, 1410 MHz, 88 %, 61282 MiB
2026/10/03 14:01:02.871, 0, 59, 82.20 W, 1410 MHz, 91 %, 61266 MiB
2026/10/03 14:01:02.872, 1, 69, 106.35 W, 1410 MHz, 89 %, 61282 MiB
2026/10/03 14:01:02.872, 2, 56, 103.26 W, 1410 MHz, 41 %, 61266 MiB
2026/10/03 14:01:02.872, 3, 52, 74.59 W, 1410 MHz, 93 %, 61282 MiB
2026/10/03 14:01:04.873, 0, 59, 81.47 W, 1410 MHz, 83 %, 61266 MiB
2026/10/03 14:01:04.873, 1, 69, 99.09 W, 1410 MHz, 83 %, 61282 MiB
2026/10/03 14:01:04.873, 2, 56, 90.08 W, 1410 MHz, 40 %, 61266 MiB
2026/10/03 14:01:04.874, 3, 52, 67.83 W, 1410 MHz, 80 %, 61282 MiB
2026/10/03 14:01:06.874, 0, 59, 80.45 W, 1410 MHz, 76 %, 61266 MiB
2026/10/03 14:01:06.875, 1, 68, 103.35 W, 1410 MHz, 89 %, 61282 MiB
2026/10/03 14:01:06.875, 2, 56, 91.50 W, 1410 MHz, 38 %, 61266 MiB
2026/10/03 14:01:06.875, 3, 52, 76.16 W, 1410 MHz, 90 %, 61282 MiB
2026/10/03 14:01:08.876, 0, 59, 83.13 W, 1410 MHz, 86 %, 61266 MiB
2026/10/03 14:01:08.876, 1, 69, 104.89 W, 1410 MHz, 89 %, 61282 MiB
2026/10/03 14:01:08.876, 2, 56, 90.41 W, 1410 MHz, 45 %, 61266 MiB
2026/10/03 14:01:08.877, 3, 52, 67.07 W, 1410 MHz, 86 %, 61282 MiB
2026/10/03 14:01:10.877, 0, 58, 57.99 W, 1410 MHz, 87 %, 61266 MiB
2026/10/03 14:01:10.877, 1, 68, 74.43 W, 1410 MHz, 91 %, 61282 MiB
2026/10/03 14:01:10.878, 2, 56, 82.88 W, 1410 MHz, 43 %, 61266 MiB
2026/10/03 14:01:10.878, 3, 52, 50.60 W, 1410 MHz, 93 %, 61282 MiB
2026/10/03 14:01:12.878, 0, 59, 81.85 W, 1410 MHz, 88 %, 61266 MiB
2026/10/03 14:01:12.879, 1, 68, 103.00 W, 1410 MHz, 92 %, 61282 MiB
2026/10/03 14:01:12.879, 2, 56, 87.00 W, 1410 MHz, 43 %, 61266 MiB
2026/10/03 14:01:12.879, 3, 52, 75.36 W, 1410 MHz, 93 %, 61282 MiB
2026/10/03 14:01:14.880, 0, 58, 60.28 W, 1410 MHz, 88 %, 61266 MiB
2026/10/03 14:01:14.880, 1, 68, 73.07 W, 1410 MHz, 93 %, 61282 MiB
2026/10/03 14:01:14.881, 2, 56, 67.01 W, 1410 MHz, 43 %, 61266 MiB
2026/10/03 14:01:14.881, 3, 52, 49.75 W, 1410 MHz, 92 %, 61282 MiB
2026/10/03 14:01:16.881, 0, 59, 80.59 W, 1410 MHz, 58 %, 61266 MiB
2026/10/03 14:01:16.882, 1, 68, 97.27 W, 1410 MHz, 93 %, 61282 MiB
2026/10/03 14:01:16.882, 2, 56, 94.31 W, 1410 MHz, 27 %, 61266 MiB
2026/10/03 14:01:16.882, 3, 52, 69.11 W, 1410 MHz, 89 %, 61282 MiB
2026/10/03 14:01:18.883, 0, 58, 58.36 W, 1410 MHz, 92 %, 61266 MiB
2026/10/03 14:01:18.883, 1, 68, 73.37 W, 1410 MHz, 47 %, 61282 MiB
2026/10/03 14:01:18.883, 2, 55, 62.20 W, 1410 MHz, 42 %, 61266 MiB
2026/10/03 14:01:18.884, 3, 52, 49.93 W, 1410 MHz, 90 %, 61282 MiB
2026/10/03 14:01:20.884, 0, 59, 85.63 W, 1410 MHz, 67 %, 61266 MiB
2026/10/03 14:01:20.885, 1, 68, 102.94 W, 1410 MHz, 29 %, 61282 MiB
2026/10/03 14:01:20.885, 2, 56, 97.43 W, 1410 MHz, 32 %, 61266 MiB
2026/10/03 14:01:20.885, 3, 52, 72.99 W, 1410 MHz, 34 %, 61282 MiB
2026/10/03 14:01:22.886, 0, 59, 83.65 W, 1410 MHz, 92 %, 61266 MiB
2026/10/03 14:01:22.886, 1, 68, 105.94 W, 1410 MHz, 93 %, 61282 MiB
2026/10/03 14:01:22.887, 2, 56, 98.22 W, 1410 MHz, 44 %, 61266 MiB
2026/10/03 14:01:22.887, 3, 52, 80.56 W, 1410 MHz, 76 %, 61282 MiB
2026/10/03 14:01:24.887, 0, 59, 85.87 W, 1410 MHz, 61 %, 61266 MiB
2026/10/03 14:01:24.888, 1, 68, 110.75 W, 1410 MHz, 66 %, 61282 MiB
2026/10/03 14:01:24.888, 2, 56, 95.59 W, 1410 MHz, 32 %, 61266 MiB
2026/10/03 14:01:24.888, 3, 52, 77.44 W, 1410 MHz, 60 %, 61282 MiB
2026/10/03 14:01:26.889, 0, 59, 81.74 W, 1410 MHz, 30 %, 61266 MiB
2026/10/03 14:01:26.890, 1, 69, 111.72 W, 1410 MHz, 28 %, 61282 MiB
2026/10/03 14:01:26.890, 2, 56, 93.29 W, 1410 MHz, 16 %, 61266 MiB
2026/10/03 14:01:26.890, 3, 52, 74.57 W, 1410 MHz, 56 %, 61282 MiB
2026/10/03 14:01:28.891, 0, 59, 87.88 W, 1410 MHz, 26 %, 61266 MiB
2026/10/03 14:01:28.891, 1, 69, 110.92 W, 1410 MHz, 25 %, 61282 MiB
2026/10/03 14:01:28.891, 2, 56, 94.11 W, 1410 MHz, 15 %, 61266 MiB
2026/10/03 14:01:28.892, 3, 52, 74.41 W, 1410 MHz, 53 %, 61282 MiB
2026/10/03 14:01:30.892, 0, 59, 79.78 W, 1410 MHz, 50 %, 61266 MiB
2026/10/03 14:01:30.893, 1, 69, 111.41 W, 1410 MHz, 52 %, 61282 MiB
2026/10/03 14:01:30.893, 2, 56, 91.97 W, 1410 MHz, 44 %, 61266 MiB
2026/10/03 14:01:30.893, 3, 52, 71.51 W, 1410 MHz, 52 %, 61282 MiB
2026/10/03 14:01:32.894, 0, 59, 88.17 W, 1410 MHz, 75 %, 61266 MiB
2026/10/03 14:01:32.894, 1, 69, 111.89 W, 1410 MHz, 56 %, 61282 MiB
2026/10/03 14:01:32.894, 2, 56, 90.34 W, 1410 MHz, 45 %, 61266 MiB
2026/10/03 14:01:32.895, 3, 52, 74.96 W, 1410 MHz, 92 %, 61282 MiB
2026/10/03 14:01:34.895, 0, 59, 81.20 W, 1410 MHz, 85 %, 61266 MiB
2026/10/03 14:01:34.896, 1, 69, 96.73 W, 1410 MHz, 66 %, 61282 MiB
2026/10/03 14:01:34.896, 2, 56, 89.30 W, 1410 MHz, 45 %, 61266 MiB
2026/10/03 14:01:34.896, 3, 52, 69.07 W, 1410 MHz, 91 %, 61282 MiB
2026/10/03 14:01:36.897, 0, 59, 81.95 W, 1410 MHz, 42 %, 61266 MiB
2026/10/03 14:01:36.897, 1, 69, 107.66 W, 1410 MHz, 40 %, 61282 MiB
2026/10/03 14:01:36.897, 2, 56, 89.38 W, 1410 MHz, 45 %, 61266 MiB
2026/10/03 14:01:36.898, 3, 52, 70.15 W, 1410 MHz, 66 %, 61282 MiB
2026/10/03 14:01:38.898, 0, 59, 78.11 W, 1410 MHz, 51 %, 61266 MiB
2026/10/03 14:01:38.899, 1, 69, 104.61 W, 1410 MHz, 51 %, 61282 MiB
2026/10/03 14:01:38.899, 2, 56, 91.02 W, 1410 MHz, 44 %, 61266 MiB
2026/10/03 14:01:38.899, 3, 52, 81.96 W, 1410 MHz, 51 %, 61282 MiB
2026/10/03 14:01:40.900, 0, 59, 82.96 W, 1410 MHz, 51 %, 61266 MiB
2026/10/03 14:01:40.900, 1, 68, 107.20 W, 1410 MHz, 71 %, 61282 MiB
2026/10/03 14:01:40.900, 2, 56, 91.14 W, 1410 MHz, 38 %, 61266 MiB
2026/10/03 14:01:40.901, 3, 52, 74.55 W, 1410 MHz, 45 %, 61282 MiB
2026/10/03 14:01:42.901, 0, 58, 57.99 W, 1410 MHz, 92 %, 61266 MiB
2026/10/03 14:01:42.902, 1, 68, 101.61 W, 1410 MHz, 27 %, 61282 MiB
2026/10/03 14:01:42.902, 2, 56, 91.19 W, 1410 MHz, 11 %, 61266 MiB
2026/10/03 14:01:42.902, 3, 52, 75.18 W, 1410 MHz, 74 %, 61282 MiB
2026/10/03 14:01:44.903, 0, 59, 76.85 W, 1410 MHz, 90 %, 61266 MiB
2026/10/03 14:01:44.903, 1, 68, 100.52 W, 1410 MHz, 88 %, 61282 MiB
2026/10/03 14:01:44.903, 2, 56, 91.42 W, 1410 MHz, 45 %, 61266 MiB
2026/10/03 14:01:44.904, 3, 52, 69.28 W, 1410 MHz, 89 %, 61282 MiB
2026/10/03 14:01:46.904, 0, 59, 80.82 W, 1410 MHz, 88 %, 61266 MiB
2026/10/03 14:01:46.905, 1, 69, 107.29 W, 1410 MHz, 88 %, 61282 MiB
2026/10/03 14:01:46.905, 2, 56, 93.73 W, 1410 MHz, 42 %, 61266 MiB
2026/10/03 14:01:46.905, 3, 52, 69.12 W, 1410 MHz, 93 %, 61282 MiB
2026/10/03 14:01:48.906, 0, 59, 77.50 W, 1410 MHz, 79 %, 61266 MiB
2026/10/03 14:01:48.906, 1, 69, 107.58 W, 1410 MHz, 84 %, 61282 MiB
2026/10/03 14:01:48.906, 2, 56, 94.40 W, 1410 MHz, 46 %, 61266 MiB
2026/10/03 14:01:48.907, 3, 52, 80.19 W, 1410 MHz, 86 %, 61282 MiB
2026/10/03 14:01:50.907, 0, 59, 80.31 W, 1410 MHz, 87 %, 61266 MiB
2026/10/03 14:01:50.907, 1, 68, 99.01 W, 1410 MHz, 76 %, 61282 MiB
2026/10/03 14:01:50.908, 2, 56, 82.73 W, 1410 MHz, 39 %, 61266 MiB
2026/10/03 14:01:50.908, 3, 52, 72.77 W, 1410 MHz, 91 %, 61282 MiB
2026/10/03 14:01:52.908, 0, 59, 82.17 W, 1410 MHz, 88 %, 61266 MiB
2026/10/03 14:01:52.909, 1, 68, 98.89 W, 1410 MHz, 89 %, 61282 MiB
2026/10/03 14:01:52.909, 2, 56, 91.21 W, 1410 MHz, 42 %, 61266 MiB
2026/10/03 14:01:52.909, 3, 52, 65.24 W, 1410 MHz, 91 %, 61282 MiB
2026/10/03 14:01:54.909, 0, 59, 80.86 W, 1410 MHz, 68 %, 61266 MiB
2026/10/03 14:01:54.910, 1, 68, 102.45 W, 1410 MHz, 93 %, 61282 MiB
2026/10/03 14:01:54.910, 2, 56, 91.11 W, 1410 MHz, 41 %, 61266 MiB
2026/10/03 14:01:54.910, 3, 52, 74.14 W, 1410 MHz, 72 %, 61282 MiB
2026/10/03 14:01:56.911, 0, 59, 84.03 W, 1410 MHz, 87 %, 61266 MiB
2026/10/03 14:01:56.911, 1, 68, 109.83 W, 1410 MHz, 90 %, 61282 MiB
2026/10/03 14:01:56.911, 2, 56, 91.14 W, 1410 MHz, 41 %, 61266 MiB
2026/10/03 14:01:56.912, 3, 52, 71.99 W, 1410 MHz, 90 %, 61282 MiB
2026/10/03 14:01:58.912, 0, 59, 81.94 W, 1410 MHz, 89 %, 61266 MiB
2026/10/03 14:01:58.912, 1, 68, 103.54 W, 1410 MHz, 88 %, 61282 MiB
2026/10/03 14:01:58.912, 2, 56, 91.58 W, 1410 MHz, 41 %, 61266 MiB
2026/10/03 14:01:58.913, 3, 52, 72.36 W, 1410 MHz, 85 %, 61282 MiB
2026/10/03 14:02:00.913, 0, 59, 82.00 W, 1410 MHz, 89 %, 61266 MiB
2026/10/03 14:02:00.913, 1, 68, 106.77 W, 1410 MHz, 90 %, 61282 MiB
2026/10/03 14:02:00.914, 2, 56, 69.60 W, 1410 MHz, 42 %, 61266 MiB
2026/10/03 14:02:00.914, 3, 52, 72.22 W, 1410 MHz, 90 %, 61282 MiB
2026/10/03 14:02:02.914, 0, 59, 86.18 W, 1410 MHz, 89 %, 61266 MiB
2026/10/03 14:02:02.915, 1, 68, 102.31 W, 1410 MHz, 88 %, 61282 MiB
2026/10/03 14:02:02.915, 2, 56, 89.71 W, 1410 MHz, 44 %, 61266 MiB
2026/10/03 14:02:02.915, 3, 52, 76.31 W, 1410 MHz, 91 %, 61282 MiB
2026/10/03 14:02:04.916, 0, 59, 87.88 W, 1410 MHz, 70 %, 61266 MiB
2026/10/03 14:02:04.916, 1, 68, 97.86 W, 1410 MHz, 88 %, 61282 MiB
2026/10/03 14:02:04.916, 2, 56, 96.38 W, 1410 MHz, 38 %, 61266 MiB
2026/10/03 14:02:04.916, 3, 52, 71.61 W, 1410 MHz, 45 %, 61282 MiB
2026/10/03 14:02:06.917, 0, 59, 58.45 W, 1410 MHz, 57 %, 61266 MiB
2026/10/03 14:02:06.917, 1, 68, 101.23 W, 1410 MHz, 79 %, 61282 MiB
2026/10/03 14:02:06.917, 2, 56, 100.10 W, 1410 MHz, 31 %, 61266 MiB
2026/10/03 14:02:06.918, 3, 52, 75.48 W, 1410 MHz, 29 %, 61282 MiB
2026/10/03 14:02:08.918, 0, 58, 75.73 W, 1410 MHz, 91 %, 61266 MiB
2026/10/03 14:02:08.918, 1, 68, 80.37 W, 1410 MHz, 93 %, 61282 MiB
2026/10/03 14:02:08.919, 2, 55, 98.41 W, 1410 MHz, 40 %, 61266 MiB
2026/10/03 14:02:08.919, 3, 52, 53.19 W, 1410 MHz, 90 %, 61282 MiB
2026/10/03 14:02:10.919, 0, 59, 77.00 W, 1410 MHz, 89 %, 61266 MiB
2026/10/03 14:02:10.920, 1, 68, 99.05 W, 1410 MHz, 93 %, 61282 MiB
2026/10/03 14:02:10.920, 2, 56, 92.06 W, 1410 MHz, 43 %, 61266 MiB
2026/10/03 14:02:10.920, 3, 52, 67.20 W, 1410 MHz, 92 %, 61282 MiB
2026/10/03 14:02:12.921, 0, 59, 78.25 W, 1410 MHz, 92 %, 61266 MiB
2026/10/03 14:02:12.921, 1, 68, 76.04 W, 1410 MHz, 93 %, 61282 MiB
2026/10/03 14:02:12.921, 2, 56, 93.24 W, 1410 MHz, 42 %, 61266 MiB
2026/10/03 14:02:12.922, 3, 52, 51.27 W, 1410 MHz, 92 %, 61282 MiB
2026/10/03 14:02:14.922, 0, 59, 78.21 W, 1410 MHz, 82 %, 61266 MiB
2026/10/03 14:02:14.922, 1, 68, 104.98 W, 1410 MHz, 58 %, 61282 MiB
2026/10/03 14:02:14.923, 2, 56, 89.83 W, 1410 MHz, 36 %, 61266 MiB
2026/10/03 14:02:14.923, 3, 52, 71.50 W, 1410 MHz, 92 %, 61282 MiB
2026/10/03 14:02:16.923, 0, 59, 90.03 W, 1410 MHz, 47 %, 61266 MiB
2026/10/03 14:02:16.924, 1, 68, 103.79 W, 1410 MHz, 24 %, 61282 MiB
2026/10/03 14:02:16.924, 2, 56, 95.80 W, 1410 MHz, 18 %, 61266 MiB
2026/10/03 14:02:16.924, 3, 52, 70.25 W, 1410 MHz, 72 %, 61282 MiB
2026/10/03 14:02:18.924, 0, 58, 57.80 W, 1410 MHz, 36 %, 61266 MiB
2026/10/03 14:02:18.925, 1, 67, 73.17 W, 1410 MHz, 57 %, 61282 MiB
2026/10/03 14:02:18.925, 2, 55, 62.41 W, 1410 MHz, 22 %, 61266 MiB
2026/10/03 14:02:18.925, 3, 51, 49.64 W, 1410 MHz, 10 %, 61282 MiB
2026/10/03 14:02:20.926, 0, 59, 79.47 W, 1410 MHz, 91 %, 61266 MiB
2026/10/03 14:02:20.926, 1, 68, 105.58 W, 1410 MHz, 92 %, 61282 MiB
2026/10/03 14:02:20.927, 2, 56, 83.83 W, 1410 MHz, 42 %, 61266 MiB
2026/10/03 14:02:20.927, 3, 52, 72.33 W, 1410 MHz, 93 %, 61282 MiB
2026/10/03 14:02:22.927, 0, 59, 77.55 W, 1410 MHz, 87 %, 61266 MiB
2026/10/03 14:02:22.928, 1, 68, 102.43 W, 1410 MHz, 91 %, 61282 MiB
2026/10/03 14:02:22.928, 2, 56, 89.74 W, 1410 MHz, 41 %, 61266 MiB
2026/10/03 14:02:22.928, 3, 52, 77.23 W, 1410 MHz, 93 %, 61282 MiB
2026/10/03 14:02:24.929, 0, 59, 82.11 W, 1410 MHz, 88 %, 61266 MiB
2026/10/03 14:02:24.929, 1, 68, 112.89 W, 1410 MHz, 61 %, 61282 MiB
2026/10/03 14:02:24.930, 2, 56, 93.13 W, 1410 MHz, 38 %, 61266 MiB
2026/10/03 14:02:24.930, 3, 52, 75.88 W, 1410 MHz, 23 %, 61282 MiB
2026/10/03 14:02:26.930, 0, 58, 58.09 W, 1410 MHz, 13 %, 61266 MiB
2026/10/03 14:02:26.931, 1, 68, 99.26 W, 1410 MHz, 17 %, 61282 MiB
2026/10/03 14:02:26.931, 2, 55, 92.69 W, 1410 MHz, 7 %, 61266 MiB
2026/10/03 14:02:26.931, 3, 52, 69.74 W, 1410 MHz, 62 %, 61282 MiB
2026/10/03 14:02:28.932, 0, 59, 82.43 W, 1410 MHz, 59 %, 61266 MiB
2026/10/03 14:02:28.932, 1, 68, 101.79 W, 1410 MHz, 58 %, 61282 MiB
2026/10/03 14:02:28.933, 2, 56, 67.03 W, 1410 MHz, 29 %, 61266 MiB
2026/10/03 14:02:28.933, 3, 52, 75.11 W, 1410 MHz, 80 %, 61282 MiB
2026/10/03 14:02:30.933, 0, 59, 83.26 W, 1410 MHz, 57 %, 61266 MiB
2026/10/03 14:02:30.934, 1, 68, 103.86 W, 1410 MHz, 50 %, 61282 MiB
2026/10/03 14:02:30.934, 2, 56, 90.73 W, 1410 MHz, 26 %, 61266 MiB
2026/10/03 14:02:30.935, 3, 52, 75.59 W, 1410 MHz, 63 %, 61282 MiB
2026/10/03 14:02:32.935, 0, 59, 82.85 W, 1410 MHz, 56 %, 61266 MiB
2026/10/03 14:02:32.936, 1, 68, 107.07 W, 1410 MHz, 48 %, 61282 MiB
2026/10/03 14:02:32.936, 2, 56, 92.22 W, 1410 MHz, 35 %, 61266 MiB
2026/10/03 14:02:32.936, 3, 52, 74.21 W, 1410 MHz, 41 %, 61282 MiB
2026/10/03 14:02:34.937, 0, 58, 61.24 W, 1410 MHz, 88 %, 61266 MiB
2026/10/03 14:02:34.937, 1, 67, 98.82 W, 1410 MHz, 71 %, 61282 MiB
2026/10/03 14:02:34.937, 2, 55, 90.11 W, 1410 MHz, 49 %, 61266 MiB
2026/10/03 14:02:34.938, 3, 51, 73.07 W, 1410 MHz, 88 %, 61282 MiB
2026/10/03 14:02:36.938, 0, 58, 60.18 W, 1410 MHz, 90 %, 61266 MiB
2026/10/03 14:02:36.938, 1, 68, 98.56 W, 1410 MHz, 71 %, 61282 MiB
2026/10/03 14:02:36.939, 2, 55, 86.86 W, 1410 MHz, 46 %, 61266 MiB
2026/10/03 14:02:36.939, 3, 51, 71.16 W, 1410 MHz, 91 %, 61282 MiB
2026/10/03 14:02:38.939, 0, 59, 89.82 W, 1410 MHz, 18 %, 61266 MiB
2026/10/03 14:02:38.940, 1, 68, 107.91 W, 1410 MHz, 83 %, 61282 MiB
2026/10/03 14:02:38.940, 2, 56, 101.96 W, 1410 MHz, 4 %, 61266 MiB
2026/10/03 14:02:38.940, 3, 52, 78.36 W, 1410 MHz, 42 %, 61282 MiB
2026/10/03 14:02:40.941, 0, 58, 57.97 W, 1410 MHz, 84 %, 61266 MiB
2026/10/03 14:02:40.941, 1, 67, 82.00 W, 1410 MHz, 81 %, 61282 MiB
2026/10/03 14:02:40.942, 2, 55, 62.70 W, 1410 MHz, 49 %, 61266 MiB
2026/10/03 14:02:40.942, 3, 51, 52.89 W, 1410 MHz, 87 %, 61282 MiB
2026/10/03 14:02:42.942, 0, 58, 58.74 W, 1410 MHz, 74 %, 61266 MiB
2026/10/03 14:02:42.943, 1, 68, 86.96 W, 1410 MHz, 84 %, 61282 MiB
2026/10/03 14:02:42.943, 2, 55, 63.83 W, 1410 MHz, 52 %, 61266 MiB
2026/10/03 14:02:42.943, 3, 51, 54.43 W, 1410 MHz, 83 %, 61282 MiB
2026/10/03 14:02:44.944, 0, 58, 72.40 W, 1410 MHz, 86 %, 61266 MiB
2026/10/03 14:02:44.944, 1, 67, 73.65 W, 1410 MHz, 88 %, 61282 MiB
2026/10/03 14:02:44.945, 2, 55, 62.10 W, 1410 MHz, 48 %, 61266 MiB
2026/10/03 14:02:44.945, 3, 51, 49.91 W, 1410 MHz, 77 %, 61282 MiB
2026/10/03 14:02:46.945, 0, 59, 88.26 W, 1410 MHz, 86 %, 61266 MiB
2026/10/03 14:02:46.946, 1, 68, 106.41 W, 1410 MHz, 61 %, 61282 MiB
2026/10/03 14:02:46.946, 2, 56, 90.16 W, 1410 MHz, 46 %, 61266 MiB
2026/10/03 14:02:46.946, 3, 52, 78.64 W, 1410 MHz, 91 %, 61282 MiB
2026/10/03 14:02:48.947, 0, 59, 87.07 W, 1410 MHz, 37 %, 61266 MiB
2026/10/03 14:02:48.947, 1, 68, 112.89 W, 1410 MHz, 7 %, 61282 MiB
2026/10/03 14:02:48.948, 2, 56, 94.90 W, 1410 MHz, 14 %, 61266 MiB
2026/10/03 14:02:48.948, 3, 52, 73.90 W, 1410 MHz, 55 %, 61282 MiB
2026/10/03 14:02:50.948, 0, 58, 57.97 W, 1410 MHz, 74 %, 61266 MiB
2026/10/03 14:02:50.949, 1, 67, 72.69 W, 1410 MHz, 89 %, 61282 MiB
2026/10/03 14:02:50.949, 2, 55, 63.35 W, 1410 MHz, 49 %, 61266 MiB
2026/10/03 14:02:50.949, 3, 51, 69.66 W, 1410 MHz, 49 %, 61282 MiB
2026/10/03 14:02:52.950, 0, 58, 77.89 W, 1410 MHz, 87 %, 61266 MiB
2026/10/03 14:02:52.950, 1, 68, 76.89 W, 1410 MHz, 88 %, 61282 MiB
2026/10/03 14:02:52.951, 2, 56, 93.80 W, 1410 MHz, 49 %, 61266 MiB
2026/10/03 14:02:52.951, 3, 52, 75.15 W, 1410 MHz, 89 %, 61282 MiB
2026/10/03 14:02:54.951, 0, 59, 96.40 W, 1410 MHz, 98 %, 61266 MiB
2026/10/03 14:02:54.952, 1, 69, 128.80 W, 1410 MHz, 99 %, 61282 MiB
2026/10/03 14:02:54.952, 2, 56, 103.71 W, 1410 MHz, 57 %, 61266 MiB
2026/10/03 14:02:54.952, 3, 52, 84.15 W, 1410 MHz, 93 %, 61282 MiB
2026/10/03 14:02:56.953, 0, 57, 53.45 W, 1140 MHz, 0 %, 61266 MiB
2026/10/03 14:02:56.953, 1, 67, 77.95 W, 1410 MHz, 0 %, 61282 MiB
2026/10/03 14:02:56.954, 2, 54, 50.56 W, 1140 MHz, 0 %, 61266 MiB
2026/10/03 14:02:56.954, 3, 51, 52.46 W, 1140 MHz, 0 %, 61282 MiB
2026/10/03 14:02:58.954, 0, 57, 52.51 W, 1140 MHz, 0 %, 61266 MiB
2026/10/03 14:02:58.955, 1, 65, 55.67 W, 1140 MHz, 0 %, 61282 MiB
2026/10/03 14:02:58.955, 2, 53, 48.35 W, 1140 MHz, 0 %, 61266 MiB
2026/10/03 14:02:58.955, 3, 50, 45.31 W, 1140 MHz, 0 %, 61282 MiB
2026/10/03 14:03:00.956, 0, 57, 52.32 W, 1140 MHz, 0 %, 61266 MiB
2026/10/03 14:03:00.956, 1, 65, 55.50 W, 1140 MHz, 0 %, 61282 MiB
2026/10/03 14:03:00.957, 2, 53, 48.06 W, 1140 MHz, 0 %, 61266 MiB
2026/10/03 14:03:00.957, 3, 50, 45.31 W, 1140 MHz, 0 %, 61282 MiB
2026/10/03 14:03:02.957, 0, 56, 52.22 W, 1140 MHz, 0 %, 61266 MiB
2026/10/03 14:03:02.958, 1, 65, 55.31 W, 1140 MHz, 0 %, 61282 MiB
2026/10/03 14:03:02.958, 2, 52, 48.06 W, 1140 MHz, 0 %, 61266 MiB
2026/10/03 14:03:02.958, 3, 50, 45.22 W, 1140 MHz, 0 %, 61282 MiB
2026/10/03 14:03:04.959, 0, 56, 52.13 W, 1140 MHz, 0 %, 61266 MiB
2026/10/03 14:03:04.959, 1, 64, 55.21 W, 1140 MHz, 0 %, 61282 MiB
2026/10/03 14:03:04.960, 2, 52, 47.87 W, 1140 MHz, 0 %, 61266 MiB
2026/10/03 14:03:04.960, 3, 50, 45.22 W, 1140 MHz, 0 %, 61282 MiB
2026/10/03 14:03:06.960, 0, 56, 51.94 W, 1140 MHz, 0 %, 61266 MiB
2026/10/03 14:03:06.961, 1, 64, 55.02 W, 1140 MHz, 0 %, 61282 MiB
2026/10/03 14:03:06.961, 2, 52, 47.87 W, 1140 MHz, 0 %, 61266 MiB
2026/10/03 14:03:06.961, 3, 49, 45.02 W, 1140 MHz, 0 %, 61282 MiB
2026/10/03 14:03:08.962, 0, 56, 51.94 W, 1140 MHz, 0 %, 61266 MiB
2026/10/03 14:03:08.962, 1, 64, 54.93 W, 1140 MHz, 0 %, 61282 MiB
2026/10/03 14:03:08.963, 2, 52, 47.68 W, 1140 MHz, 0 %, 61266 MiB
2026/10/03 14:03:08.963, 3, 49, 45.12 W, 1140 MHz, 0 %, 61282 MiB
2026/10/03 14:03:10.963, 0, 56, 51.84 W, 1140 MHz, 0 %, 61266 MiB
2026/10/03 14:03:10.964, 1, 64, 54.72 W, 1140 MHz, 0 %, 61282 MiB
2026/10/03 14:03:10.964, 2, 52, 47.59 W, 1140 MHz, 0 %, 61266 MiB
2026/10/03 14:03:10.964, 3, 49, 45.04 W, 1140 MHz, 0 %, 61282 MiB
2026/10/03 14:03:12.965, 0, 56, 51.65 W, 1140 MHz, 0 %, 61266 MiB
2026/10/03 14:03:12.965, 1, 64, 54.63 W, 1140 MHz, 0 %, 61282 MiB
2026/10/03 14:03:12.965, 2, 51, 47.59 W, 1140 MHz, 0 %, 61266 MiB
2026/10/03 14:03:12.965, 3, 49, 44.94 W, 1140 MHz, 0 %, 61282 MiB
2026/10/03 14:03:14.966, 0, 55, 51.65 W, 1140 MHz, 0 %, 61266 MiB
2026/10/03 14:03:14.966, 1, 63, 54.44 W, 1140 MHz, 0 %, 61282 MiB
2026/10/03 14:03:14.967, 2, 51, 47.49 W, 1140 MHz, 0 %, 61266 MiB
2026/10/03 14:03:14.967, 3, 49, 44.85 W, 1140 MHz, 0 %, 61282 MiB
2026/10/03 14:03:16.967, 0, 56, 56.45 W, 1410 MHz, 0 %, 62466 MiB
2026/10/03 14:03:16.968, 1, 64, 70.01 W, 1410 MHz, 0 %, 62482 MiB
2026/10/03 14:03:16.968, 2, 52, 60.39 W, 1410 MHz, 0 %, 62466 MiB
2026/10/03 14:03:16.968, 3, 49, 48.50 W, 1410 MHz, 0 %, 62482 MiB
2026/10/03 14:03:18.969, 0, 58, 79.92 W, 1410 MHz, 40 %, 62466 MiB
2026/10/03 14:03:18.969, 1, 66, 184.96 W, 1350 MHz, 67 %, 62482 MiB
2026/10/03 14:03:18.969, 2, 54, 108.85 W, 1365 MHz, 53 %, 62466 MiB
2026/10/03 14:03:18.970, 3, 51, 137.71 W, 1410 MHz, 35 %, 62482 MiB
2026/10/03 14:03:20.970, 0, 59, 131.10 W, 1410 MHz, 91 %, 62466 MiB
2026/10/03 14:03:20.971, 1, 67, 94.92 W, 1320 MHz, 93 %, 62482 MiB
2026/10/03 14:03:20.971, 2, 55, 138.21 W, 1380 MHz, 93 %, 62466 MiB
2026/10/03 14:03:20.971, 3, 52, 87.96 W, 1410 MHz, 95 %, 62482 MiB
2026/10/03 14:03:22.972, 0, 58, 122.75 W, 1410 MHz, 91 %, 62466 MiB
2026/10/03 14:03:22.972, 1, 67, 107.96 W, 1380 MHz, 95 %, 62482 MiB
2026/10/03 14:03:22.972, 2, 55, 168.33 W, 1395 MHz, 92 %, 62466 MiB
2026/10/03 14:03:22.973, 3, 52, 85.53 W, 1410 MHz, 94 %, 62482 MiB
2026/10/03 14:03:24.973, 0, 59, 143.22 W, 1410 MHz, 95 %, 62466 MiB
2026/10/03 14:03:24.973, 1, 67, 132.49 W, 1350 MHz, 96 %, 62482 MiB
2026/10/03 14:03:24.974, 2, 55, 167.24 W, 1380 MHz, 92 %, 62466 MiB
2026/10/03 14:03:24.974, 3, 52, 90.03 W, 1410 MHz, 98 %, 62482 MiB
2026/10/03 14:03:26.974, 0, 58, 66.29 W, 1410 MHz, 72 %, 62466 MiB
2026/10/03 14:03:26.975, 1, 67, 97.25 W, 1410 MHz, 64 %, 62482 MiB
2026/10/03 14:03:26.975, 2, 55, 71.42 W, 1410 MHz, 74 %, 62466 MiB
2026/10/03 14:03:26.975, 3, 51, 90.92 W, 1410 MHz, 60 %, 62482 MiB
2026/10/03 14:03:28.976, 0, 58, 91.54 W, 1410 MHz, 63 %, 62466 MiB
2026/10/03 14:03:28.976, 1, 68, 100.75 W, 1410 MHz, 72 %, 62482 MiB
2026/10/03 14:03:28.976, 2, 55, 113.48 W, 1410 MHz, 61 %, 62466 MiB
2026/10/03 14:03:28.977, 3, 51, 56.17 W, 1410 MHz, 59 %, 62482 MiB
2026/10/03 14:03:30.977, 0, 58, 67.43 W, 1410 MHz, 74 %, 62466 MiB
2026/10/03 14:03:30.977, 1, 67, 118.02 W, 1410 MHz, 64 %, 62482 MiB
2026/10/03 14:03:30.978, 2, 55, 75.55 W, 1410 MHz, 73 %, 62466 MiB
2026/10/03 14:03:30.978, 3, 51, 84.81 W, 1410 MHz, 60 %, 62482 MiB
2026/10/03 14:03:32.978, 0, 58, 95.56 W, 1410 MHz, 67 %, 62466 MiB
2026/10/03 14:03:32.979, 1, 68, 124.44 W, 1410 MHz, 71 %, 62482 MiB
2026/10/03 14:03:32.979, 2, 56, 117.34 W, 1410 MHz, 66 %, 62466 MiB
2026/10/03 14:03:32.979, 3, 52, 63.87 W, 1410 MHz, 73 %, 62482 MiB
2026/10/03 14:03:34.979, 0, 59, 79.65 W, 1410 MHz, 65 %, 62466 MiB
2026/10/03 14:03:34.980, 1, 68, 126.89 W, 1410 MHz, 66 %, 62482 MiB
2026/10/03 14:03:34.980, 2, 56, 82.26 W, 1410 MHz, 66 %, 62466 MiB
2026/10/03 14:03:34.980, 3, 51, 87.36 W, 1410 MHz, 66 %, 62482 MiB
2026/10/03 14:03:36.980, 0, 58, 100.56 W, 1410 MHz, 62 %, 62466 MiB
2026/10/03 14:03:36.981, 1, 67, 118.14 W, 1410 MHz, 70 %, 62482 MiB
2026/10/03 14:03:36.981, 2, 55, 122.20 W, 1410 MHz, 61 %, 62466 MiB
2026/10/03 14:03:36.981, 3, 51, 54.15 W, 1410 MHz, 71 %, 62482 MiB
2026/10/03 14:03:38.982, 0, 58, 64.20 W, 1410 MHz, 68 %, 62466 MiB
2026/10/03 14:03:38.982, 1, 68, 130.36 W, 1410 MHz, 64 %, 62482 MiB
2026/10/03 14:03:38.982, 2, 56, 72.46 W, 1410 MHz, 65 %, 62466 MiB
2026/10/03 14:03:38.983, 3, 52, 86.36 W, 1410 MHz, 62 %, 62482 MiB
2026/10/03 14:03:40.983, 0, 58, 98.82 W, 1410 MHz, 66 %, 62466 MiB
2026/10/03 14:03:40.983, 1, 68, 128.96 W, 1410 MHz, 79 %, 62482 MiB
2026/10/03 14:03:40.984, 2, 55, 111.68 W, 1410 MHz, 68 %, 62466 MiB
2026/10/03 14:03:40.984, 3, 51, 55.49 W, 1410 MHz, 73 %, 62482 MiB
2026/10/03 14:03:42.984, 0, 58, 76.95 W, 1410 MHz, 66 %, 62466 MiB
2026/10/03 14:03:42.985, 1, 68, 117.78 W, 1410 MHz, 66 %, 62482 MiB
2026/10/03 14:03:42.985, 2, 55, 108.46 W, 1410 MHz, 65 %, 62466 MiB
2026/10/03 14:03:42.985, 3, 51, 80.12 W, 1410 MHz, 68 %, 62482 MiB
2026/10/03 14:03:44.986, 0, 58, 103.45 W, 1410 MHz, 72 %, 62466 MiB
2026/10/03 14:03:44.986, 1, 68, 126.76 W, 1410 MHz, 74 %, 62482 MiB
2026/10/03 14:03:44.986, 2, 56, 114.30 W, 1410 MHz, 74 %, 62466 MiB
2026/10/03 14:03:44.986, 3, 51, 80.79 W, 1410 MHz, 72 %, 62482 MiB
2026/10/03 14:03:46.987, 0, 58, 92.29 W, 1410 MHz, 55 %, 62466 MiB
2026/10/03 14:03:46.987, 1, 68, 121.12 W, 1410 MHz, 77 %, 62482 MiB
2026/10/03 14:03:46.988, 2, 56, 110.96 W, 1410 MHz, 55 %, 62466 MiB
2026/10/03 14:03:46.988, 3, 51, 75.61 W, 1410 MHz, 77 %, 62482 MiB
2026/10/03 14:03:48.988, 0, 58, 93.15 W, 1410 MHz, 72 %, 62466 MiB
2026/10/03 14:03:48.989, 1, 68, 91.25 W, 1410 MHz, 74 %, 62482 MiB
2026/10/03 14:03:48.989, 2, 56, 83.85 W, 1410 MHz, 80 %, 62466 MiB
2026/10/03 14:03:48.989, 3, 51, 83.23 W, 1410 MHz, 64 %, 62482 MiB
2026/10/03 14:03:50.990, 0, 59, 89.88 W, 1410 MHz, 78 %, 62466 MiB
2026/10/03 14:03:50.990, 1, 68, 127.24 W, 1410 MHz, 77 %, 62482 MiB
2026/10/03 14:03:50.990, 2, 56, 115.13 W, 1410 MHz, 78 %, 62466 MiB
2026/10/03 14:03:50.991, 3, 52, 79.05 W, 1410 MHz, 76 %, 62482 MiB
2026/10/03 14:03:52.991, 0, 58, 63.53 W, 1410 MHz, 53 %, 62466 MiB
2026/10/03 14:03:52.991, 1, 67, 77.86 W, 1410 MHz, 53 %, 62482 MiB
2026/10/03 14:03:52.992, 2, 55, 67.41 W, 1410 MHz, 53 %, 62466 MiB
2026/10/03 14:03:52.992, 3, 51, 52.92 W, 1410 MHz, 40 %, 62482 MiB
2026/10/03 14:03:54.992, 0, 59, 100.45 W, 1410 MHz, 75 %, 62466 MiB
2026/10/03 14:03:54.993, 1, 68, 117.64 W, 1410 MHz, 76 %, 62482 MiB
2026/10/03 14:03:54.993, 2, 56, 116.68 W, 1410 MHz, 74 %, 62466 MiB
2026/10/03 14:03:54.993, 3, 52, 71.04 W, 1410 MHz, 76 %, 62482 MiB
2026/10/03 14:03:56.994, 0, 59, 93.37 W, 1410 MHz, 90 %, 62466 MiB
2026/10/03 14:03:56.994, 1, 69, 131.53 W, 1410 MHz, 80 %, 62482 MiB
2026/10/03 14:03:56.994, 2, 57, 121.37 W, 1410 MHz, 85 %, 62466 MiB
2026/10/03 14:03:56.994, 3, 52, 90.66 W, 1410 MHz, 87 %, 62482 MiB
2026/10/03 14:03:58.995, 0, 59, 99.49 W, 1410 MHz, 68 %, 62466 MiB
2026/10/03 14:03:58.995, 1, 68, 113.38 W, 1410 MHz, 80 %, 62482 MiB
2026/10/03 14:03:58.995, 2, 56, 112.83 W, 1410 MHz, 77 %, 62466 MiB
2026/10/03 14:03:58.996, 3, 52, 57.61 W, 1410 MHz, 71 %, 62482 MiB
2026/10/03 14:04:00.996, 0, 59, 69.39 W, 1410 MHz, 81 %, 62466 MiB
2026/10/03 14:04:00.996, 1, 69, 124.90 W, 1410 MHz, 82 %, 62482 MiB
2026/10/03 14:04:00.997, 2, 56, 94.10 W, 1410 MHz, 81 %, 62466 MiB
2026/10/03 14:04:00.997, 3, 52, 87.99 W, 1410 MHz, 61 %, 62482 MiB
2026/10/03 14:04:02.997, 0, 59, 95.04 W, 1410 MHz, 60 %, 62466 MiB
2026/10/03 14:04:02.998, 1, 69, 123.05 W, 1410 MHz, 70 %, 62482 MiB
2026/10/03 14:04:02.998, 2, 56, 111.88 W, 1410 MHz, 62 %, 62466 MiB
2026/10/03 14:04:02.998, 3, 52, 84.38 W, 1410 MHz, 77 %, 62482 MiB
2026/10/03 14:04:04.999, 0, 59, 72.61 W, 1410 MHz, 69 %, 62466 MiB
2026/10/03 14:04:04.999, 1, 68, 127.38 W, 1410 MHz, 71 %, 62482 MiB
2026/10/03 14:04:04.999, 2, 56, 116.26 W, 1410 MHz, 70 %, 62466 MiB
2026/10/03 14:04:05.000, 3, 52, 86.94 W, 1410 MHz, 80 %, 62482 MiB
2026/10/03 14:04:07.000, 0, 59, 78.98 W, 1410 MHz, 78 %, 62466 MiB
2026/10/03 14:04:07.000, 1, 68, 125.12 W, 1410 MHz, 62 %, 62482 MiB
2026/10/03 14:04:07.000, 2, 56, 107.99 W, 1410 MHz, 62 %, 62466 MiB
2026/10/03 14:04:07.001, 3, 52, 87.39 W, 1410 MHz, 63 %, 62482 MiB
2026/10/03 14:04:09.001, 0, 59, 98.14 W, 1410 MHz, 76 %, 62466 MiB
2026/10/03 14:04:09.001, 1, 69, 84.82 W, 1410 MHz, 71 %, 62482 MiB
2026/10/03 14:04:09.002, 2, 56, 103.14 W, 1410 MHz, 77 %, 62466 MiB
2026/10/03 14:04:09.002, 3, 52, 58.24 W, 1410 MHz, 74 %, 62482 MiB
2026/10/03 14:04:11.002, 0, 58, 61.34 W, 1410 MHz, 100 %, 62466 MiB
2026/10/03 14:04:11.002, 1, 67, 78.63 W, 1410 MHz, 0 %, 62482 MiB
2026/10/03 14:04:11.003, 2, 55, 67.69 W, 1410 MHz, 100 %, 62466 MiB
2026/10/03 14:04:11.003, 3, 51, 52.93 W, 1410 MHz, 88 %, 62482 MiB
2026/10/03 14:04:13.003, 0, 58, 63.81 W, 1410 MHz, 42 %, 62466 MiB
2026/10/03 14:04:13.004, 1, 68, 78.33 W, 1410 MHz, 42 %, 62482 MiB
2026/10/03 14:04:13.004, 2, 55, 76.36 W, 1410 MHz, 42 %, 62466 MiB
2026/10/03 14:04:13.004, 3, 51, 53.01 W, 1410 MHz, 49 %, 62482 MiB
2026/10/03 14:04:15.004, 0, 59, 97.19 W, 1410 MHz, 76 %, 62466 MiB
2026/10/03 14:04:15.005, 1, 69, 102.58 W, 1410 MHz, 78 %, 62482 MiB
2026/10/03 14:04:15.005, 2, 57, 92.93 W, 1410 MHz, 75 %, 62466 MiB
2026/10/03 14:04:15.005, 3, 52, 61.16 W, 1410 MHz, 69 %, 62482 MiB
2026/10/03 14:04:17.005, 0, 59, 78.36 W, 1410 MHz, 72 %, 62466 MiB
2026/10/03 14:04:17.006, 1, 68, 117.07 W, 1410 MHz, 77 %, 62482 MiB
2026/10/03 14:04:17.006, 2, 56, 120.69 W, 1410 MHz, 71 %, 62466 MiB
2026/10/03 14:04:17.006, 3, 52, 82.39 W, 1410 MHz, 61 %, 62482 MiB
2026/10/03 14:04:19.006, 0, 59, 96.98 W, 1410 MHz, 78 %, 62466 MiB
2026/10/03 14:04:19.007, 1, 69, 125.98 W, 1410 MHz, 60 %, 62482 MiB
2026/10/03 14:04:19.007, 2, 57, 83.58 W, 1410 MHz, 60 %, 62466 MiB
2026/10/03 14:04:19.008, 3, 52, 64.51 W, 1410 MHz, 72 %, 62482 MiB
2026/10/03 14:04:21.008, 0, 59, 69.73 W, 1410 MHz, 72 %, 62466 MiB
2026/10/03 14:04:21.009, 1, 69, 121.32 W, 1410 MHz, 81 %, 62482 MiB
2026/10/03 14:04:21.009, 2, 57, 120.98 W, 1410 MHz, 76 %, 62466 MiB
2026/10/03 14:04:21.009, 3, 52, 86.67 W, 1410 MHz, 69 %, 62482 MiB
2026/10/03 14:04:23.010, 0, 59, 99.52 W, 1410 MHz, 83 %, 62466 MiB
2026/10/03 14:04:23.010, 1, 69, 79.77 W, 1410 MHz, 64 %, 62482 MiB
2026/10/03 14:04:23.010, 2, 57, 93.44 W, 1410 MHz, 65 %, 62466 MiB
2026/10/03 14:04:23.011, 3, 52, 71.43 W, 1410 MHz, 76 %, 62482 MiB
2026/10/03 14:04:25.011, 0, 59, 90.57 W, 1410 MHz, 83 %, 62466 MiB
2026/10/03 14:04:25.012, 1, 69, 128.42 W, 1410 MHz, 70 %, 62482 MiB
2026/10/03 14:04:25.012, 2, 57, 120.40 W, 1410 MHz, 68 %, 62466 MiB
2026/10/03 14:04:25.012, 3, 52, 85.32 W, 1410 MHz, 65 %, 62482 MiB
2026/10/03 14:04:27.013, 0, 59, 77.62 W, 1410 MHz, 78 %, 62466 MiB
2026/10/03 14:04:27.013, 1, 69, 81.48 W, 1410 MHz, 68 %, 62482 MiB
2026/10/03 14:04:27.013, 2, 56, 74.76 W, 1410 MHz, 84 %, 62466 MiB
2026/10/03 14:04:27.014, 3, 52, 69.24 W, 1410 MHz, 83 %, 62482 MiB
2026/10/03 14:04:29.014, 0, 59, 91.24 W, 1410 MHz, 77 %, 62466 MiB
2026/10/03 14:04:29.015, 1, 69, 125.25 W, 1410 MHz, 60 %, 62482 MiB
2026/10/03 14:04:29.015, 2, 57, 112.79 W, 1410 MHz, 60 %, 62466 MiB
2026/10/03 14:04:29.015, 3, 52, 87.22 W, 1410 MHz, 67 %, 62482 MiB
2026/10/03 14:04:31.016, 0, 59, 95.30 W, 1410 MHz, 72 %, 62466 MiB
2026/10/03 14:04:31.016, 1, 69, 128.81 W, 1410 MHz, 70 %, 62482 MiB
2026/10/03 14:04:31.017, 2, 57, 119.50 W, 1410 MHz, 68 %, 62466 MiB
2026/10/03 14:04:31.017, 3, 52, 72.26 W, 1410 MHz, 68 %, 62482 MiB
2026/10/03 14:04:33.017, 0, 59, 66.25 W, 1410 MHz, 79 %, 62466 MiB
2026/10/03 14:04:33.018, 1, 69, 124.60 W, 1410 MHz, 67 %, 62482 MiB
2026/10/03 14:04:33.018, 2, 57, 115.72 W, 1410 MHz, 64 %, 62466 MiB
2026/10/03 14:04:33.018, 3, 52, 85.94 W, 1410 MHz, 59 %, 62482 MiB
2026/10/03 14:04:35.019, 0, 59, 65.52 W, 1410 MHz, 93 %, 62466 MiB
2026/10/03 14:04:35.019, 1, 69, 124.05 W, 1410 MHz, 97 %, 62482 MiB
2026/10/03 14:04:35.020, 2, 57, 115.18 W, 1410 MHz, 93 %, 62466 MiB
2026/10/03 14:04:35.020, 3, 52, 87.36 W, 1410 MHz, 80 %, 62482 MiB
2026/10/03 14:04:37.020, 0, 59, 70.01 W, 1410 MHz, 76 %, 62466 MiB
2026/10/03 14:04:37.021, 1, 69, 105.36 W, 1410 MHz, 80 %, 62482 MiB
2026/10/03 14:04:37.021, 2, 57, 106.35 W, 1410 MHz, 81 %, 62466 MiB
2026/10/03 14:04:37.021, 3, 52, 86.84 W, 1410 MHz, 79 %, 62482 MiB
2026/10/03 14:04:39.022, 0, 59, 93.87 W, 1410 MHz, 81 %, 62466 MiB
2026/10/03 14:04:39.022, 1, 69, 126.84 W, 1410 MHz, 68 %, 62482 MiB
2026/10/03 14:04:39.023, 2, 57, 119.72 W, 1410 MHz, 68 %, 62466 MiB
2026/10/03 14:04:39.023, 3, 52, 87.20 W, 1410 MHz, 70 %, 62482 MiB
2026/10/03 14:04:41.023, 0, 59, 72.66 W, 1410 MHz, 65 %, 62466 MiB
2026/10/03 14:04:41.024, 1, 69, 84.31 W, 1410 MHz, 76 %, 62482 MiB
2026/10/03 14:04:41.024, 2, 57, 90.91 W, 1410 MHz, 76 %, 62466 MiB
2026/10/03 14:04:41.025, 3, 52, 86.11 W, 1410 MHz, 78 %, 62482 MiB
2026/10/03 14:04:43.025, 0, 59, 103.35 W, 1410 MHz, 70 %, 62466 MiB
2026/10/03 14:04:43.025, 1, 69, 132.40 W, 1410 MHz, 63 %, 62482 MiB
2026/10/03 14:04:43.026, 2, 57, 120.54 W, 1410 MHz, 62 %, 62466 MiB
2026/10/03 14:04:43.026, 3, 52, 64.22 W, 1410 MHz, 73 %, 62482 MiB
2026/10/03 14:04:45.026, 0, 59, 68.67 W, 1410 MHz, 78 %, 62466 MiB
2026/10/03 14:04:45.027, 1, 69, 85.43 W, 1410 MHz, 72 %, 62482 MiB
2026/10/03 14:04:45.027, 2, 57, 73.54 W, 1410 MHz, 75 %, 62466 MiB
2026/10/03 14:04:45.028, 3, 52, 84.45 W, 1410 MHz, 73 %, 62482 MiB
2026/10/03 14:04:47.028, 0, 59, 99.52 W, 1410 MHz, 61 %, 62466 MiB
2026/10/03 14:04:47.029, 1, 69, 132.39 W, 1410 MHz, 57 %, 62482 MiB
2026/10/03 14:04:47.029, 2, 57, 117.41 W, 1410 MHz, 60 %, 62466 MiB
2026/10/03 14:04:47.029, 3, 52, 57.01 W, 1410 MHz, 71 %, 62482 MiB
2026/10/03 14:04:49.030, 0, 59, 75.57 W, 1410 MHz, 42 %, 62466 MiB
2026/10/03 14:04:49.030, 1, 68, 81.58 W, 1410 MHz, 38 %, 62482 MiB
2026/10/03 14:04:49.030, 2, 56, 69.79 W, 1410 MHz, 41 %, 62466 MiB
2026/10/03 14:04:49.031, 3, 51, 85.41 W, 1410 MHz, 65 %, 62482 MiB
2026/10/03 14:04:51.031, 0, 59, 89.62 W, 1410 MHz, 74 %, 62466 MiB
2026/10/03 14:04:51.032, 1, 69, 101.94 W, 1410 MHz, 82 %, 62482 MiB
2026/10/03 14:04:51.032, 2, 57, 89.67 W, 1410 MHz, 81 %, 62466 MiB
2026/10/03 14:04:51.032, 3, 52, 84.22 W, 1410 MHz, 79 %, 62482 MiB
2026/10/03 14:04:53.033, 0, 59, 95.19 W, 1410 MHz, 58 %, 62466 MiB
2026/10/03 14:04:53.033, 1, 69, 129.80 W, 1410 MHz, 61 %, 62482 MiB
2026/10/03 14:04:53.033, 2, 57, 115.84 W, 1410 MHz, 61 %, 62466 MiB
2026/10/03 14:04:53.034, 3, 52, 65.74 W, 1410 MHz, 68 %, 62482 MiB
2026/10/03 14:04:55.034, 0, 59, 93.82 W, 1410 MHz, 76 %, 62466 MiB
2026/10/03 14:04:55.035, 1, 70, 119.03 W, 1410 MHz, 76 %, 62482 MiB
2026/10/03 14:04:55.035, 2, 57, 105.89 W, 1410 MHz, 74 %, 62466 MiB
2026/10/03 14:04:55.035, 3, 52, 86.76 W, 1410 MHz, 77 %, 62482 MiB
2026/10/03 14:04:57.036, 0, 59, 92.95 W, 1410 MHz, 67 %, 62466 MiB
2026/10/03 14:04:57.036, 1, 69, 120.89 W, 1410 MHz, 52 %, 62482 MiB
2026/10/03 14:04:57.037, 2, 57, 117.30 W, 1410 MHz, 52 %, 62466 MiB
2026/10/03 14:04:57.037, 3, 52, 56.46 W, 1410 MHz, 71 %, 62482 MiB
2026/10/03 14:04:59.037, 0, 58, 65.15 W, 1410 MHz, 43 %, 62466 MiB
2026/10/03 14:04:59.038, 1, 68, 84.09 W, 1410 MHz, 63 %, 62482 MiB
2026/10/03 14:04:59.038, 2, 56, 75.46 W, 1410 MHz, 63 %, 62466 MiB
2026/10/03 14:04:59.038, 3, 51, 53.30 W, 1410 MHz, 38 %, 62482 MiB
2026/10/03 14:05:01.039, 0, 59, 96.60 W, 1410 MHz, 77 %, 62466 MiB
2026/10/03 14:05:01.039, 1, 69, 130.62 W, 1410 MHz, 76 %, 62482 MiB
2026/10/03 14:05:01.040, 2, 57, 115.00 W, 1410 MHz, 82 %, 62466 MiB
2026/10/03 14:05:01.040, 3, 52, 85.85 W, 1410 MHz, 76 %, 62482 MiB
2026/10/03 14:05:03.040, 0, 57, 57.39 W, 1410 MHz, 16 %, 62466 MiB
2026/10/03 14:05:03.040, 1, 67, 72.40 W, 1410 MHz, 0 %, 62482 MiB
2026/10/03 14:05:03.041, 2, 55, 62.01 W, 1410 MHz, 0 %, 62466 MiB
2026/10/03 14:05:03.041, 3, 51, 49.08 W, 1410 MHz, 2 %, 62482 MiB
2026/10/03 14:05:05.041, 0, 56, 50.12 W, 1140 MHz, 0 %, 62466 MiB
2026/10/03 14:05:05.042, 1, 66, 53.27 W, 1140 MHz, 0 %, 62482 MiB
2026/10/03 14:05:05.042, 2, 54, 46.03 W, 1140 MHz, 0 %, 62466 MiB
2026/10/03 14:05:05.042, 3, 50, 43.10 W, 1140 MHz, 0 %, 62482 MiB
2026/10/03 14:05:07.042, 0, 56, 49.93 W, 1140 MHz, 0 %, 62466 MiB
2026/10/03 14:05:07.043, 1, 65, 53.08 W, 1140 MHz, 0 %, 62482 MiB
2026/10/03 14:05:07.043, 2, 53, 45.84 W, 1140 MHz, 0 %, 62466 MiB
2026/10/03 14:05:07.043, 3, 50, 43.40 W, 1140 MHz, 0 %, 62482 MiB
2026/10/03 14:05:09.043, 0, 56, 49.83 W, 1140 MHz, 0 %, 62466 MiB
2026/10/03 14:05:09.044, 1, 65, 52.79 W, 1140 MHz, 0 %, 62482 MiB
2026/10/03 14:05:09.044, 2, 53, 45.65 W, 1140 MHz, 0 %, 62466 MiB
2026/10/03 14:05:09.044, 3, 49, 43.00 W, 1140 MHz, 0 %, 62482 MiB
2026/10/03 14:05:11.045, 0, 56, 49.55 W, 1140 MHz, 0 %, 62466 MiB
2026/10/03 14:05:11.045, 1, 64, 52.60 W, 1140 MHz, 0 %, 62482 MiB
2026/10/03 14:05:11.045, 2, 53, 45.46 W, 1140 MHz, 0 %, 62466 MiB
2026/10/03 14:05:11.045, 3, 49, 42.80 W, 1140 MHz, 0 %, 62482 MiB
2026/10/03 14:05:13.046, 0, 55, 49.64 W, 1140 MHz, 0 %, 62466 MiB
2026/10/03 14:05:13.046, 1, 64, 52.60 W, 1140 MHz, 0 %, 62482 MiB
2026/10/03 14:05:13.046, 2, 52, 45.37 W, 1140 MHz, 0 %, 62466 MiB
2026/10/03 14:05:13.046, 3, 49, 42.81 W, 1140 MHz, 0 %, 62482 MiB
2026/10/03 14:05:15.047, 0, 55, 49.83 W, 1140 MHz, 0 %, 62466 MiB
2026/10/03 14:05:15.047, 1, 64, 52.41 W, 1140 MHz, 0 %, 62482 MiB
2026/10/03 14:05:15.047, 2, 52, 45.56 W, 1140 MHz, 0 %, 62466 MiB
2026/10/03 14:05:15.048, 3, 49, 42.71 W, 1140 MHz, 0 %, 62482 MiB
2026/10/03 14:05:17.048, 0, 55, 49.64 W, 1140 MHz, 0 %, 62466 MiB
2026/10/03 14:05:17.048, 1, 64, 52.30 W, 1140 MHz, 0 %, 62482 MiB
2026/10/03 14:05:17.049, 2, 52, 45.27 W, 1140 MHz, 0 %, 62466 MiB
2026/10/03 14:05:17.049, 3, 49, 42.62 W, 1140 MHz, 0 %, 62482 MiB
2026/10/03 14:05:19.049, 0, 55, 49.36 W, 1140 MHz, 0 %, 62466 MiB
2026/10/03 14:05:19.049, 1, 63, 52.02 W, 1140 MHz, 0 %, 62482 MiB
2026/10/03 14:05:19.050, 2, 52, 45.08 W, 1140 MHz, 0 %, 62466 MiB
2026/10/03 14:05:19.050, 3, 49, 42.62 W, 1140 MHz, 0 %, 62482 MiB
2026/10/03 14:05:21.050, 0, 55, 49.26 W, 1140 MHz, 0 %, 62466 MiB
2026/10/03 14:05:21.050, 1, 63, 51.92 W, 1140 MHz, 0 %, 62482 MiB
2026/10/03 14:05:21.051, 2, 51, 44.98 W, 1140 MHz, 0 %, 62466 MiB
2026/10/03 14:05:21.051, 3, 48, 42.62 W, 1140 MHz, 0 %, 62482 MiB
2026/10/03 14:05:23.051, 0, 55, 49.17 W, 1140 MHz, 0 %, 62466 MiB
2026/10/03 14:05:23.051, 1, 63, 51.73 W, 1140 MHz, 0 %, 62482 MiB
2026/10/03 14:05:23.052, 2, 51, 44.98 W, 1140 MHz, 0 %, 62466 MiB
2026/10/03 14:05:23.052, 3, 48, 42.52 W, 1140 MHz, 0 %, 62482 MiB
2026/10/03 14:05:25.052, 0, 55, 48.97 W, 1140 MHz, 0 %, 62466 MiB
2026/10/03 14:05:25.053, 1, 63, 51.63 W, 1140 MHz, 0 %, 62482 MiB
2026/10/03 14:05:25.053, 2, 51, 44.79 W, 1140 MHz, 0 %, 62466 MiB
2026/10/03 14:05:25.053, 3, 48, 42.43 W, 1140 MHz, 0 %, 62482 MiB
2026/10/03 14:05:27.053, 0, 54, 48.97 W, 1140 MHz, 0 %, 62466 MiB
2026/10/03 14:05:27.054, 1, 63, 51.63 W, 1140 MHz, 0 %, 62482 MiB
2026/10/03 14:05:27.054, 2, 51, 44.89 W, 1140 MHz, 0 %, 62466 MiB
2026/10/03 14:05:27.054, 3, 48, 42.62 W, 1140 MHz, 0 %, 62482 MiB
2026/10/03 14:05:29.055, 0, 54, 48.78 W, 1140 MHz, 0 %, 62466 MiB
2026/10/03 14:05:29.055, 1, 63, 51.35 W, 1140 MHz, 0 %, 62482 MiB
2026/10/03 14:05:29.055, 2, 50, 44.69 W, 1140 MHz, 0 %, 62466 MiB
2026/10/03 14:05:29.055, 3, 48, 42.24 W, 1140 MHz, 0 %, 62482 MiB
2026/10/03 14:05:31.056, 0, 54, 48.78 W, 1140 MHz, 0 %, 62466 MiB
2026/10/03 14:05:31.058, 1, 62, 51.35 W, 1140 MHz, 0 %, 62482 MiB
2026/10/03 14:05:31.058, 2, 50, 44.68 W, 1140 MHz, 0 %, 62466 MiB
2026/10/03 14:05:31.058, 3, 48, 42.24 W, 1140 MHz, 0 %, 62482 MiB
2026/10/03 14:05:33.058, 0, 57, 77.27 W, 1410 MHz, 91 %, 62946 MiB
2026/10/03 14:05:33.059, 1, 66, 135.12 W, 1335 MHz, 95 %, 62962 MiB
2026/10/03 14:05:33.059, 2, 54, 135.05 W, 1305 MHz, 95 %, 62946 MiB
2026/10/03 14:05:33.059, 3, 50, 61.06 W, 1410 MHz, 99 %, 62962 MiB
2026/10/03 14:05:35.059, 0, 58, 111.66 W, 1410 MHz, 86 %, 63286 MiB
2026/10/03 14:05:35.060, 1, 66, 82.35 W, 1305 MHz, 92 %, 63302 MiB
2026/10/03 14:05:35.060, 2, 54, 122.11 W, 1350 MHz, 98 %, 63286 MiB
2026/10/03 14:05:35.060, 3, 51, 120.42 W, 1365 MHz, 97 %, 63302 MiB
2026/10/03 14:05:37.060, 0, 57, 128.65 W, 1410 MHz, 92 %, 63286 MiB
2026/10/03 14:05:37.061, 1, 66, 113.62 W, 1365 MHz, 86 %, 63302 MiB
2026/10/03 14:05:37.061, 2, 54, 152.07 W, 1275 MHz, 93 %, 63286 MiB
2026/10/03 14:05:37.061, 3, 51, 66.29 W, 1410 MHz, 98 %, 63302 MiB
2026/10/03 14:05:39.061, 0, 55, 56.35 W, 1410 MHz, 0 %, 63286 MiB
2026/10/03 14:05:39.062, 1, 64, 69.82 W, 1410 MHz, 0 %, 63302 MiB
2026/10/03 14:05:39.062, 2, 52, 60.58 W, 1410 MHz, 0 %, 63286 MiB
2026/10/03 14:05:39.062, 3, 49, 48.21 W, 1410 MHz, 0 %, 63302 MiB
2026/10/03 14:05:41.063, 0, 54, 48.78 W, 1140 MHz, 0 %, 63286 MiB
2026/10/03 14:05:41.063, 1, 63, 51.44 W, 1140 MHz, 0 %, 63302 MiB
2026/10/03 14:05:41.063, 2, 51, 44.68 W, 1140 MHz, 0 %, 63286 MiB
2026/10/03 14:05:41.063, 3, 48, 42.33 W, 1140 MHz, 0 %, 63302 MiB
2026/10/03 14:05:43.064, 0, 54, 48.68 W, 1140 MHz, 0 %, 63286 MiB
2026/10/03 14:05:43.064, 1, 62, 51.62 W, 1140 MHz, 0 %, 63302 MiB
2026/10/03 14:05:43.064, 2, 50, 44.49 W, 1140 MHz, 0 %, 63286 MiB
2026/10/03 14:05:43.065, 3, 48, 42.53 W, 1140 MHz, 0 %, 63302 MiB
2026/10/03 14:05:45.065, 0, 54, 48.58 W, 1140 MHz, 0 %, 63286 MiB
2026/10/03 14:05:45.065, 1, 62, 51.35 W, 1140 MHz, 0 %, 63302 MiB
2026/10/03 14:05:45.065, 2, 50, 44.59 W, 1140 MHz, 0 %, 63286 MiB
2026/10/03 14:05:45.066, 3, 48, 42.24 W, 1140 MHz, 0 %, 63302 MiB
2026/10/03 14:05:47.066, 0, 54, 48.49 W, 1140 MHz, 0 %, 63286 MiB
2026/10/03 14:05:47.066, 1, 62, 50.97 W, 1140 MHz, 0 %, 63302 MiB
2026/10/03 14:05:47.066, 2, 50, 44.40 W, 1140 MHz, 0 %, 63286 MiB
2026/10/03 14:05:47.067, 3, 48, 42.24 W, 1140 MHz, 0 %, 63302 MiB
2026/10/03 14:05:49.067, 0, 54, 48.39 W, 1140 MHz, 0 %, 63286 MiB
2026/10/03 14:05:49.068, 1, 62, 50.88 W, 1140 MHz, 0 %, 63302 MiB
2026/10/03 14:05:49.068, 2, 50, 44.30 W, 1140 MHz, 0 %, 63286 MiB
2026/10/03 14:05:49.068, 3, 47, 42.14 W, 1140 MHz, 0 %, 63302 MiB
2026/10/03 14:05:51.068, 0, 54, 48.68 W, 1140 MHz, 0 %, 63286 MiB
2026/10/03 14:05:51.069, 1, 62, 50.76 W, 1140 MHz, 0 %, 63302 MiB
2026/10/03 14:05:51.069, 2, 49, 44.30 W, 1140 MHz, 0 %, 63286 MiB
2026/10/03 14:05:51.069, 3, 47, 42.14 W, 1140 MHz, 0 %, 63302 MiB
2026/10/03 14:05:53.069, 0, 53, 48.39 W, 1140 MHz, 0 %, 63286 MiB
2026/10/03 14:05:53.070, 1, 61, 50.57 W, 1140 MHz, 0 %, 63302 MiB
2026/10/03 14:05:53.070, 2, 49, 44.10 W, 1140 MHz, 0 %, 63286 MiB
2026/10/03 14:05:53.070, 3, 47, 42.03 W, 1140 MHz, 0 %, 63302 MiB
2026/10/03 14:05:55.070, 0, 53, 48.19 W, 1140 MHz, 0 %, 63286 MiB
2026/10/03 14:05:55.071, 1, 61, 50.57 W, 1140 MHz, 0 %, 63302 MiB
2026/10/03 14:05:55.071, 2, 49, 44.10 W, 1140 MHz, 0 %, 63286 MiB
2026/10/03 14:05:55.071, 3, 47, 42.03 W, 1140 MHz, 0 %, 63302 MiB
2026/10/03 14:05:57.072, 0, 53, 48.09 W, 1140 MHz, 0 %, 63286 MiB
2026/10/03 14:05:57.072, 1, 61, 50.40 W, 1140 MHz, 0 %, 63302 MiB
2026/10/03 14:05:57.072, 2, 49, 44.00 W, 1140 MHz, 0 %, 63286 MiB
2026/10/03 14:05:57.072, 3, 47, 41.94 W, 1140 MHz, 0 %, 63302 MiB
2026/10/03 14:05:59.073, 0, 53, 48.00 W, 1140 MHz, 0 %, 63286 MiB
2026/10/03 14:05:59.078, 1, 61, 50.40 W, 1140 MHz, 0 %, 63302 MiB
2026/10/03 14:05:59.079, 2, 49, 44.00 W, 1140 MHz, 0 %, 63286 MiB
2026/10/03 14:05:59.079, 3, 47, 41.94 W, 1140 MHz, 0 %, 63302 MiB
2026/10/03 14:06:01.079, 0, 53, 47.91 W, 1140 MHz, 0 %, 63286 MiB
2026/10/03 14:06:01.080, 1, 61, 50.38 W, 1140 MHz, 0 %, 63302 MiB
2026/10/03 14:06:01.080, 2, 48, 43.91 W, 1140 MHz, 0 %, 63286 MiB
2026/10/03 14:06:01.080, 3, 47, 42.53 W, 1140 MHz, 0 %, 63302 MiB
2026/10/03 14:06:03.080, 0, 53, 47.90 W, 1140 MHz, 0 %, 63286 MiB
2026/10/03 14:06:03.081, 1, 61, 50.38 W, 1140 MHz, 0 %, 63302 MiB
2026/10/03 14:06:03.081, 2, 48, 44.30 W, 1140 MHz, 0 %, 63286 MiB
2026/10/03 14:06:03.082, 3, 47, 42.33 W, 1140 MHz, 0 %, 63302 MiB
2026/10/03 14:06:05.082, 0, 53, 47.82 W, 1140 MHz, 0 %, 63286 MiB
2026/10/03 14:06:05.082, 1, 61, 50.19 W, 1140 MHz, 0 %, 63302 MiB
2026/10/03 14:06:05.083, 2, 48, 43.91 W, 1140 MHz, 0 %, 63286 MiB
2026/10/03 14:06:05.083, 3, 47, 42.14 W, 1140 MHz, 0 %, 63302 MiB
2026/10/03 14:06:07.083, 0, 52, 47.62 W, 1140 MHz, 0 %, 63286 MiB
2026/10/03 14:06:07.084, 1, 60, 50.11 W, 1140 MHz, 0 %, 63302 MiB
2026/10/03 14:06:07.084, 2, 48, 43.81 W, 1140 MHz, 0 %, 63286 MiB
2026/10/03 14:06:07.084, 3, 46, 42.24 W, 1140 MHz, 0 %, 63302 MiB
2026/10/03 14:06:09.084, 0, 52, 47.71 W, 1140 MHz, 4 %, 63286 MiB
2026/10/03 14:06:09.085, 1, 60, 49.92 W, 1140 MHz, 4 %, 63302 MiB
2026/10/03 14:06:09.085, 2, 48, 43.71 W, 1140 MHz, 4 %, 63286 MiB
2026/10/03 14:06:09.085, 3, 46, 42.14 W, 1140 MHz, 8 %, 63302 MiB
2026/10/03 14:06:11.085, 0, 55, 64.77 W, 1410 MHz, 99 %, 63346 MiB
2026/10/03 14:06:11.086, 1, 63, 149.76 W, 1320 MHz, 98 %, 63362 MiB
2026/10/03 14:06:11.086, 2, 51, 177.19 W, 1365 MHz, 99 %, 63346 MiB
2026/10/03 14:06:11.086, 3, 49, 136.04 W, 1410 MHz, 97 %, 63362 MiB
2026/10/03 14:06:13.086, 0, 56, 101.47 W, 1410 MHz, 98 %, 63706 MiB
2026/10/03 14:06:13.087, 1, 64, 146.31 W, 1260 MHz, 87 %, 63722 MiB
2026/10/03 14:06:13.087, 2, 52, 115.36 W, 1335 MHz, 98 %, 63706 MiB
2026/10/03 14:06:13.087, 3, 50, 125.28 W, 1380 MHz, 97 %, 63722 MiB
2026/10/03 14:06:15.087, 0, 56, 145.46 W, 1410 MHz, 99 %, 63706 MiB
2026/10/03 14:06:15.088, 1, 65, 111.43 W, 1320 MHz, 96 %, 63722 MiB
2026/10/03 14:06:15.088, 2, 52, 76.94 W, 1320 MHz, 95 %, 63706 MiB
2026/10/03 14:06:15.088, 3, 49, 57.75 W, 1410 MHz, 95 %, 63722 MiB
2026/10/03 14:06:17.088, 0, 54, 55.58 W, 1410 MHz, 0 %, 63706 MiB
2026/10/03 14:06:17.089, 1, 62, 66.63 W, 1395 MHz, 0 %, 63722 MiB
2026/10/03 14:06:17.089, 2, 50, 59.62 W, 1410 MHz, 0 %, 63706 MiB
2026/10/03 14:06:17.089, 3, 48, 48.39 W, 1410 MHz, 0 %, 63722 MiB
2026/10/03 14:06:19.090, 0, 53, 47.90 W, 1140 MHz, 0 %, 63706 MiB
2026/10/03 14:06:19.090, 1, 61, 50.48 W, 1140 MHz, 0 %, 63722 MiB
2026/10/03 14:06:19.090, 2, 49, 44.10 W, 1140 MHz, 0 %, 63706 MiB
2026/10/03 14:06:19.090, 3, 47, 42.33 W, 1140 MHz, 0 %, 63722 MiB
2026/10/03 14:06:21.091, 0, 53, 47.81 W, 1140 MHz, 0 %, 63706 MiB
2026/10/03 14:06:21.091, 1, 61, 50.29 W, 1140 MHz, 0 %, 63722 MiB
2026/10/03 14:06:21.091, 2, 48, 43.91 W, 1140 MHz, 0 %, 63706 MiB
2026/10/03 14:06:21.091, 3, 47, 42.43 W, 1140 MHz, 0 %, 63722 MiB
2026/10/03 14:06:23.092, 0, 52, 47.81 W, 1140 MHz, 0 %, 63706 MiB
2026/10/03 14:06:23.092, 1, 60, 50.19 W, 1140 MHz, 0 %, 63722 MiB
2026/10/03 14:06:23.092, 2, 48, 43.81 W, 1140 MHz, 0 %, 63706 MiB
2026/10/03 14:06:23.093, 3, 47, 42.43 W, 1140 MHz, 0 %, 63722 MiB
2026/10/03 14:06:25.093, 0, 52, 47.72 W, 1140 MHz, 0 %, 63706 MiB
2026/10/03 14:06:25.093, 1, 60, 50.10 W, 1140 MHz, 0 %, 63722 MiB
2026/10/03 14:06:25.093, 2, 48, 43.81 W, 1140 MHz, 0 %, 63706 MiB
2026/10/03 14:06:25.094, 3, 46, 42.14 W, 1140 MHz, 0 %, 63722 MiB
2026/10/03 14:06:27.094, 0, 52, 48.00 W, 1140 MHz, 0 %, 63706 MiB
2026/10/03 14:06:27.095, 1, 60, 50.00 W, 1140 MHz, 0 %, 63722 MiB
2026/10/03 14:06:27.095, 2, 48, 43.72 W, 1140 MHz, 0 %, 63706 MiB
2026/10/03 14:06:27.095, 3, 46, 42.14 W, 1140 MHz, 0 %, 63722 MiB
2026/10/03 14:06:29.095, 0, 52, 47.81 W, 1140 MHz, 0 %, 63706 MiB
2026/10/03 14:06:29.096, 1, 60, 49.92 W, 1140 MHz, 0 %, 63722 MiB
2026/10/03 14:06:29.096, 2, 48, 43.72 W, 1140 MHz, 0 %, 63706 MiB
2026/10/03 14:06:29.096, 3, 46, 42.14 W, 1140 MHz, 0 %, 63722 MiB
2026/10/03 14:06:31.096, 0, 52, 47.72 W, 1140 MHz, 0 %, 63706 MiB
2026/10/03 14:06:31.097, 1, 60, 49.83 W, 1140 MHz, 0 %, 63722 MiB
2026/10/03 14:06:31.097, 2, 47, 43.72 W, 1140 MHz, 0 %, 63706 MiB
2026/10/03 14:06:31.097, 3, 46, 42.14 W, 1140 MHz, 0 %, 63722 MiB
2026/10/03 14:06:33.097, 0, 52, 47.63 W, 1140 MHz, 0 %, 63706 MiB
2026/10/03 14:06:33.098, 1, 60, 50.21 W, 1140 MHz, 0 %, 63722 MiB
2026/10/03 14:06:33.098, 2, 47, 43.52 W, 1140 MHz, 0 %, 63706 MiB
2026/10/03 14:06:33.098, 3, 46, 42.03 W, 1140 MHz, 0 %, 63722 MiB
2026/10/03 14:06:35.099, 0, 52, 47.52 W, 1140 MHz, 0 %, 63706 MiB
2026/10/03 14:06:35.099, 1, 60, 49.92 W, 1140 MHz, 0 %, 63722 MiB
2026/10/03 14:06:35.099, 2, 47, 43.91 W, 1140 MHz, 0 %, 63706 MiB
2026/10/03 14:06:35.099, 3, 46, 42.33 W, 1140 MHz, 0 %, 63722 MiB
2026/10/03 14:06:37.100, 0, 52, 47.42 W, 1140 MHz, 0 %, 63706 MiB
2026/10/03 14:06:37.100, 1, 60, 49.83 W, 1140 MHz, 0 %, 63722 MiB
2026/10/03 14:06:37.100, 2, 47, 43.72 W, 1140 MHz, 0 %, 63706 MiB
2026/10/03 14:06:37.100, 3, 46, 42.14 W, 1140 MHz, 0 %, 63722 MiB
2026/10/03 14:06:39.101, 0, 54, 131.20 W, 1395 MHz, 98 %, 63786 MiB
2026/10/03 14:06:39.101, 1, 63, 133.37 W, 1365 MHz, 95 %, 63802 MiB
2026/10/03 14:06:39.101, 2, 50, 72.13 W, 1365 MHz, 94 %, 63786 MiB
2026/10/03 14:06:39.101, 3, 49, 65.87 W, 1410 MHz, 97 %, 63802 MiB
2026/10/03 14:06:41.102, 0, 55, 131.28 W, 1410 MHz, 96 %, 63786 MiB
2026/10/03 14:06:41.102, 1, 63, 92.75 W, 1395 MHz, 97 %, 63802 MiB
2026/10/03 14:06:41.102, 2, 51, 154.37 W, 1395 MHz, 97 %, 63786 MiB
2026/10/03 14:06:41.103, 3, 49, 108.90 W, 1410 MHz, 99 %, 63802 MiB
2026/10/03 14:06:43.103, 0, 56, 72.69 W, 1365 MHz, 90 %, 63786 MiB
2026/10/03 14:06:43.103, 1, 63, 145.44 W, 1350 MHz, 95 %, 63802 MiB
2026/10/03 14:06:43.103, 2, 51, 117.21 W, 1380 MHz, 98 %, 63786 MiB
2026/10/03 14:06:43.104, 3, 49, 55.17 W, 1410 MHz, 98 %, 63802 MiB
2026/10/03 14:06:45.104, 0, 53, 54.99 W, 1410 MHz, 0 %, 63786 MiB
2026/10/03 14:06:45.104, 1, 61, 67.88 W, 1410 MHz, 0 %, 63802 MiB
2026/10/03 14:06:45.105, 2, 49, 59.52 W, 1410 MHz, 0 %, 63786 MiB
2026/10/03 14:06:45.105, 3, 47, 47.63 W, 1410 MHz, 0 %, 63802 MiB
2026/10/03 14:06:47.105, 0, 52, 47.71 W, 1140 MHz, 0 %, 63786 MiB
2026/10/03 14:06:47.106, 1, 60, 50.19 W, 1140 MHz, 0 %, 63802 MiB
2026/10/03 14:06:47.106, 2, 48, 43.91 W, 1140 MHz, 0 %, 63786 MiB
2026/10/03 14:06:47.106, 3, 47, 42.14 W, 1140 MHz, 0 %, 63802 MiB
2026/10/03 14:06:49.107, 0, 52, 47.51 W, 1140 MHz, 0 %, 63786 MiB
2026/10/03 14:06:49.107, 1, 60, 49.81 W, 1140 MHz, 0 %, 63802 MiB
2026/10/03 14:06:49.107, 2, 47, 43.72 W, 1140 MHz, 0 %, 63786 MiB
2026/10/03 14:06:49.107, 3, 46, 42.33 W, 1140 MHz, 0 %, 63802 MiB
2026/10/03 14:06:51.108, 0, 52, 47.41 W, 1140 MHz, 0 %, 63786 MiB
2026/10/03 14:06:51.108, 1, 60, 49.71 W, 1140 MHz, 0 %, 63802 MiB
2026/10/03 14:06:51.108, 2, 47, 43.52 W, 1140 MHz, 0 %, 63786 MiB
2026/10/03 14:06:51.109, 3, 46, 42.24 W, 1140 MHz, 0 %, 63802 MiB
2026/10/03 14:06:53.109, 0, 52, 47.41 W, 1140 MHz, 0 %, 63786 MiB
2026/10/03 14:06:53.109, 1, 60, 49.51 W, 1140 MHz, 0 %, 63802 MiB
2026/10/03 14:06:53.109, 2, 47, 43.52 W, 1140 MHz, 0 %, 63786 MiB
2026/10/03 14:06:53.110, 3, 46, 42.03 W, 1140 MHz, 0 %, 63802 MiB
2026/10/03 14:06:55.110, 0, 52, 47.22 W, 1140 MHz, 0 %, 63786 MiB
2026/10/03 14:06:55.111, 1, 60, 49.61 W, 1140 MHz, 0 %, 63802 MiB
2026/10/03 14:06:55.111, 2, 47, 43.43 W, 1140 MHz, 0 %, 63786 MiB
2026/10/03 14:06:55.111, 3, 46, 41.84 W, 1140 MHz, 0 %, 63802 MiB
2026/10/03 14:06:57.111, 0, 52, 47.22 W, 1140 MHz, 0 %, 63786 MiB
2026/10/03 14:06:57.112, 1, 59, 49.42 W, 1140 MHz, 0 %, 63802 MiB
2026/10/03 14:06:57.112, 2, 47, 43.32 W, 1140 MHz, 0 %, 63786 MiB
2026/10/03 14:06:57.112, 3, 46, 41.94 W, 1140 MHz, 0 %, 63802 MiB
2026/10/03 14:06:59.112, 0, 51, 47.32 W, 1140 MHz, 0 %, 63786 MiB
2026/10/03 14:06:59.113, 1, 59, 49.31 W, 1140 MHz, 0 %, 63802 MiB
2026/10/03 14:06:59.113, 2, 47, 43.32 W, 1140 MHz, 0 %, 63786 MiB
2026/10/03 14:06:59.113, 3, 46, 41.83 W, 1140 MHz, 0 %, 63802 MiB
2026/10/03 14:07:01.113, 0, 51, 47.51 W, 1140 MHz, 0 %, 63786 MiB
2026/10/03 14:07:01.114, 1, 59, 49.50 W, 1140 MHz, 0 %, 63802 MiB
2026/10/03 14:07:01.114, 2, 47, 43.22 W, 1140 MHz, 0 %, 63786 MiB
2026/10/03 14:07:01.114, 3, 46, 41.84 W, 1140 MHz, 0 %, 63802 MiB
2026/10/03 14:07:03.115, 0, 51, 47.32 W, 1140 MHz, 0 %, 63786 MiB
2026/10/03 14:07:03.115, 1, 59, 49.51 W, 1140 MHz, 0 %, 63802 MiB
2026/10/03 14:07:03.115, 2, 46, 43.13 W, 1140 MHz, 0 %, 63786 MiB
2026/10/03 14:07:03.115, 3, 46, 41.84 W, 1140 MHz, 0 %, 63802 MiB
2026/10/03 14:07:05.116, 0, 51, 47.13 W, 1140 MHz, 0 %, 63786 MiB
2026/10/03 14:07:05.116, 1, 59, 49.23 W, 1140 MHz, 0 %, 63802 MiB
2026/10/03 14:07:05.117, 2, 46, 43.52 W, 1140 MHz, 0 %, 63786 MiB
2026/10/03 14:07:05.117, 3, 46, 41.75 W, 1140 MHz, 0 %, 63802 MiB
2026/10/03 14:07:07.117, 0, 51, 47.04 W, 1140 MHz, 0 %, 63786 MiB
2026/10/03 14:07:07.118, 1, 59, 49.13 W, 1140 MHz, 0 %, 63802 MiB
2026/10/03 14:07:07.118, 2, 46, 43.32 W, 1140 MHz, 0 %, 63786 MiB
2026/10/03 14:07:07.118, 3, 46, 41.75 W, 1140 MHz, 0 %, 63802 MiB
2026/10/03 14:07:09.118, 0, 51, 47.03 W, 1140 MHz, 0 %, 63786 MiB
2026/10/03 14:07:09.119, 1, 59, 49.04 W, 1140 MHz, 0 %, 63802 MiB
2026/10/03 14:07:09.119, 2, 46, 43.24 W, 1140 MHz, 0 %, 63786 MiB
2026/10/03 14:07:09.119, 3, 45, 41.94 W, 1140 MHz, 0 %, 63802 MiB
2026/10/03 14:07:11.119, 0, 54, 66.31 W, 1380 MHz, 98 %, 63786 MiB
2026/10/03 14:07:11.120, 1, 62, 84.17 W, 1320 MHz, 94 %, 63802 MiB
2026/10/03 14:07:11.120, 2, 50, 180.50 W, 1380 MHz, 99 %, 63786 MiB
2026/10/03 14:07:11.120, 3, 48, 122.67 W, 1410 MHz, 99 %, 63802 MiB
2026/10/03 14:07:13.120, 0, 54, 86.73 W, 1410 MHz, 99 %, 63786 MiB
2026/10/03 14:07:13.121, 1, 62, 105.94 W, 1260 MHz, 96 %, 63802 MiB
2026/10/03 14:07:13.121, 2, 50, 66.62 W, 1380 MHz, 96 %, 63786 MiB
2026/10/03 14:07:13.121, 3, 48, 55.85 W, 1410 MHz, 99 %, 63802 MiB
2026/10/03 14:07:15.121, 0, 55, 134.31 W, 1410 MHz, 99 %, 63786 MiB
2026/10/03 14:07:15.122, 1, 63, 161.48 W, 1320 MHz, 99 %, 63802 MiB
2026/10/03 14:07:15.122, 2, 50, 73.05 W, 1395 MHz, 99 %, 63786 MiB
2026/10/03 14:07:15.122, 3, 48, 62.52 W, 1410 MHz, 99 %, 63802 MiB
2026/10/03 14:07:17.122, 0, 52, 54.80 W, 1410 MHz, 0 %, 63786 MiB
2026/10/03 14:07:17.123, 1, 61, 66.90 W, 1410 MHz, 0 %, 63802 MiB
2026/10/03 14:07:17.123, 2, 48, 58.56 W, 1410 MHz, 0 %, 63786 MiB
2026/10/03 14:07:17.123, 3, 47, 47.64 W, 1410 MHz, 0 %, 63802 MiB
2026/10/03 14:07:19.123, 0, 52, 47.51 W, 1140 MHz, 0 %, 63786 MiB
2026/10/03 14:07:19.124, 1, 60, 49.51 W, 1140 MHz, 0 %, 63802 MiB
2026/10/03 14:07:19.124, 2, 47, 43.51 W, 1140 MHz, 0 %, 63786 MiB
2026/10/03 14:07:19.124, 3, 46, 42.03 W, 1140 MHz, 0 %, 63802 MiB
2026/10/03 14:07:21.125, 0, 51, 47.32 W, 1140 MHz, 0 %, 63786 MiB
2026/10/03 14:07:21.125, 1, 59, 49.31 W, 1140 MHz, 0 %, 63802 MiB
2026/10/03 14:07:21.125, 2, 47, 43.52 W, 1140 MHz, 0 %, 63786 MiB
2026/10/03 14:07:21.125, 3, 46, 41.94 W, 1140 MHz, 0 %, 63802 MiB
2026/10/03 14:07:23.126, 0, 51, 47.30 W, 1140 MHz, 0 %, 63786 MiB
2026/10/03 14:07:23.126, 1, 59, 49.21 W, 1140 MHz, 0 %, 63802 MiB
2026/10/03 14:07:23.126, 2, 46, 43.32 W, 1140 MHz, 0 %, 63786 MiB
2026/10/03 14:07:23.126, 3, 46, 42.24 W, 1140 MHz, 0 %, 63802 MiB
2026/10/03 14:07:25.127, 0, 51, 47.22 W, 1140 MHz, 0 %, 63786 MiB
2026/10/03 14:07:25.127, 1, 59, 49.31 W, 1140 MHz, 0 %, 63802 MiB
2026/10/03 14:07:25.127, 2, 46, 43.22 W, 1140 MHz, 0 %, 63786 MiB
2026/10/03 14:07:25.128, 3, 46, 42.05 W, 1140 MHz, 0 %, 63802 MiB
2026/10/03 14:07:27.128, 0, 51, 47.13 W, 1140 MHz, 0 %, 63786 MiB
2026/10/03 14:07:27.128, 1, 59, 49.12 W, 1140 MHz, 0 %, 63802 MiB
2026/10/03 14:07:27.128, 2, 46, 43.33 W, 1140 MHz, 0 %, 63786 MiB
2026/10/03 14:07:27.129, 3, 46, 41.94 W, 1140 MHz, 0 %, 63802 MiB
2026/10/03 14:07:29.129, 0, 51, 47.13 W, 1140 MHz, 0 %, 63786 MiB
2026/10/03 14:07:29.130, 1, 59, 49.12 W, 1140 MHz, 0 %, 63802 MiB
2026/10/03 14:07:29.130, 2, 46, 43.13 W, 1140 MHz, 0 %, 63786 MiB
2026/10/03 14:07:29.130, 3, 45, 41.84 W, 1140 MHz, 0 %, 63802 MiB
2026/10/03 14:07:31.130, 0, 51, 47.03 W, 1140 MHz, 0 %, 63786 MiB
2026/10/03 14:07:31.131, 1, 58, 49.21 W, 1140 MHz, 0 %, 63802 MiB
2026/10/03 14:07:31.131, 2, 46, 43.13 W, 1140 MHz, 0 %, 63786 MiB
2026/10/03 14:07:31.131, 3, 45, 41.94 W, 1140 MHz, 0 %, 63802 MiB
2026/10/03 14:07:33.131, 0, 51, 47.22 W, 1140 MHz, 0 %, 63786 MiB
2026/10/03 14:07:33.132, 1, 58, 49.04 W, 1140 MHz, 0 %, 63802 MiB
2026/10/03 14:07:33.132, 2, 46, 43.52 W, 1140 MHz, 0 %, 63786 MiB
2026/10/03 14:07:33.132, 3, 45, 41.84 W, 1140 MHz, 0 %, 63802 MiB
2026/10/03 14:07:35.132, 0, 53, 69.19 W, 1410 MHz, 99 %, 63786 MiB
2026/10/03 14:07:35.133, 1, 61, 138.85 W, 1335 MHz, 93 %, 63802 MiB
2026/10/03 14:07:35.133, 2, 49, 100.96 W, 1335 MHz, 99 %, 63786 MiB
2026/10/03 14:07:35.133, 3, 48, 54.50 W, 1410 MHz, 97 %, 63802 MiB
2026/10/03 14:07:37.133, 0, 55, 133.79 W, 1410 MHz, 96 %, 63786 MiB
2026/10/03 14:07:37.134, 1, 62, 96.59 W, 1320 MHz, 98 %, 63802 MiB
2026/10/03 14:07:37.134, 2, 49, 61.85 W, 1380 MHz, 99 %, 63786 MiB
2026/10/03 14:07:37.134, 3, 48, 142.60 W, 1410 MHz, 98 %, 63802 MiB
2026/10/03 14:07:39.134, 0, 52, 54.42 W, 1410 MHz, 0 %, 63786 MiB
2026/10/03 14:07:39.135, 1, 60, 66.25 W, 1410 MHz, 0 %, 63802 MiB
2026/10/03 14:07:39.135, 2, 47, 58.29 W, 1410 MHz, 0 %, 63786 MiB
2026/10/03 14:07:39.135, 3, 46, 47.83 W, 1410 MHz, 0 %, 63802 MiB
2026/10/03 14:07:41.135, 0, 54, 70.47 W, 1410 MHz, 98 %, 63786 MiB
2026/10/03 14:07:41.136, 1, 62, 151.27 W, 1380 MHz, 98 %, 63802 MiB
2026/10/03 14:07:41.136, 2, 49, 59.71 W, 1380 MHz, 99 %, 63786 MiB
2026/10/03 14:07:41.136, 3, 48, 57.45 W, 1410 MHz, 99 %, 63802 MiB
2026/10/03 14:07:43.137, 0, 54, 73.32 W, 1410 MHz, 95 %, 63786 MiB
2026/10/03 14:07:43.137, 1, 62, 76.70 W, 1335 MHz, 99 %, 63802 MiB
2026/10/03 14:07:43.137, 2, 50, 71.42 W, 1395 MHz, 99 %, 63786 MiB
2026/10/03 14:07:43.137, 3, 49, 119.89 W, 1410 MHz, 99 %, 63802 MiB
2026/10/03 14:07:45.138, 0, 52, 58.07 W, 1410 MHz, 0 %, 63786 MiB
2026/10/03 14:07:45.138, 1, 60, 71.72 W, 1410 MHz, 0 %, 63802 MiB
2026/10/03 14:07:45.138, 2, 48, 63.46 W, 1410 MHz, 0 %, 63786 MiB
2026/10/03 14:07:45.139, 3, 47, 50.91 W, 1410 MHz, 0 %, 63802 MiB
2026/10/03 14:07:47.139, 0, 55, 123.47 W, 1410 MHz, 95 %, 63786 MiB
2026/10/03 14:07:47.139, 1, 63, 122.96 W, 1395 MHz, 91 %, 63802 MiB
2026/10/03 14:07:47.140, 2, 51, 122.49 W, 1395 MHz, 92 %, 63786 MiB
2026/10/03 14:07:47.140, 3, 49, 103.64 W, 1410 MHz, 94 %, 63802 MiB
2026/10/03 14:07:49.140, 0, 52, 54.90 W, 1140 MHz, 0 %, 63786 MiB
2026/10/03 14:07:49.141, 1, 60, 66.52 W, 1140 MHz, 0 %, 63802 MiB
2026/10/03 14:07:49.141, 2, 47, 43.81 W, 1140 MHz, 0 %, 63786 MiB
2026/10/03 14:07:49.141, 3, 46, 42.03 W, 1140 MHz, 0 %, 63802 MiB
2026/10/03 14:07:51.141, 0, 51, 47.32 W, 1140 MHz, 0 %, 63786 MiB
2026/10/03 14:07:51.142, 1, 59, 49.40 W, 1140 MHz, 0 %, 63802 MiB
2026/10/03 14:07:51.142, 2, 47, 43.43 W, 1140 MHz, 0 %, 63786 MiB
2026/10/03 14:07:51.142, 3, 46, 41.94 W, 1140 MHz, 0 %, 63802 MiB
2026/10/03 14:07:53.143, 0, 51, 47.13 W, 1140 MHz, 0 %, 63786 MiB
2026/10/03 14:07:53.143, 1, 59, 49.21 W, 1140 MHz, 0 %, 63802 MiB
2026/10/03 14:07:53.143, 2, 46, 43.32 W, 1140 MHz, 0 %, 63786 MiB
2026/10/03 14:07:53.144, 3, 46, 41.84 W, 1140 MHz, 0 %, 63802 MiB
2026/10/03 14:07:55.144, 0, 51, 47.03 W, 1140 MHz, 0 %, 63786 MiB
2026/10/03 14:07:55.144, 1, 59, 49.13 W, 1140 MHz, 0 %, 63802 MiB
2026/10/03 14:07:55.144, 2, 46, 43.13 W, 1140 MHz, 0 %, 63786 MiB
2026/10/03 14:07:55.145, 3, 46, 42.03 W, 1140 MHz, 0 %, 63802 MiB
2026/10/03 14:07:57.145, 0, 51, 47.03 W, 1140 MHz, 0 %, 63786 MiB
2026/10/03 14:07:57.147, 1, 59, 49.31 W, 1140 MHz, 0 %, 63802 MiB
2026/10/03 14:07:57.147, 2, 46, 43.03 W, 1140 MHz, 0 %, 63786 MiB
2026/10/03 14:07:57.147, 3, 46, 41.84 W, 1140 MHz, 0 %, 63802 MiB
2026/10/03 14:07:59.148, 0, 51, 46.94 W, 1140 MHz, 0 %, 63786 MiB
2026/10/03 14:07:59.148, 1, 58, 48.94 W, 1140 MHz, 0 %, 63802 MiB
2026/10/03 14:07:59.148, 2, 46, 43.24 W, 1140 MHz, 0 %, 63786 MiB
2026/10/03 14:07:59.148, 3, 45, 41.75 W, 1140 MHz, 0 %, 63802 MiB
2026/10/03 14:08:01.149, 0, 51, 46.84 W, 1140 MHz, 0 %, 63786 MiB
2026/10/03 14:08:01.149, 1, 58, 48.83 W, 1140 MHz, 0 %, 63802 MiB
2026/10/03 14:08:01.149, 2, 46, 43.05 W, 1140 MHz, 0 %, 63786 MiB
2026/10/03 14:08:01.150, 3, 45, 41.75 W, 1140 MHz, 0 %, 63802 MiB
2026/10/03 14:08:03.150, 0, 51, 46.74 W, 1140 MHz, 0 %, 63786 MiB
2026/10/03 14:08:03.151, 1, 58, 48.85 W, 1140 MHz, 0 %, 63802 MiB
2026/10/03 14:08:03.151, 2, 46, 43.24 W, 1140 MHz, 0 %, 63786 MiB
2026/10/03 14:08:03.151, 3, 45, 41.56 W, 1140 MHz, 0 %, 63802 MiB
2026/10/03 14:08:05.151, 0, 51, 46.74 W, 1140 MHz, 0 %, 63786 MiB
2026/10/03 14:08:05.152, 1, 58, 48.66 W, 1140 MHz, 0 %, 63802 MiB
2026/10/03 14:08:05.152, 2, 46, 43.05 W, 1140 MHz, 0 %, 63786 MiB
2026/10/03 14:08:05.152, 3, 45, 41.75 W, 1140 MHz, 0 %, 63802 MiB
2026/10/03 14:08:07.153, 0, 50, 46.94 W, 1140 MHz, 0 %, 63786 MiB
2026/10/03 14:08:07.153, 1, 58, 48.56 W, 1140 MHz, 0 %, 63802 MiB
2026/10/03 14:08:07.154, 2, 45, 42.96 W, 1140 MHz, 0 %, 63786 MiB
2026/10/03 14:08:07.154, 3, 45, 41.75 W, 1140 MHz, 0 %, 63802 MiB
2026/10/03 14:08:09.154, 0, 50, 46.84 W, 1140 MHz, 0 %, 63786 MiB
2026/10/03 14:08:09.154, 1, 58, 48.56 W, 1140 MHz, 0 %, 63802 MiB
2026/10/03 14:08:09.155, 2, 45, 42.95 W, 1140 MHz, 0 %, 63786 MiB
2026/10/03 14:08:09.155, 3, 45, 41.65 W, 1140 MHz, 0 %, 63802 MiB
2026/10/03 14:08:11.155, 0, 53, 63.48 W, 1410 MHz, 98 %, 63786 MiB
2026/10/03 14:08:11.155, 1, 60, 87.02 W, 1395 MHz, 97 %, 63802 MiB
2026/10/03 14:08:11.156, 2, 48, 62.03 W, 1395 MHz, 99 %, 63786 MiB
2026/10/03 14:08:11.156, 3, 47, 63.48 W, 1410 MHz, 99 %, 63802 MiB
2026/10/03 14:08:13.156, 0, 54, 81.40 W, 1410 MHz, 99 %, 63786 MiB
2026/10/03 14:08:13.156, 1, 61, 104.33 W, 1380 MHz, 99 %, 63802 MiB
2026/10/03 14:08:13.157, 2, 49, 80.79 W, 1395 MHz, 99 %, 63786 MiB
2026/10/03 14:08:13.157, 3, 48, 63.20 W, 1410 MHz, 99 %, 63802 MiB
2026/10/03 14:08:15.157, 0, 55, 133.22 W, 1365 MHz, 95 %, 63786 MiB
2026/10/03 14:08:15.157, 1, 62, 118.71 W, 1290 MHz, 97 %, 63802 MiB
2026/10/03 14:08:15.158, 2, 50, 63.73 W, 1335 MHz, 99 %, 63786 MiB
2026/10/03 14:08:15.158, 3, 49, 121.70 W, 1410 MHz, 98 %, 63802 MiB
2026/10/03 14:08:17.158, 0, 52, 54.99 W, 1410 MHz, 0 %, 63786 MiB
2026/10/03 14:08:17.159, 1, 60, 65.55 W, 1410 MHz, 0 %, 63802 MiB
2026/10/03 14:08:17.159, 2, 48, 58.29 W, 1410 MHz, 0 %, 63786 MiB
2026/10/03 14:08:17.159, 3, 47, 47.72 W, 1410 MHz, 0 %, 63802 MiB
2026/10/03 14:08:19.160, 0, 51, 47.32 W, 1140 MHz, 0 %, 63786 MiB
2026/10/03 14:08:19.160, 1, 59, 49.12 W, 1140 MHz, 0 %, 63802 MiB
2026/10/03 14:08:19.160, 2, 47, 43.32 W, 1140 MHz, 0 %, 63786 MiB
2026/10/03 14:08:19.160, 3, 46, 41.93 W, 1140 MHz, 0 %, 63802 MiB
2026/10/03 14:08:21.161, 0, 51, 47.03 W, 1140 MHz, 0 %, 63786 MiB
2026/10/03 14:08:21.161, 1, 58, 48.93 W, 1140 MHz, 0 %, 63802 MiB
2026/10/03 14:08:21.161, 2, 46, 43.13 W, 1140 MHz, 0 %, 63786 MiB
2026/10/03 14:08:21.162, 3, 46, 41.93 W, 1140 MHz, 0 %, 63802 MiB
2026/10/03 14:08:23.162, 0, 51, 46.94 W, 1140 MHz, 0 %, 63786 MiB
2026/10/03 14:08:23.162, 1, 58, 49.12 W, 1140 MHz, 0 %, 63802 MiB
2026/10/03 14:08:23.163, 2, 46, 43.13 W, 1140 MHz, 0 %, 63786 MiB
2026/10/03 14:08:23.163, 3, 46, 41.83 W, 1140 MHz, 0 %, 63802 MiB
2026/10/03 14:08:25.163, 0, 51, 46.84 W, 1140 MHz, 0 %, 63786 MiB
2026/10/03 14:08:25.163, 1, 58, 48.83 W, 1140 MHz, 0 %, 63802 MiB
2026/10/03 14:08:25.164, 2, 46, 43.03 W, 1140 MHz, 0 %, 63786 MiB
2026/10/03 14:08:25.164, 3, 45, 41.83 W, 1140 MHz, 0 %, 63802 MiB
2026/10/03 14:08:27.164, 0, 50, 46.84 W, 1140 MHz, 0 %, 63786 MiB
2026/10/03 14:08:27.166, 1, 58, 48.83 W, 1140 MHz, 0 %, 63802 MiB
2026/10/03 14:08:27.166, 2, 46, 43.05 W, 1140 MHz, 0 %, 63786 MiB
2026/10/03 14:08:27.166, 3, 45, 41.83 W, 1140 MHz, 0 %, 63802 MiB
2026/10/03 14:08:29.167, 0, 50, 46.84 W, 1140 MHz, 0 %, 63786 MiB
2026/10/03 14:08:29.167, 1, 58, 48.64 W, 1140 MHz, 0 %, 63802 MiB
2026/10/03 14:08:29.167, 2, 45, 43.03 W, 1140 MHz, 0 %, 63786 MiB
2026/10/03 14:08:29.168, 3, 45, 42.03 W, 1140 MHz, 0 %, 63802 MiB
2026/10/03 14:08:31.168, 0, 50, 46.74 W, 1140 MHz, 0 %, 63786 MiB
2026/10/03 14:08:31.169, 1, 58, 48.54 W, 1140 MHz, 0 %, 63802 MiB
2026/10/03 14:08:31.169, 2, 45, 43.24 W, 1140 MHz, 0 %, 63786 MiB
2026/10/03 14:08:31.169, 3, 45, 41.83 W, 1140 MHz, 0 %, 63802 MiB
2026/10/03 14:08:33.169, 0, 50, 46.74 W, 1140 MHz, 0 %, 63786 MiB
2026/10/03 14:08:33.170, 1, 57, 48.45 W, 1140 MHz, 0 %, 63802 MiB
2026/10/03 14:08:33.170, 2, 45, 43.05 W, 1140 MHz, 0 %, 63786 MiB
2026/10/03 14:08:33.170, 3, 45, 41.93 W, 1140 MHz, 0 %, 63802 MiB
2026/10/03 14:08:35.170, 0, 50, 46.55 W, 1140 MHz, 0 %, 63786 MiB
2026/10/03 14:08:35.171, 1, 57, 48.45 W, 1140 MHz, 5 %, 63802 MiB
2026/10/03 14:08:35.171, 2, 45, 43.14 W, 1140 MHz, 4 %, 63786 MiB
2026/10/03 14:08:35.171, 3, 45, 42.12 W, 1140 MHz, 8 %, 63802 MiB
2026/10/03 14:08:37.172, 0, 53, 84.37 W, 1410 MHz, 95 %, 63786 MiB
2026/10/03 14:08:37.172, 1, 61, 155.71 W, 1230 MHz, 97 %, 63802 MiB
2026/10/03 14:08:37.172, 2, 49, 71.89 W, 1305 MHz, 95 %, 63786 MiB
2026/10/03 14:08:37.172, 3, 48, 150.51 W, 1410 MHz, 98 %, 63802 MiB
2026/10/03 14:08:39.173, 0, 54, 69.14 W, 1410 MHz, 99 %, 63786 MiB
2026/10/03 14:08:39.173, 1, 61, 164.76 W, 1275 MHz, 96 %, 63802 MiB
2026/10/03 14:08:39.173, 2, 50, 152.35 W, 1215 MHz, 99 %, 63786 MiB
2026/10/03 14:08:39.173, 3, 48, 98.60 W, 1395 MHz, 99 %, 63802 MiB
2026/10/03 14:08:41.174, 0, 54, 60.66 W, 1410 MHz, 99 %, 63786 MiB
2026/10/03 14:08:41.174, 1, 61, 85.29 W, 1335 MHz, 99 %, 63802 MiB
2026/10/03 14:08:41.174, 2, 50, 97.54 W, 1395 MHz, 99 %, 63786 MiB
2026/10/03 14:08:41.175, 3, 49, 138.13 W, 1410 MHz, 96 %, 63802 MiB
2026/10/03 14:08:43.175, 0, 52, 54.51 W, 1410 MHz, 0 %, 63786 MiB
2026/10/03 14:08:43.175, 1, 59, 65.19 W, 1410 MHz, 0 %, 63802 MiB
2026/10/03 14:08:43.176, 2, 47, 58.56 W, 1410 MHz, 0 %, 63786 MiB
2026/10/03 14:08:43.176, 3, 47, 47.93 W, 1410 MHz, 0 %, 63802 MiB
2026/10/03 14:08:45.176, 0, 51, 47.22 W, 1140 MHz, 0 %, 63786 MiB
2026/10/03 14:08:45.177, 1, 58, 48.93 W, 1140 MHz, 0 %, 63802 MiB
2026/10/03 14:08:45.177, 2, 46, 43.33 W, 1140 MHz, 0 %, 63786 MiB
2026/10/03 14:08:45.177, 3, 46, 42.12 W, 1140 MHz, 0 %, 63802 MiB
2026/10/03 14:08:47.177, 0, 51, 47.13 W, 1140 MHz, 0 %, 63786 MiB
2026/10/03 14:08:47.178, 1, 58, 48.74 W, 1140 MHz, 0 %, 63802 MiB
2026/10/03 14:08:47.178, 2, 46, 43.22 W, 1140 MHz, 0 %, 63786 MiB
2026/10/03 14:08:47.178, 3, 46, 41.93 W, 1140 MHz, 0 %, 63802 MiB
2026/10/03 14:08:49.178, 0, 51, 46.94 W, 1140 MHz, 0 %, 63786 MiB
2026/10/03 14:08:49.179, 1, 58, 48.74 W, 1140 MHz, 0 %, 63802 MiB
2026/10/03 14:08:49.179, 2, 46, 43.22 W, 1140 MHz, 0 %, 63786 MiB
2026/10/03 14:08:49.179, 3, 46, 41.83 W, 1140 MHz, 0 %, 63802 MiB
2026/10/03 14:08:51.180, 0, 51, 47.22 W, 1140 MHz, 0 %, 63786 MiB
2026/10/03 14:08:51.180, 1, 58, 48.54 W, 1140 MHz, 0 %, 63802 MiB
2026/10/03 14:08:51.180, 2, 45, 43.03 W, 1140 MHz, 0 %, 63786 MiB
2026/10/03 14:08:51.181, 3, 45, 41.93 W, 1140 MHz, 0 %, 63802 MiB
2026/10/03 14:08:53.181, 0, 51, 47.03 W, 1140 MHz, 0 %, 63786 MiB
2026/10/03 14:08:53.182, 1, 57, 48.83 W, 1140 MHz, 0 %, 63802 MiB
2026/10/03 14:08:53.182, 2, 45, 43.03 W, 1140 MHz, 0 %, 63786 MiB
2026/10/03 14:08:53.182, 3, 45, 41.64 W, 1140 MHz, 0 %, 63802 MiB
2026/10/03 14:08:55.183, 0, 50, 46.84 W, 1140 MHz, 0 %, 63786 MiB
2026/10/03 14:08:55.183, 1, 57, 48.64 W, 1140 MHz, 0 %, 63802 MiB
2026/10/03 14:08:55.183, 2, 45, 43.03 W, 1140 MHz, 0 %, 63786 MiB
2026/10/03 14:08:55.183, 3, 45, 41.64 W, 1140 MHz, 0 %, 63802 MiB
2026/10/03 14:08:57.184, 0, 50, 46.84 W, 1140 MHz, 0 %, 63786 MiB
2026/10/03 14:08:57.184, 1, 57, 48.45 W, 1140 MHz, 0 %, 63802 MiB
2026/10/03 14:08:57.184, 2, 45, 43.05 W, 1140 MHz, 0 %, 63786 MiB
2026/10/03 14:08:57.185, 3, 45, 41.74 W, 1140 MHz, 0 %, 63802 MiB
2026/10/03 14:08:59.185, 0, 50, 46.66 W, 1140 MHz, 0 %, 63786 MiB
2026/10/03 14:08:59.186, 1, 57, 48.37 W, 1140 MHz, 0 %, 63802 MiB
2026/10/03 14:08:59.186, 2, 45, 42.94 W, 1140 MHz, 0 %, 63786 MiB
2026/10/03 14:08:59.186, 3, 45, 41.83 W, 1140 MHz, 0 %, 63802 MiB
2026/10/03 14:09:01.186, 0, 50, 46.46 W, 1140 MHz, 0 %, 63786 MiB
2026/10/03 14:09:01.187, 1, 57, 48.15 W, 1140 MHz, 0 %, 63802 MiB
2026/10/03 14:09:01.187, 2, 45, 43.13 W, 1140 MHz, 0 %, 63786 MiB
2026/10/03 14:09:01.187, 3, 45, 41.74 W, 1140 MHz, 0 %, 63802 MiB
2026/10/03 14:09:03.187, 0, 53, 141.51 W, 1410 MHz, 96 %, 63786 MiB
2026/10/03 14:09:03.188, 1, 60, 116.71 W, 1380 MHz, 99 %, 63802 MiB
2026/10/03 14:09:03.188, 2, 49, 178.33 W, 1290 MHz, 96 %, 63786 MiB
2026/10/03 14:09:03.188, 3, 48, 117.60 W, 1410 MHz, 99 %, 63802 MiB
2026/10/03 14:09:05.188, 0, 55, 157.30 W, 1335 MHz, 95 %, 63786 MiB
2026/10/03 14:09:05.189, 1, 61, 162.54 W, 1365 MHz, 98 %, 63802 MiB
2026/10/03 14:09:05.189, 2, 49, 123.14 W, 1320 MHz, 99 %, 63786 MiB
2026/10/03 14:09:05.189, 3, 49, 70.25 W, 1410 MHz, 99 %, 63802 MiB
2026/10/03 14:09:07.189, 0, 54, 143.88 W, 1410 MHz, 96 %, 63786 MiB
2026/10/03 14:09:07.190, 1, 61, 157.92 W, 1380 MHz, 99 %, 63802 MiB
2026/10/03 14:09:07.190, 2, 49, 61.92 W, 1395 MHz, 99 %, 63786 MiB
2026/10/03 14:09:07.190, 3, 48, 54.58 W, 1410 MHz, 99 %, 63802 MiB
2026/10/03 14:09:09.190, 0, 52, 57.77 W, 1410 MHz, 0 %, 63786 MiB
2026/10/03 14:09:09.191, 1, 59, 69.89 W, 1410 MHz, 0 %, 63802 MiB
2026/10/03 14:09:09.191, 2, 47, 57.02 W, 1350 MHz, 0 %, 63786 MiB
2026/10/03 14:09:09.191, 3, 47, 50.90 W, 1410 MHz, 0 %, 63802 MiB
2026/10/03 14:09:11.192, 0, 54, 106.17 W, 1410 MHz, 91 %, 63786 MiB
2026/10/03 14:09:11.192, 1, 62, 134.61 W, 1395 MHz, 93 %, 63802 MiB
2026/10/03 14:09:11.192, 2, 50, 136.78 W, 1395 MHz, 93 %, 63786 MiB
2026/10/03 14:09:11.192, 3, 48, 79.38 W, 1410 MHz, 94 %, 63802 MiB
2026/10/03 14:09:13.193, 0, 51, 54.23 W, 1140 MHz, 0 %, 63786 MiB
2026/10/03 14:09:13.193, 1, 59, 49.02 W, 1140 MHz, 0 %, 63802 MiB
2026/10/03 14:09:13.193, 2, 47, 43.81 W, 1140 MHz, 0 %, 63786 MiB
2026/10/03 14:09:13.193, 3, 46, 42.52 W, 1140 MHz, 0 %, 63802 MiB
2026/10/03 14:09:15.194, 0, 51, 47.03 W, 1140 MHz, 0 %, 63786 MiB
2026/10/03 14:09:15.194, 1, 58, 48.64 W, 1140 MHz, 0 %, 63802 MiB
2026/10/03 14:09:15.194, 2, 46, 43.22 W, 1140 MHz, 0 %, 63786 MiB
2026/10/03 14:09:15.195, 3, 46, 42.03 W, 1140 MHz, 0 %, 63802 MiB
2026/10/03 14:09:17.195, 0, 51, 46.84 W, 1140 MHz, 0 %, 63786 MiB
2026/10/03 14:09:17.195, 1, 58, 48.45 W, 1140 MHz, 0 %, 63802 MiB
2026/10/03 14:09:17.195, 2, 46, 43.05 W, 1140 MHz, 0 %, 63786 MiB
2026/10/03 14:09:17.196, 3, 46, 41.74 W, 1140 MHz, 0 %, 63802 MiB
2026/10/03 14:09:19.196, 0, 51, 46.84 W, 1140 MHz, 0 %, 63786 MiB
2026/10/03 14:09:19.197, 1, 58, 48.45 W, 1140 MHz, 0 %, 63802 MiB
2026/10/03 14:09:19.197, 2, 46, 42.95 W, 1140 MHz, 0 %, 63786 MiB
2026/10/03 14:09:19.197, 3, 45, 41.74 W, 1140 MHz, 0 %, 63802 MiB
2026/10/03 14:09:21.197, 0, 50, 46.85 W, 1140 MHz, 0 %, 63786 MiB
2026/10/03 14:09:21.198, 1, 57, 48.35 W, 1140 MHz, 0 %, 63802 MiB
2026/10/03 14:09:21.198, 2, 45, 42.95 W, 1140 MHz, 0 %, 63786 MiB
2026/10/03 14:09:21.198, 3, 45, 41.64 W, 1140 MHz, 0 %, 63802 MiB
2026/10/03 14:09:23.199, 0, 50, 46.74 W, 1140 MHz, 0 %, 63786 MiB
2026/10/03 14:09:23.199, 1, 57, 48.45 W, 1140 MHz, 0 %, 63802 MiB
2026/10/03 14:09:23.199, 2, 45, 42.84 W, 1140 MHz, 0 %, 63786 MiB
2026/10/03 14:09:23.200, 3, 45, 41.64 W, 1140 MHz, 0 %, 63802 MiB
2026/10/03 14:09:25.200, 0, 50, 46.94 W, 1140 MHz, 0 %, 63786 MiB
2026/10/03 14:09:25.200, 1, 57, 48.25 W, 1140 MHz, 0 %, 63802 MiB
2026/10/03 14:09:25.200, 2, 45, 42.86 W, 1140 MHz, 0 %, 63786 MiB
2026/10/03 14:09:25.201, 3, 45, 41.64 W, 1140 MHz, 0 %, 63802 MiB
2026/10/03 14:09:27.201, 0, 50, 46.85 W, 1140 MHz, 0 %, 63786 MiB
2026/10/03 14:09:27.201, 1, 57, 48.15 W, 1140 MHz, 0 %, 63802 MiB
2026/10/03 14:09:27.202, 2, 45, 42.85 W, 1140 MHz, 0 %, 63786 MiB
2026/10/03 14:09:27.202, 3, 45, 41.64 W, 1140 MHz, 0 %, 63802 MiB
2026/10/03 14:09:29.202, 0, 53, 60.65 W, 1410 MHz, 99 %, 63786 MiB
2026/10/03 14:09:29.203, 1, 60, 71.07 W, 1380 MHz, 95 %, 63802 MiB
2026/10/03 14:09:29.203, 2, 48, 88.78 W, 1380 MHz, 95 %, 63786 MiB
2026/10/03 14:09:29.203, 3, 47, 121.32 W, 1410 MHz, 97 %, 63802 MiB
2026/10/03 14:09:31.203, 0, 54, 127.32 W, 1410 MHz, 94 %, 63786 MiB
2026/10/03 14:09:31.204, 1, 60, 99.02 W, 1395 MHz, 99 %, 63802 MiB
2026/10/03 14:09:31.204, 2, 49, 60.95 W, 1395 MHz, 98 %, 63786 MiB
2026/10/03 14:09:31.204, 3, 48, 67.38 W, 1410 MHz, 97 %, 63802 MiB
2026/10/03 14:09:33.205, 0, 54, 65.53 W, 1410 MHz, 96 %, 63786 MiB
2026/10/03 14:09:33.205, 1, 60, 147.74 W, 1380 MHz, 90 %, 63802 MiB
2026/10/03 14:09:33.206, 2, 49, 97.85 W, 1365 MHz, 97 %, 63786 MiB
2026/10/03 14:09:33.206, 3, 48, 58.40 W, 1410 MHz, 99 %, 63802 MiB
2026/10/03 14:09:35.206, 0, 52, 54.52 W, 1410 MHz, 0 %, 63786 MiB
2026/10/03 14:09:35.207, 1, 59, 65.38 W, 1410 MHz, 0 %, 63802 MiB
2026/10/03 14:09:35.207, 2, 47, 57.40 W, 1410 MHz, 0 %, 63786 MiB
2026/10/03 14:09:35.207, 3, 47, 47.71 W, 1410 MHz, 0 %, 63802 MiB
2026/10/03 14:09:37.207, 0, 51, 47.03 W, 1140 MHz, 0 %, 63786 MiB
2026/10/03 14:09:37.208, 1, 58, 48.83 W, 1140 MHz, 0 %, 63802 MiB
2026/10/03 14:09:37.208, 2, 46, 43.14 W, 1140 MHz, 0 %, 63786 MiB
2026/10/03 14:09:37.208, 3, 46, 41.83 W, 1140 MHz, 0 %, 63802 MiB
2026/10/03 14:09:39.209, 0, 51, 47.22 W, 1140 MHz, 0 %, 63786 MiB
2026/10/03 14:09:39.211, 1, 58, 48.54 W, 1140 MHz, 0 %, 63802 MiB
2026/10/03 14:09:39.211, 2, 46, 43.05 W, 1140 MHz, 0 %, 63786 MiB
2026/10/03 14:09:39.212, 3, 46, 41.83 W, 1140 MHz, 0 %, 63802 MiB
2026/10/03 14:09:41.212, 0, 51, 47.03 W, 1140 MHz, 0 %, 63786 MiB
2026/10/03 14:09:41.212, 1, 57, 48.45 W, 1140 MHz, 0 %, 63802 MiB
2026/10/03 14:09:41.213, 2, 45, 43.22 W, 1140 MHz, 0 %, 63786 MiB
2026/10/03 14:09:41.213, 3, 45, 41.83 W, 1140 MHz, 0 %, 63802 MiB
2026/10/03 14:09:43.213, 0, 50, 46.94 W, 1140 MHz, 0 %, 63786 MiB
2026/10/03 14:09:43.214, 1, 57, 48.34 W, 1140 MHz, 0 %, 63802 MiB
2026/10/03 14:09:43.214, 2, 45, 43.24 W, 1140 MHz, 0 %, 63786 MiB
2026/10/03 14:09:43.214, 3, 45, 41.83 W, 1140 MHz, 0 %, 63802 MiB
2026/10/03 14:09:45.215, 0, 50, 46.85 W, 1140 MHz, 0 %, 63786 MiB
2026/10/03 14:09:45.215, 1, 57, 48.25 W, 1140 MHz, 0 %, 63802 MiB
2026/10/03 14:09:45.215, 2, 45, 43.03 W, 1140 MHz, 0 %, 63786 MiB
2026/10/03 14:09:45.215, 3, 45, 41.93 W, 1140 MHz, 0 %, 63802 MiB
2026/10/03 14:09:47.216, 0, 50, 46.66 W, 1140 MHz, 0 %, 63786 MiB
2026/10/03 14:09:47.216, 1, 57, 48.26 W, 1140 MHz, 0 %, 63802 MiB
2026/10/03 14:09:47.216, 2, 45, 43.05 W, 1140 MHz, 0 %, 63786 MiB
2026/10/03 14:09:47.216, 3, 45, 41.83 W, 1140 MHz, 0 %, 63802 MiB
2026/10/03 14:09:49.217, 0, 50, 48.01 W, 1140 MHz, 5 %, 63786 MiB
2026/10/03 14:09:49.217, 1, 57, 48.45 W, 1140 MHz, 0 %, 63802 MiB
2026/10/03 14:09:49.217, 2, 45, 42.96 W, 1140 MHz, 0 %, 63786 MiB
2026/10/03 14:09:49.218, 3, 45, 41.84 W, 1140 MHz, 0 %, 63802 MiB
2026/10/03 14:09:51.218, 0, 54, 140.07 W, 1395 MHz, 97 %, 63786 MiB
2026/10/03 14:09:51.218, 1, 60, 182.16 W, 1350 MHz, 90 %, 63802 MiB
2026/10/03 14:09:51.218, 2, 49, 139.30 W, 1290 MHz, 96 %, 63786 MiB
2026/10/03 14:09:51.219, 3, 47, 83.79 W, 1410 MHz, 98 %, 63802 MiB
2026/10/03 14:09:53.219, 0, 54, 130.40 W, 1410 MHz, 94 %, 63786 MiB
2026/10/03 14:09:53.219, 1, 60, 70.73 W, 1395 MHz, 98 %, 63802 MiB
2026/10/03 14:09:53.219, 2, 49, 69.33 W, 1335 MHz, 98 %, 63786 MiB
2026/10/03 14:09:53.220, 3, 48, 81.16 W, 1410 MHz, 95 %, 63802 MiB
2026/10/03 14:09:55.220, 0, 55, 130.11 W, 1380 MHz, 96 %, 63786 MiB
2026/10/03 14:09:55.220, 1, 61, 79.96 W, 1335 MHz, 96 %, 63802 MiB
2026/10/03 14:09:55.221, 2, 50, 66.91 W, 1290 MHz, 97 %, 63786 MiB
2026/10/03 14:09:55.221, 3, 49, 147.15 W, 1410 MHz, 98 %, 63802 MiB
2026/10/03 14:09:57.221, 0, 52, 54.71 W, 1410 MHz, 0 %, 63786 MiB
2026/10/03 14:09:57.221, 1, 59, 64.90 W, 1410 MHz, 0 %, 63802 MiB
2026/10/03 14:09:57.222, 2, 47, 58.27 W, 1410 MHz, 0 %, 63786 MiB
2026/10/03 14:09:57.222, 3, 46, 47.25 W, 1410 MHz, 0 %, 63802 MiB
2026/10/03 14:09:59.222, 0, 51, 47.13 W, 1140 MHz, 0 %, 63786 MiB
2026/10/03 14:09:59.223, 1, 58, 48.74 W, 1140 MHz, 0 %, 63802 MiB
2026/10/03 14:09:59.223, 2, 46, 43.22 W, 1140 MHz, 0 %, 63786 MiB
2026/10/03 14:09:59.223, 3, 46, 41.93 W, 1140 MHz, 0 %, 63802 MiB
2026/10/03 14:10:01.223, 0, 51, 47.04 W, 1140 MHz, 0 %, 63786 MiB
2026/10/03 14:10:01.224, 1, 57, 48.85 W, 1140 MHz, 0 %, 63802 MiB
2026/10/03 14:10:01.224, 2, 46, 43.22 W, 1140 MHz, 0 %, 63786 MiB
2026/10/03 14:10:01.224, 3, 45, 41.83 W, 1140 MHz, 0 %, 63802 MiB
2026/10/03 14:10:03.224, 0, 50, 46.85 W, 1140 MHz, 0 %, 63786 MiB
2026/10/03 14:10:03.225, 1, 57, 48.64 W, 1140 MHz, 0 %, 63802 MiB
2026/10/03 14:10:03.225, 2, 45, 43.05 W, 1140 MHz, 0 %, 63786 MiB
2026/10/03 14:10:03.225, 3, 45, 41.74 W, 1140 MHz, 0 %, 63802 MiB
2026/10/03 14:10:05.225, 0, 53, 59.22 W, 1410 MHz, 98 %, 63786 MiB
2026/10/03 14:10:05.226, 1, 61, 145.40 W, 1320 MHz, 93 %, 63802 MiB
2026/10/03 14:10:05.226, 2, 49, 62.02 W, 1380 MHz, 97 %, 63786 MiB
2026/10/03 14:10:05.226, 3, 48, 53.34 W, 1410 MHz, 99 %, 63802 MiB
2026/10/03 14:10:07.227, 0, 54, 131.12 W, 1410 MHz, 99 %, 63786 MiB
2026/10/03 14:10:07.227, 1, 62, 83.51 W, 1365 MHz, 99 %, 63802 MiB
2026/10/03 14:10:07.227, 2, 50, 146.55 W, 1380 MHz, 96 %, 63786 MiB
2026/10/03 14:10:07.227, 3, 48, 66.48 W, 1410 MHz, 96 %, 63802 MiB
2026/10/03 14:10:09.228, 0, 54, 142.79 W, 1410 MHz, 98 %, 63786 MiB
2026/10/03 14:10:09.228, 1, 61, 68.54 W, 1380 MHz, 99 %, 63802 MiB
2026/10/03 14:10:09.228, 2, 50, 154.07 W, 1365 MHz, 98 %, 63786 MiB
2026/10/03 14:10:09.228, 3, 48, 54.60 W, 1410 MHz, 99 %, 63802 MiB
2026/10/03 14:10:11.229, 0, 52, 54.61 W, 1410 MHz, 0 %, 63786 MiB
2026/10/03 14:10:11.229, 1, 59, 65.36 W, 1410 MHz, 0 %, 63802 MiB
2026/10/03 14:10:11.229, 2, 48, 57.97 W, 1410 MHz, 0 %, 63786 MiB
2026/10/03 14:10:11.230, 3, 47, 47.52 W, 1410 MHz, 0 %, 63802 MiB
2026/10/03 14:10:13.230, 0, 51, 47.13 W, 1140 MHz, 0 %, 63786 MiB
2026/10/03 14:10:13.230, 1, 58, 48.93 W, 1140 MHz, 0 %, 63802 MiB
2026/10/03 14:10:13.230, 2, 46, 43.22 W, 1140 MHz, 0 %, 63786 MiB
2026/10/03 14:10:13.231, 3, 46, 42.03 W, 1140 MHz, 0 %, 63802 MiB
2026/10/03 14:10:15.231, 0, 51, 47.03 W, 1140 MHz, 0 %, 63786 MiB
2026/10/03 14:10:15.231, 1, 58, 48.74 W, 1140 MHz, 0 %, 63802 MiB
2026/10/03 14:10:15.232, 2, 46, 43.13 W, 1140 MHz, 0 %, 63786 MiB
2026/10/03 14:10:15.232, 3, 46, 41.83 W, 1140 MHz, 0 %, 63802 MiB
2026/10/03 14:10:17.232, 0, 51, 46.94 W, 1140 MHz, 0 %, 63786 MiB
2026/10/03 14:10:17.232, 1, 58, 48.54 W, 1140 MHz, 0 %, 63802 MiB
2026/10/03 14:10:17.233, 2, 46, 43.03 W, 1140 MHz, 0 %, 63786 MiB
2026/10/03 14:10:17.233, 3, 45, 41.83 W, 1140 MHz, 0 %, 63802 MiB
2026/10/03 14:10:19.233, 0, 51, 46.94 W, 1140 MHz, 0 %, 63786 MiB
2026/10/03 14:10:19.234, 1, 58, 48.35 W, 1140 MHz, 0 %, 63802 MiB
2026/10/03 14:10:19.234, 2, 46, 43.05 W, 1140 MHz, 0 %, 63786 MiB
2026/10/03 14:10:19.234, 3, 45, 41.74 W, 1140 MHz, 0 %, 63802 MiB
2026/10/03 14:10:21.234, 0, 51, 46.74 W, 1140 MHz, 0 %, 63786 MiB
2026/10/03 14:10:21.235, 1, 57, 48.35 W, 1140 MHz, 0 %, 63802 MiB
2026/10/03 14:10:21.235, 2, 45, 43.22 W, 1140 MHz, 0 %, 63786 MiB
2026/10/03 14:10:21.235, 3, 45, 41.64 W, 1140 MHz, 0 %, 63802 MiB
2026/10/03 14:10:23.235, 0, 50, 46.84 W, 1140 MHz, 0 %, 63786 MiB
2026/10/03 14:10:23.236, 1, 57, 48.25 W, 1140 MHz, 0 %, 63802 MiB
2026/10/03 14:10:23.236, 2, 45, 42.95 W, 1140 MHz, 0 %, 63786 MiB
2026/10/03 14:10:23.236, 3, 45, 41.74 W, 1140 MHz, 0 %, 63802 MiB
2026/10/03 14:10:25.236, 0, 50, 46.76 W, 1140 MHz, 0 %, 63786 MiB
2026/10/03 14:10:25.237, 1, 57, 48.35 W, 1140 MHz, 0 %, 63802 MiB
2026/10/03 14:10:25.237, 2, 45, 42.85 W, 1140 MHz, 0 %, 63786 MiB
2026/10/03 14:10:25.238, 3, 45, 41.64 W, 1140 MHz, 0 %, 63802 MiB
2026/10/03 14:10:27.238, 0, 50, 46.85 W, 1140 MHz, 0 %, 63786 MiB
2026/10/03 14:10:27.238, 1, 57, 48.25 W, 1140 MHz, 0 %, 63802 MiB
2026/10/03 14:10:27.238, 2, 45, 42.95 W, 1140 MHz, 0 %, 63786 MiB
2026/10/03 14:10:27.239, 3, 45, 41.55 W, 1140 MHz, 0 %, 63802 MiB
2026/10/03 14:10:29.239, 0, 50, 46.85 W, 1140 MHz, 0 %, 63786 MiB
2026/10/03 14:10:29.239, 1, 57, 48.17 W, 1140 MHz, 0 %, 63802 MiB
2026/10/03 14:10:29.240, 2, 45, 42.85 W, 1140 MHz, 0 %, 63786 MiB
2026/10/03 14:10:29.240, 3, 45, 41.55 W, 1140 MHz, 0 %, 63802 MiB
2026/10/03 14:10:31.240, 0, 50, 46.66 W, 1140 MHz, 0 %, 63786 MiB
2026/10/03 14:10:31.240, 1, 57, 48.27 W, 1140 MHz, 0 %, 63802 MiB
2026/10/03 14:10:31.241, 2, 45, 42.66 W, 1140 MHz, 0 %, 63786 MiB
2026/10/03 14:10:31.241, 3, 45, 41.74 W, 1140 MHz, 0 %, 63802 MiB
2026/10/03 14:10:33.241, 0, 50, 46.66 W, 1140 MHz, 0 %, 63786 MiB
2026/10/03 14:10:33.241, 1, 57, 48.17 W, 1140 MHz, 0 %, 63802 MiB
2026/10/03 14:10:33.242, 2, 45, 42.76 W, 1140 MHz, 0 %, 63786 MiB
2026/10/03 14:10:33.242, 3, 45, 41.65 W, 1140 MHz, 0 %, 63802 MiB
2026/10/03 14:10:35.242, 0, 53, 160.71 W, 1410 MHz, 99 %, 63786 MiB
2026/10/03 14:10:35.242, 1, 60, 156.40 W, 1230 MHz, 96 %, 63802 MiB
2026/10/03 14:10:35.243, 2, 48, 77.62 W, 1215 MHz, 99 %, 63786 MiB
2026/10/03 14:10:35.243, 3, 47, 127.29 W, 1410 MHz, 97 %, 63802 MiB
2026/10/03 14:10:37.243, 0, 53, 62.08 W, 1410 MHz, 92 %, 63786 MiB
2026/10/03 14:10:37.243, 1, 61, 144.81 W, 1245 MHz, 99 %, 63802 MiB
2026/10/03 14:10:37.244, 2, 49, 119.66 W, 1350 MHz, 99 %, 63786 MiB
2026/10/03 14:10:37.244, 3, 47, 71.26 W, 1410 MHz, 99 %, 63802 MiB
2026/10/03 14:10:39.244, 0, 54, 63.24 W, 1410 MHz, 94 %, 63786 MiB
2026/10/03 14:10:39.245, 1, 61, 75.56 W, 1350 MHz, 99 %, 63802 MiB
2026/10/03 14:10:39.245, 2, 49, 60.09 W, 1260 MHz, 99 %, 63786 MiB
2026/10/03 14:10:39.245, 3, 48, 73.36 W, 1410 MHz, 99 %, 63802 MiB
2026/10/03 14:10:41.245, 0, 52, 54.61 W, 1410 MHz, 0 %, 63786 MiB
2026/10/03 14:10:41.246, 1, 59, 64.90 W, 1410 MHz, 0 %, 63802 MiB
2026/10/03 14:10:41.246, 2, 47, 57.69 W, 1410 MHz, 0 %, 63786 MiB
2026/10/03 14:10:41.246, 3, 46, 47.34 W, 1410 MHz, 0 %, 63802 MiB
2026/10/03 14:10:43.246, 0, 51, 47.13 W, 1140 MHz, 0 %, 63786 MiB
2026/10/03 14:10:43.247, 1, 58, 48.64 W, 1140 MHz, 0 %, 63802 MiB
2026/10/03 14:10:43.247, 2, 46, 43.05 W, 1140 MHz, 0 %, 63786 MiB
2026/10/03 14:10:43.247, 3, 45, 42.23 W, 1140 MHz, 0 %, 63802 MiB
2026/10/03 14:10:45.247, 0, 51, 46.94 W, 1140 MHz, 0 %, 63786 MiB
2026/10/03 14:10:45.248, 1, 57, 48.45 W, 1140 MHz, 0 %, 63802 MiB
2026/10/03 14:10:45.248, 2, 45, 43.05 W, 1140 MHz, 0 %, 63786 MiB
2026/10/03 14:10:45.248, 3, 45, 41.93 W, 1140 MHz, 0 %, 63802 MiB
2026/10/03 14:10:47.248, 0, 50, 46.74 W, 1140 MHz, 0 %, 63786 MiB
2026/10/03 14:10:47.249, 1, 57, 48.35 W, 1140 MHz, 0 %, 63802 MiB
2026/10/03 14:10:47.249, 2, 45, 43.03 W, 1140 MHz, 0 %, 63786 MiB
2026/10/03 14:10:47.249, 3, 45, 41.83 W, 1140 MHz, 0 %, 63802 MiB
2026/10/03 14:10:49.250, 0, 50, 46.74 W, 1140 MHz, 0 %, 63786 MiB
2026/10/03 14:10:49.250, 1, 57, 48.25 W, 1140 MHz, 0 %, 63802 MiB
2026/10/03 14:10:49.250, 2, 45, 43.22 W, 1140 MHz, 0 %, 63786 MiB
2026/10/03 14:10:49.250, 3, 45, 41.83 W, 1140 MHz, 0 %, 63802 MiB
2026/10/03 14:10:51.251, 0, 50, 46.66 W, 1140 MHz, 0 %, 63786 MiB
2026/10/03 14:10:51.251, 1, 57, 48.15 W, 1140 MHz, 0 %, 63802 MiB
2026/10/03 14:10:51.251, 2, 45, 42.94 W, 1140 MHz, 0 %, 63786 MiB
2026/10/03 14:10:51.251, 3, 45, 41.64 W, 1140 MHz, 0 %, 63802 MiB
2026/10/03 14:10:53.252, 0, 50, 46.57 W, 1140 MHz, 0 %, 63786 MiB
2026/10/03 14:10:53.252, 1, 57, 48.05 W, 1140 MHz, 0 %, 63802 MiB
2026/10/03 14:10:53.252, 2, 45, 42.85 W, 1140 MHz, 0 %, 63786 MiB
2026/10/03 14:10:53.253, 3, 45, 41.64 W, 1140 MHz, 0 %, 63802 MiB
2026/10/03 14:10:55.253, 0, 50, 46.58 W, 1140 MHz, 0 %, 63786 MiB
2026/10/03 14:10:55.253, 1, 57, 48.07 W, 1140 MHz, 0 %, 63802 MiB
2026/10/03 14:10:55.254, 2, 45, 42.85 W, 1140 MHz, 0 %, 63786 MiB
2026/10/03 14:10:55.254, 3, 45, 41.55 W, 1140 MHz, 0 %, 63802 MiB
2026/10/03 14:10:57.254, 0, 52, 85.04 W, 1410 MHz, 99 %, 63786 MiB
2026/10/03 14:10:57.255, 1, 60, 71.85 W, 1365 MHz, 97 %, 63802 MiB
2026/10/03 14:10:57.255, 2, 48, 83.66 W, 1230 MHz, 99 %, 63786 MiB
2026/10/03 14:10:57.255, 3, 47, 54.01 W, 1410 MHz, 99 %, 63802 MiB
2026/10/03 14:10:59.255, 0, 54, 97.91 W, 1410 MHz, 92 %, 63786 MiB
2026/10/03 14:10:59.256, 1, 61, 100.28 W, 1200 MHz, 98 %, 63802 MiB
2026/10/03 14:10:59.256, 2, 49, 165.26 W, 1365 MHz, 99 %, 63786 MiB
2026/10/03 14:10:59.256, 3, 48, 71.44 W, 1365 MHz, 99 %, 63802 MiB
2026/10/03 14:11:01.256, 0, 53, 69.16 W, 1410 MHz, 99 %, 63786 MiB
2026/10/03 14:11:01.257, 1, 60, 125.97 W, 1395 MHz, 99 %, 63802 MiB
2026/10/03 14:11:01.257, 2, 49, 74.32 W, 1350 MHz, 99 %, 63786 MiB
2026/10/03 14:11:01.257, 3, 47, 52.85 W, 1410 MHz, 97 %, 63802 MiB
2026/10/03 14:11:03.257, 0, 52, 53.84 W, 1410 MHz, 0 %, 63786 MiB
2026/10/03 14:11:03.258, 1, 59, 64.81 W, 1410 MHz, 0 %, 63802 MiB
2026/10/03 14:11:03.258, 2, 47, 57.97 W, 1410 MHz, 0 %, 63786 MiB
2026/10/03 14:11:03.258, 3, 46, 47.63 W, 1410 MHz, 0 %, 63802 MiB
2026/10/03 14:11:05.258, 0, 51, 47.04 W, 1140 MHz, 0 %, 63786 MiB
2026/10/03 14:11:05.259, 1, 58, 48.64 W, 1140 MHz, 0 %, 63802 MiB
2026/10/03 14:11:05.259, 2, 46, 43.05 W, 1140 MHz, 0 %, 63786 MiB
2026/10/03 14:11:05.259, 3, 45, 41.74 W, 1140 MHz, 0 %, 63802 MiB
2026/10/03 14:11:07.260, 0, 50, 46.85 W, 1140 MHz, 0 %, 63786 MiB
2026/10/03 14:11:07.260, 1, 57, 48.45 W, 1140 MHz, 0 %, 63802 MiB
2026/10/03 14:11:07.260, 2, 45, 43.03 W, 1140 MHz, 0 %, 63786 MiB
2026/10/03 14:11:07.260, 3, 45, 41.64 W, 1140 MHz, 0 %, 63802 MiB
2026/10/03 14:11:09.261, 0, 50, 46.74 W, 1140 MHz, 0 %, 63786 MiB
2026/10/03 14:11:09.261, 1, 57, 48.54 W, 1140 MHz, 0 %, 63802 MiB
2026/10/03 14:11:09.261, 2, 45, 43.03 W, 1140 MHz, 0 %, 63786 MiB
2026/10/03 14:11:09.262, 3, 45, 41.55 W, 1140 MHz, 0 %, 63802 MiB
2026/10/03 14:11:11.262, 0, 50, 46.65 W, 1140 MHz, 0 %, 63786 MiB
2026/10/03 14:11:11.263, 1, 57, 48.35 W, 1140 MHz, 0 %, 63802 MiB
2026/10/03 14:11:11.263, 2, 45, 43.03 W, 1140 MHz, 0 %, 63786 MiB
2026/10/03 14:11:11.263, 3, 45, 41.45 W, 1140 MHz, 0 %, 63802 MiB
2026/10/03 14:11:13.264, 0, 50, 46.76 W, 1140 MHz, 0 %, 63786 MiB
2026/10/03 14:11:13.264, 1, 57, 48.25 W, 1140 MHz, 0 %, 63802 MiB
2026/10/03 14:11:13.264, 2, 45, 42.94 W, 1140 MHz, 0 %, 63786 MiB
2026/10/03 14:11:13.264, 3, 45, 41.46 W, 1140 MHz, 0 %, 63802 MiB
2026/10/03 14:11:15.265, 0, 50, 46.57 W, 1140 MHz, 0 %, 63786 MiB
2026/10/03 14:11:15.265, 1, 57, 48.15 W, 1140 MHz, 0 %, 63802 MiB
2026/10/03 14:11:15.265, 2, 45, 42.95 W, 1140 MHz, 0 %, 63786 MiB
2026/10/03 14:11:15.266, 3, 45, 41.55 W, 1140 MHz, 0 %, 63802 MiB
2026/10/03 14:11:17.266, 0, 50, 46.47 W, 1140 MHz, 0 %, 63786 MiB
2026/10/03 14:11:17.266, 1, 56, 47.96 W, 1140 MHz, 0 %, 63802 MiB
2026/10/03 14:11:17.267, 2, 45, 43.05 W, 1140 MHz, 0 %, 63786 MiB
2026/10/03 14:11:17.267, 3, 45, 41.64 W, 1140 MHz, 0 %, 63802 MiB
2026/10/03 14:11:19.267, 0, 52, 120.46 W, 1380 MHz, 48 %, 63786 MiB
2026/10/03 14:11:19.267, 1, 59, 74.27 W, 1215 MHz, 57 %, 63802 MiB
2026/10/03 14:11:19.268, 2, 47, 182.50 W, 1140 MHz, 31 %, 63786 MiB
2026/10/03 14:11:19.268, 3, 47, 115.58 W, 1140 MHz, 0 %, 63802 MiB
2026/10/03 14:11:21.268, 0, 54, 113.11 W, 1410 MHz, 93 %, 63786 MiB
2026/10/03 14:11:21.269, 1, 59, 70.01 W, 1290 MHz, 99 %, 63802 MiB
2026/10/03 14:11:21.269, 2, 49, 164.96 W, 1185 MHz, 98 %, 63786 MiB
2026/10/03 14:11:21.269, 3, 47, 61.49 W, 1410 MHz, 98 %, 63802 MiB
2026/10/03 14:11:23.269, 0, 53, 70.95 W, 1410 MHz, 94 %, 63786 MiB
2026/10/03 14:11:23.270, 1, 60, 71.57 W, 1380 MHz, 99 %, 63802 MiB
2026/10/03 14:11:23.270, 2, 49, 142.42 W, 1335 MHz, 99 %, 63786 MiB
2026/10/03 14:11:23.270, 3, 47, 85.15 W, 1410 MHz, 94 %, 63802 MiB
2026/10/03 14:11:25.270, 0, 54, 130.53 W, 1380 MHz, 98 %, 63786 MiB
2026/10/03 14:11:25.271, 1, 60, 85.47 W, 1230 MHz, 99 %, 63802 MiB
2026/10/03 14:11:25.271, 2, 50, 172.39 W, 1215 MHz, 98 %, 63786 MiB
2026/10/03 14:11:25.271, 3, 48, 98.11 W, 1410 MHz, 99 %, 63802 MiB
2026/10/03 14:11:27.271, 0, 51, 56.92 W, 1410 MHz, 0 %, 63786 MiB
2026/10/03 14:11:27.272, 1, 58, 60.01 W, 1140 MHz, 0 %, 63802 MiB
2026/10/03 14:11:27.272, 2, 47, 62.78 W, 1410 MHz, 0 %, 63786 MiB
2026/10/03 14:11:27.272, 3, 46, 50.71 W, 1410 MHz, 0 %, 63802 MiB
2026/10/03 14:11:29.273, 0, 51, 49.07 W, 1140 MHz, 0 %, 63786 MiB
2026/10/03 14:11:29.273, 1, 57, 50.86 W, 1140 MHz, 0 %, 63802 MiB
2026/10/03 14:11:29.273, 2, 46, 45.65 W, 1140 MHz, 0 %, 63786 MiB
2026/10/03 14:11:29.273, 3, 45, 44.15 W, 1140 MHz, 0 %, 63802 MiB
2026/10/03 14:11:31.274, 0, 50, 48.97 W, 1140 MHz, 0 %, 63786 MiB
2026/10/03 14:11:31.274, 1, 57, 50.76 W, 1140 MHz, 0 %, 63802 MiB
2026/10/03 14:11:31.274, 2, 45, 45.56 W, 1140 MHz, 0 %, 63786 MiB
2026/10/03 14:11:31.274, 3, 45, 44.07 W, 1140 MHz, 0 %, 63802 MiB
2026/10/03 14:11:33.275, 0, 54, 132.60 W, 1410 MHz, 94 %, 63786 MiB
2026/10/03 14:11:33.275, 1, 61, 150.16 W, 1335 MHz, 96 %, 63802 MiB
2026/10/03 14:11:33.275, 2, 49, 118.44 W, 1395 MHz, 94 %, 63786 MiB
2026/10/03 14:11:33.276, 3, 48, 118.73 W, 1410 MHz, 95 %, 63802 MiB
2026/10/03 14:11:35.276, 0, 51, 53.84 W, 1410 MHz, 0 %, 63786 MiB
2026/10/03 14:11:35.276, 1, 58, 64.62 W, 1410 MHz, 0 %, 63802 MiB
2026/10/03 14:11:35.276, 2, 47, 57.60 W, 1410 MHz, 0 %, 63786 MiB
2026/10/03 14:11:35.277, 3, 46, 47.25 W, 1410 MHz, 0 %, 63802 MiB
2026/10/03 14:11:37.277, 0, 50, 46.76 W, 1140 MHz, 0 %, 63786 MiB
2026/10/03 14:11:37.278, 1, 57, 48.35 W, 1140 MHz, 0 %, 63802 MiB
2026/10/03 14:11:37.278, 2, 46, 43.22 W, 1140 MHz, 0 %, 63786 MiB
2026/10/03 14:11:37.278, 3, 45, 41.74 W, 1140 MHz, 0 %, 63802 MiB
2026/10/03 14:11:39.278, 0, 50, 46.66 W, 1140 MHz, 0 %, 63786 MiB
2026/10/03 14:11:39.279, 1, 57, 48.25 W, 1140 MHz, 0 %, 63802 MiB
2026/10/03 14:11:39.279, 2, 45, 42.95 W, 1140 MHz, 0 %, 63786 MiB
2026/10/03 14:11:39.279, 3, 45, 41.74 W, 1140 MHz, 0 %, 63802 MiB
2026/10/03 14:11:41.279, 0, 50, 46.66 W, 1140 MHz, 0 %, 63786 MiB
2026/10/03 14:11:41.280, 1, 57, 48.05 W, 1140 MHz, 0 %, 63802 MiB
2026/10/03 14:11:41.280, 2, 45, 42.94 W, 1140 MHz, 0 %, 63786 MiB
2026/10/03 14:11:41.280, 3, 45, 41.55 W, 1140 MHz, 0 %, 63802 MiB
2026/10/03 14:11:43.281, 0, 50, 46.57 W, 1140 MHz, 0 %, 63786 MiB
2026/10/03 14:11:43.281, 1, 57, 47.96 W, 1140 MHz, 0 %, 63802 MiB
2026/10/03 14:11:43.281, 2, 45, 43.14 W, 1140 MHz, 0 %, 63786 MiB
2026/10/03 14:11:43.281, 3, 45, 41.55 W, 1140 MHz, 0 %, 63802 MiB
2026/10/03 14:11:45.282, 0, 50, 46.66 W, 1140 MHz, 0 %, 63786 MiB
2026/10/03 14:11:45.282, 1, 56, 47.96 W, 1140 MHz, 0 %, 63802 MiB
2026/10/03 14:11:45.282, 2, 45, 43.05 W, 1140 MHz, 0 %, 63786 MiB
2026/10/03 14:11:45.283, 3, 45, 41.55 W, 1140 MHz, 0 %, 63802 MiB
2026/10/03 14:11:47.283, 0, 50, 46.47 W, 1140 MHz, 0 %, 63786 MiB
2026/10/03 14:11:47.284, 1, 56, 47.86 W, 1140 MHz, 0 %, 63802 MiB
2026/10/03 14:11:47.284, 2, 45, 42.85 W, 1140 MHz, 0 %, 63786 MiB
2026/10/03 14:11:47.284, 3, 45, 41.74 W, 1140 MHz, 0 %, 63802 MiB
2026/10/03 14:11:49.285, 0, 50, 46.47 W, 1140 MHz, 0 %, 63786 MiB
2026/10/03 14:11:49.285, 1, 56, 47.87 W, 1140 MHz, 0 %, 63802 MiB
2026/10/03 14:11:49.285, 2, 45, 42.66 W, 1140 MHz, 0 %, 63786 MiB
2026/10/03 14:11:49.286, 3, 44, 41.55 W, 1140 MHz, 0 %, 63802 MiB
2026/10/03 14:11:51.286, 0, 51, 61.90 W, 1140 MHz, 0 %, 63786 MiB
2026/10/03 14:11:51.287, 1, 57, 116.19 W, 1140 MHz, 0 %, 63802 MiB
2026/10/03 14:11:51.287, 2, 45, 91.26 W, 1140 MHz, 0 %, 63786 MiB
2026/10/03 14:11:51.287, 3, 45, 90.78 W, 1140 MHz, 0 %, 63802 MiB
2026/10/03 14:11:53.288, 0, 52, 68.88 W, 1410 MHz, 99 %, 63786 MiB
2026/10/03 14:11:53.288, 1, 59, 154.82 W, 1395 MHz, 99 %, 63802 MiB
2026/10/03 14:11:53.289, 2, 49, 135.72 W, 1395 MHz, 97 %, 63786 MiB
2026/10/03 14:11:53.289, 3, 46, 53.82 W, 1410 MHz, 99 %, 63802 MiB
2026/10/03 14:11:55.289, 0, 53, 65.03 W, 1410 MHz, 93 %, 63786 MiB
2026/10/03 14:11:55.290, 1, 59, 70.94 W, 1380 MHz, 99 %, 63802 MiB
2026/10/03 14:11:55.290, 2, 48, 84.43 W, 1395 MHz, 91 %, 63786 MiB
2026/10/03 14:11:55.290, 3, 47, 67.32 W, 1410 MHz, 99 %, 63802 MiB
2026/10/03 14:11:57.291, 0, 53, 138.51 W, 1410 MHz, 96 %, 63786 MiB
2026/10/03 14:11:57.291, 1, 60, 80.41 W, 1380 MHz, 99 %, 63802 MiB
2026/10/03 14:11:57.291, 2, 49, 64.81 W, 1395 MHz, 95 %, 63786 MiB
2026/10/03 14:11:57.292, 3, 48, 123.34 W, 1410 MHz, 94 %, 63802 MiB
2026/10/03 14:11:59.292, 0, 51, 54.42 W, 1410 MHz, 0 %, 63786 MiB
2026/10/03 14:11:59.293, 1, 58, 64.12 W, 1410 MHz, 0 %, 63802 MiB
2026/10/03 14:11:59.293, 2, 46, 57.79 W, 1410 MHz, 0 %, 63786 MiB
2026/10/03 14:11:59.293, 3, 46, 47.42 W, 1410 MHz, 0 %, 63802 MiB
2026/10/03 14:12:01.293, 0, 50, 46.85 W, 1140 MHz, 0 %, 63786 MiB
2026/10/03 14:12:01.294, 1, 57, 48.25 W, 1140 MHz, 0 %, 63802 MiB
2026/10/03 14:12:01.294, 2, 45, 43.05 W, 1140 MHz, 0 %, 63786 MiB
2026/10/03 14:12:01.294, 3, 45, 41.93 W, 1140 MHz, 0 %, 63802 MiB
2026/10/03 14:12:03.295, 0, 50, 46.66 W, 1140 MHz, 0 %, 63786 MiB
2026/10/03 14:12:03.295, 1, 57, 48.15 W, 1140 MHz, 0 %, 63802 MiB
2026/10/03 14:12:03.295, 2, 45, 43.05 W, 1140 MHz, 0 %, 63786 MiB
2026/10/03 14:12:03.295, 3, 45, 41.83 W, 1140 MHz, 0 %, 63802 MiB
2026/10/03 14:12:05.296, 0, 50, 46.57 W, 1140 MHz, 0 %, 63786 MiB
2026/10/03 14:12:05.296, 1, 57, 48.25 W, 1140 MHz, 0 %, 63802 MiB
2026/10/03 14:12:05.296, 2, 45, 42.84 W, 1140 MHz, 0 %, 63786 MiB
2026/10/03 14:12:05.296, 3, 45, 41.64 W, 1140 MHz, 0 %, 63802 MiB
2026/10/03 14:12:07.297, 0, 50, 46.57 W, 1140 MHz, 0 %, 63786 MiB
2026/10/03 14:12:07.297, 1, 56, 48.05 W, 1140 MHz, 0 %, 63802 MiB
2026/10/03 14:12:07.297, 2, 45, 42.76 W, 1140 MHz, 0 %, 63786 MiB
2026/10/03 14:12:07.298, 3, 45, 41.64 W, 1140 MHz, 0 %, 63802 MiB
2026/10/03 14:12:09.298, 0, 50, 46.57 W, 1140 MHz, 0 %, 63786 MiB
2026/10/03 14:12:09.298, 1, 56, 48.05 W, 1140 MHz, 0 %, 63802 MiB
2026/10/03 14:12:09.299, 2, 45, 42.84 W, 1140 MHz, 0 %, 63786 MiB
2026/10/03 14:12:09.299, 3, 45, 41.74 W, 1140 MHz, 0 %, 63802 MiB
2026/10/03 14:12:11.299, 0, 50, 46.47 W, 1140 MHz, 0 %, 63786 MiB
2026/10/03 14:12:11.300, 1, 56, 47.88 W, 1140 MHz, 0 %, 63802 MiB
2026/10/03 14:12:11.300, 2, 45, 42.85 W, 1140 MHz, 0 %, 63786 MiB
2026/10/03 14:12:11.300, 3, 44, 41.45 W, 1140 MHz, 0 %, 63802 MiB
2026/10/03 14:12:13.300, 0, 49, 46.47 W, 1140 MHz, 0 %, 63786 MiB
2026/10/03 14:12:13.301, 1, 56, 47.88 W, 1140 MHz, 0 %, 63802 MiB
2026/10/03 14:12:13.301, 2, 44, 42.84 W, 1140 MHz, 0 %, 63786 MiB
2026/10/03 14:12:13.301, 3, 44, 41.36 W, 1140 MHz, 0 %, 63802 MiB
2026/10/03 14:12:15.302, 0, 49, 46.36 W, 1140 MHz, 5 %, 63786 MiB
2026/10/03 14:12:15.302, 1, 56, 47.88 W, 1140 MHz, 5 %, 63802 MiB
2026/10/03 14:12:15.302, 2, 44, 43.03 W, 1140 MHz, 4 %, 63786 MiB
2026/10/03 14:12:15.302, 3, 44, 41.36 W, 1140 MHz, 1 %, 63802 MiB
2026/10/03 14:12:17.303, 0, 52, 147.57 W, 1410 MHz, 96 %, 63786 MiB
2026/10/03 14:12:17.303, 1, 59, 72.93 W, 1380 MHz, 97 %, 63802 MiB
2026/10/03 14:12:17.303, 2, 47, 192.71 W, 1380 MHz, 96 %, 63786 MiB
2026/10/03 14:12:17.303, 3, 47, 86.87 W, 1410 MHz, 99 %, 63802 MiB
2026/10/03 14:12:19.304, 0, 53, 122.30 W, 1410 MHz, 94 %, 63786 MiB
2026/10/03 14:12:19.304, 1, 60, 116.58 W, 1380 MHz, 97 %, 63802 MiB
2026/10/03 14:12:19.304, 2, 49, 73.84 W, 1290 MHz, 99 %, 63786 MiB
2026/10/03 14:12:19.304, 3, 47, 63.67 W, 1410 MHz, 99 %, 63802 MiB
2026/10/03 14:12:21.305, 0, 53, 108.21 W, 1410 MHz, 99 %, 63786 MiB
2026/10/03 14:12:21.305, 1, 60, 161.92 W, 1335 MHz, 99 %, 63802 MiB
2026/10/03 14:12:21.305, 2, 49, 146.38 W, 1290 MHz, 95 %, 63786 MiB
2026/10/03 14:12:21.305, 3, 47, 118.28 W, 1410 MHz, 96 %, 63802 MiB
2026/10/03 14:12:23.306, 0, 51, 53.65 W, 1410 MHz, 0 %, 63786 MiB
2026/10/03 14:12:23.306, 1, 58, 64.33 W, 1410 MHz, 0 %, 63802 MiB
2026/10/03 14:12:23.307, 2, 46, 57.79 W, 1410 MHz, 0 %, 63786 MiB
2026/10/03 14:12:23.307, 3, 45, 47.25 W, 1410 MHz, 0 %, 63802 MiB
2026/10/03 14:12:25.307, 0, 50, 46.57 W, 1140 MHz, 0 %, 63786 MiB
2026/10/03 14:12:25.307, 1, 57, 48.15 W, 1140 MHz, 0 %, 63802 MiB
2026/10/03 14:12:25.308, 2, 45, 43.13 W, 1140 MHz, 0 %, 63786 MiB
2026/10/03 14:12:25.308, 3, 45, 41.55 W, 1140 MHz, 0 %, 63802 MiB
2026/10/03 14:12:27.308, 0, 50, 46.47 W, 1140 MHz, 0 %, 63786 MiB
2026/10/03 14:12:27.309, 1, 57, 47.86 W, 1140 MHz, 0 %, 63802 MiB
2026/10/03 14:12:27.309, 2, 45, 43.04 W, 1140 MHz, 0 %, 63786 MiB
2026/10/03 14:12:27.309, 3, 45, 41.55 W, 1140 MHz, 0 %, 63802 MiB
2026/10/03 14:12:29.310, 0, 50, 46.36 W, 1140 MHz, 0 %, 63786 MiB
2026/10/03 14:12:29.310, 1, 56, 47.86 W, 1140 MHz, 0 %, 63802 MiB
2026/10/03 14:12:29.310, 2, 45, 42.76 W, 1140 MHz, 0 %, 63786 MiB
2026/10/03 14:12:29.310, 3, 45, 41.64 W, 1140 MHz, 0 %, 63802 MiB
2026/10/03 14:12:31.311, 0, 50, 46.36 W, 1140 MHz, 0 %, 63786 MiB
2026/10/03 14:12:31.311, 1, 56, 47.77 W, 1140 MHz, 0 %, 63802 MiB
2026/10/03 14:12:31.311, 2, 45, 42.66 W, 1140 MHz, 0 %, 63786 MiB
2026/10/03 14:12:31.311, 3, 44, 41.45 W, 1140 MHz, 0 %, 63802 MiB
2026/10/03 14:12:33.312, 0, 49, 46.66 W, 1140 MHz, 0 %, 63786 MiB
2026/10/03 14:12:33.312, 1, 56, 48.05 W, 1140 MHz, 0 %, 63802 MiB
2026/10/03 14:12:33.312, 2, 44, 42.66 W, 1140 MHz, 0 %, 63786 MiB
2026/10/03 14:12:33.312, 3, 44, 41.74 W, 1140 MHz, 0 %, 63802 MiB
2026/10/03 14:12:35.313, 0, 49, 46.36 W, 1140 MHz, 0 %, 63786 MiB
2026/10/03 14:12:35.313, 1, 56, 47.86 W, 1140 MHz, 0 %, 63802 MiB
2026/10/03 14:12:35.313, 2, 44, 42.66 W, 1140 MHz, 0 %, 63786 MiB
2026/10/03 14:12:35.314, 3, 44, 41.45 W, 1140 MHz, 0 %, 63802 MiB
2026/10/03 14:12:37.314, 0, 49, 46.27 W, 1140 MHz, 0 %, 63786 MiB
2026/10/03 14:12:37.314, 1, 56, 47.48 W, 1140 MHz, 0 %, 63802 MiB
2026/10/03 14:12:37.315, 2, 44, 42.57 W, 1140 MHz, 0 %, 63786 MiB
2026/10/03 14:12:37.315, 3, 44, 41.45 W, 1140 MHz, 0 %, 63802 MiB
2026/10/03 14:12:39.315, 0, 50, 105.09 W, 1140 MHz, 0 %, 63786 MiB
2026/10/03 14:12:39.316, 1, 57, 110.96 W, 1140 MHz, 0 %, 63802 MiB
2026/10/03 14:12:39.316, 2, 45, 138.35 W, 1230 MHz, 0 %, 63786 MiB
2026/10/03 14:12:39.316, 3, 45, 103.45 W, 1140 MHz, 0 %, 63802 MiB
2026/10/03 14:12:41.317, 0, 53, 129.72 W, 1410 MHz, 87 %, 63786 MiB
2026/10/03 14:12:41.317, 1, 59, 158.57 W, 1230 MHz, 99 %, 63802 MiB
2026/10/03 14:12:41.317, 2, 48, 65.65 W, 1245 MHz, 99 %, 63786 MiB
2026/10/03 14:12:41.318, 3, 47, 124.12 W, 1410 MHz, 96 %, 63802 MiB
2026/10/03 14:12:43.318, 0, 52, 116.33 W, 1410 MHz, 82 %, 63786 MiB
2026/10/03 14:12:43.318, 1, 59, 141.29 W, 1380 MHz, 100 %, 63802 MiB
2026/10/03 14:12:43.319, 2, 48, 88.23 W, 1380 MHz, 99 %, 63786 MiB
2026/10/03 14:12:43.319, 3, 47, 76.18 W, 1410 MHz, 99 %, 63802 MiB
2026/10/03 14:12:45.319, 0, 53, 72.10 W, 1410 MHz, 94 %, 63786 MiB
2026/10/03 14:12:45.320, 1, 60, 66.90 W, 1380 MHz, 98 %, 63802 MiB
2026/10/03 14:12:45.320, 2, 49, 62.23 W, 1350 MHz, 99 %, 63786 MiB
2026/10/03 14:12:45.321, 3, 47, 79.48 W, 1410 MHz, 98 %, 63802 MiB
2026/10/03 14:12:47.321, 0, 51, 53.94 W, 1410 MHz, 0 %, 63786 MiB
2026/10/03 14:12:47.321, 1, 58, 63.83 W, 1410 MHz, 0 %, 63802 MiB
2026/10/03 14:12:47.322, 2, 46, 57.21 W, 1410 MHz, 0 %, 63786 MiB
2026/10/03 14:12:47.322, 3, 45, 47.61 W, 1410 MHz, 0 %, 63802 MiB
2026/10/03 14:12:49.322, 0, 50, 46.65 W, 1140 MHz, 0 %, 63786 MiB
2026/10/03 14:12:49.323, 1, 57, 48.05 W, 1140 MHz, 0 %, 63802 MiB
2026/10/03 14:12:49.323, 2, 45, 42.95 W, 1140 MHz, 0 %, 63786 MiB
2026/10/03 14:12:49.323, 3, 45, 41.83 W, 1140 MHz, 0 %, 63802 MiB
2026/10/03 14:12:51.323, 0, 50, 46.47 W, 1140 MHz, 0 %, 63786 MiB
2026/10/03 14:12:51.324, 1, 56, 47.96 W, 1140 MHz, 0 %, 63802 MiB
2026/10/03 14:12:51.324, 2, 45, 43.03 W, 1140 MHz, 0 %, 63786 MiB
2026/10/03 14:12:51.324, 3, 45, 41.55 W, 1140 MHz, 0 %, 63802 MiB
2026/10/03 14:12:53.324, 0, 50, 46.36 W, 1140 MHz, 0 %, 63786 MiB
2026/10/03 14:12:53.326, 1, 56, 47.86 W, 1140 MHz, 0 %, 63802 MiB
2026/10/03 14:12:53.326, 2, 45, 42.95 W, 1140 MHz, 0 %, 63786 MiB
2026/10/03 14:12:53.327, 3, 44, 41.55 W, 1140 MHz, 0 %, 63802 MiB
2026/10/03 14:12:55.327, 0, 49, 46.38 W, 1140 MHz, 0 %, 63786 MiB
2026/10/03 14:12:55.327, 1, 56, 47.78 W, 1140 MHz, 0 %, 63802 MiB
2026/10/03 14:12:55.327, 2, 45, 42.76 W, 1140 MHz, 0 %, 63786 MiB
2026/10/03 14:12:55.328, 3, 44, 41.45 W, 1140 MHz, 0 %, 63802 MiB
2026/10/03 14:12:57.328, 0, 49, 46.27 W, 1140 MHz, 0 %, 63786 MiB
2026/10/03 14:12:57.328, 1, 56, 47.69 W, 1140 MHz, 0 %, 63802 MiB
2026/10/03 14:12:57.328, 2, 44, 42.76 W, 1140 MHz, 0 %, 63786 MiB
2026/10/03 14:12:57.329, 3, 44, 41.45 W, 1140 MHz, 0 %, 63802 MiB
2026/10/03 14:12:59.329, 0, 49, 46.27 W, 1140 MHz, 0 %, 63786 MiB
2026/10/03 14:12:59.330, 1, 56, 47.87 W, 1140 MHz, 0 %, 63802 MiB
2026/10/03 14:12:59.330, 2, 44, 42.67 W, 1140 MHz, 0 %, 63786 MiB
2026/10/03 14:12:59.330, 3, 44, 41.46 W, 1140 MHz, 0 %, 63802 MiB
2026/10/03 14:13:01.330, 0, 52, 127.63 W, 1410 MHz, 88 %, 63786 MiB
2026/10/03 14:13:01.331, 1, 59, 170.71 W, 1320 MHz, 97 %, 63802 MiB
2026/10/03 14:13:01.331, 2, 48, 67.20 W, 1290 MHz, 98 %, 63786 MiB
2026/10/03 14:13:01.331, 3, 47, 125.22 W, 1410 MHz, 96 %, 63802 MiB
2026/10/03 14:13:03.331, 0, 52, 63.64 W, 1410 MHz, 95 %, 63786 MiB
2026/10/03 14:13:03.332, 1, 59, 91.82 W, 1395 MHz, 99 %, 63802 MiB
2026/10/03 14:13:03.332, 2, 47, 58.16 W, 1380 MHz, 99 %, 63786 MiB
2026/10/03 14:13:03.332, 3, 46, 149.54 W, 1410 MHz, 98 %, 63802 MiB
2026/10/03 14:13:05.333, 0, 52, 88.99 W, 1410 MHz, 88 %, 63786 MiB
2026/10/03 14:13:05.333, 1, 59, 142.90 W, 1395 MHz, 99 %, 63802 MiB
2026/10/03 14:13:05.333, 2, 48, 72.48 W, 1365 MHz, 96 %, 63786 MiB
2026/10/03 14:13:05.333, 3, 47, 53.27 W, 1410 MHz, 99 %, 63802 MiB
2026/10/03 14:13:07.334, 0, 51, 53.83 W, 1410 MHz, 25 %, 63786 MiB
2026/10/03 14:13:07.334, 1, 59, 65.17 W, 1410 MHz, 50 %, 63802 MiB
2026/10/03 14:13:07.334, 2, 47, 57.99 W, 1410 MHz, 85 %, 63786 MiB
2026/10/03 14:13:07.334, 3, 46, 48.20 W, 1410 MHz, 68 %, 63802 MiB
2026/10/03 14:13:09.335, 0, 50, 46.76 W, 1140 MHz, 0 %, 63786 MiB
2026/10/03 14:13:09.337, 1, 57, 48.15 W, 1140 MHz, 0 %, 63802 MiB
2026/10/03 14:13:09.337, 2, 45, 43.14 W, 1140 MHz, 0 %, 63786 MiB
2026/10/03 14:13:09.337, 3, 45, 41.83 W, 1140 MHz, 0 %, 63802 MiB
2026/10/03 14:13:11.337, 0, 50, 46.66 W, 1140 MHz, 0 %, 63786 MiB
2026/10/03 14:13:11.338, 1, 57, 48.25 W, 1140 MHz, 0 %, 63802 MiB
2026/10/03 14:13:11.338, 2, 45, 42.95 W, 1140 MHz, 0 %, 63786 MiB
2026/10/03 14:13:11.338, 3, 45, 41.74 W, 1140 MHz, 0 %, 63802 MiB
2026/10/03 14:13:13.338, 0, 50, 46.57 W, 1140 MHz, 0 %, 63786 MiB
2026/10/03 14:13:13.340, 1, 56, 48.15 W, 1140 MHz, 0 %, 63802 MiB
2026/10/03 14:13:13.340, 2, 45, 42.94 W, 1140 MHz, 0 %, 63786 MiB
2026/10/03 14:13:13.340, 3, 45, 41.74 W, 1140 MHz, 0 %, 63802 MiB
2026/10/03 14:13:15.341, 0, 49, 46.36 W, 1140 MHz, 0 %, 63786 MiB
2026/10/03 14:13:15.341, 1, 56, 47.86 W, 1140 MHz, 0 %, 63802 MiB
2026/10/03 14:13:15.341, 2, 45, 42.85 W, 1140 MHz, 0 %, 63786 MiB
2026/10/03 14:13:15.341, 3, 44, 41.45 W, 1140 MHz, 0 %, 63802 MiB
2026/10/03 14:13:17.342, 0, 49, 46.36 W, 1140 MHz, 0 %, 63786 MiB
2026/10/03 14:13:17.342, 1, 56, 47.86 W, 1140 MHz, 0 %, 63802 MiB
2026/10/03 14:13:17.342, 2, 44, 42.85 W, 1140 MHz, 0 %, 63786 MiB
2026/10/03 14:13:17.343, 3, 44, 41.64 W, 1140 MHz, 0 %, 63802 MiB
2026/10/03 14:13:19.343, 0, 49, 46.38 W, 1140 MHz, 0 %, 63786 MiB
2026/10/03 14:13:19.344, 1, 56, 47.88 W, 1140 MHz, 0 %, 63802 MiB
2026/10/03 14:13:19.344, 2, 44, 42.76 W, 1140 MHz, 0 %, 63786 MiB
2026/10/03 14:13:19.344, 3, 44, 41.64 W, 1140 MHz, 0 %, 63802 MiB
2026/10/03 14:13:21.344, 0, 49, 46.17 W, 1140 MHz, 0 %, 63786 MiB
2026/10/03 14:13:21.345, 1, 56, 47.69 W, 1140 MHz, 0 %, 63802 MiB
2026/10/03 14:13:21.345, 2, 44, 43.05 W, 1140 MHz, 0 %, 63786 MiB
2026/10/03 14:13:21.345, 3, 44, 41.46 W, 1140 MHz, 0 %, 63802 MiB
2026/10/03 14:13:23.345, 0, 51, 124.04 W, 1410 MHz, 85 %, 63786 MiB
2026/10/03 14:13:23.346, 1, 58, 148.62 W, 1320 MHz, 99 %, 63802 MiB
2026/10/03 14:13:23.346, 2, 47, 71.84 W, 1350 MHz, 99 %, 63786 MiB
2026/10/03 14:13:23.346, 3, 46, 122.62 W, 1410 MHz, 99 %, 63802 MiB
2026/10/03 14:13:25.346, 0, 53, 100.48 W, 1410 MHz, 96 %, 63786 MiB
2026/10/03 14:13:25.347, 1, 60, 70.10 W, 1305 MHz, 99 %, 63802 MiB
2026/10/03 14:13:25.347, 2, 48, 145.85 W, 1395 MHz, 100 %, 63786 MiB
2026/10/03 14:13:25.347, 3, 47, 73.16 W, 1410 MHz, 99 %, 63802 MiB
2026/10/03 14:13:27.347, 0, 52, 68.22 W, 1410 MHz, 85 %, 63786 MiB
2026/10/03 14:13:27.348, 1, 59, 81.06 W, 1395 MHz, 99 %, 63802 MiB
2026/10/03 14:13:27.348, 2, 48, 95.50 W, 1365 MHz, 98 %, 63786 MiB
2026/10/03 14:13:27.348, 3, 47, 54.30 W, 1410 MHz, 96 %, 63802 MiB
2026/10/03 14:13:29.348, 0, 53, 139.15 W, 1410 MHz, 90 %, 63786 MiB
2026/10/03 14:13:29.349, 1, 60, 170.38 W, 1365 MHz, 96 %, 63802 MiB
2026/10/03 14:13:29.349, 2, 49, 80.08 W, 1290 MHz, 99 %, 63786 MiB
2026/10/03 14:13:29.349, 3, 47, 71.89 W, 1410 MHz, 95 %, 63802 MiB
2026/10/03 14:13:31.350, 0, 50, 48.97 W, 1140 MHz, 0 %, 63786 MiB
2026/10/03 14:13:31.350, 1, 57, 51.06 W, 1140 MHz, 0 %, 63802 MiB
2026/10/03 14:13:31.350, 2, 46, 62.72 W, 1140 MHz, 0 %, 63786 MiB
2026/10/03 14:13:31.351, 3, 45, 44.93 W, 1140 MHz, 0 %, 63802 MiB
