timestamp,power.draw [W],temperature.gpu,memory.used [MiB]
2026-09-02T16:56:45Z,power.draw [W], temperature.gpu, memory.used [MiB]
2026-09-02T16:56:45Z,38.29 W, 35, 50900 MiB
2026-09-02T16:56:45Z,41.92 W, 34, 49748 MiB
2026-09-02T16:56:45Z,39.18 W, 35, 51332 MiB
2026-09-02T16:56:45Z,40.20 W, 33, 60070 MiB
2026-09-02T16:56:46Z,38.46 W, 35, 50900 MiB
2026-09-02T16:56:46Z,41.90 W, 34, 49748 MiB
2026-09-02T16:56:46Z,38.98 W, 35, 51332 MiB
2026-09-02T16:56:46Z,40.19 W, 33, 60070 MiB
2026-09-02T16:56:47Z,38.38 W, 35, 50928 MiB
2026-09-02T16:56:47Z,41.82 W, 34, 49748 MiB
2026-09-02T16:56:47Z,38.99 W, 35, 51332 MiB
2026-09-02T16:56:47Z,40.40 W, 33, 60070 MiB
2026-09-02T16:56:48Z,38.20 W, 35, 50928 MiB
2026-09-02T16:56:48Z,41.93 W, 34, 49778 MiB
2026-09-02T16:56:48Z,39.00 W, 35, 51360 MiB
2026-09-02T16:56:48Z,40.21 W, 33, 60098 MiB
2026-09-02T16:56:49Z,38.29 W, 35, 50928 MiB
2026-09-02T16:56:49Z,41.90 W, 34, 49778 MiB
2026-09-02T16:56:49Z,38.98 W, 35, 51360 MiB
2026-09-02T16:56:49Z,40.20 W, 33, 60098 MiB
2026-09-02T16:56:50Z,38.08 W, 35, 50928 MiB
2026-09-02T16:56:50Z,41.92 W, 34, 49778 MiB
2026-09-02T16:56:50Z,39.28 W, 35, 51360 MiB
2026-09-02T16:56:50Z,40.20 W, 33, 60098 MiB
2026-09-02T16:56:51Z,38.18 W, 35, 50928 MiB
2026-09-02T16:56:51Z,41.92 W, 34, 49778 MiB
2026-09-02T16:56:51Z,39.09 W, 35, 51360 MiB
2026-09-02T16:56:51Z,40.21 W, 33, 60098 MiB
2026-09-02T16:56:52Z,38.20 W, 35, 50928 MiB
2026-09-02T16:56:52Z,41.92 W, 34, 49778 MiB
2026-09-02T16:56:52Z,38.98 W, 35, 51360 MiB
2026-09-02T16:56:52Z,40.20 W, 33, 60098 MiB
2026-09-02T16:56:53Z,38.18 W, 35, 50928 MiB
2026-09-02T16:56:53Z,42.09 W, 34, 49778 MiB
2026-09-02T16:56:53Z,38.98 W, 35, 51360 MiB
2026-09-02T16:56:53Z,40.11 W, 33, 60098 MiB
2026-09-02T16:56:54Z,137.12 W, 38, 51464 MiB
2026-09-02T16:56:54Z,44.23 W, 34, 50378 MiB
2026-09-02T16:56:54Z,39.04 W, 35, 51738 MiB
2026-09-02T16:56:54Z,39.99 W, 33, 60602 MiB
2026-09-02T16:56:55Z,50.12 W, 35, 51464 MiB
2026-09-02T16:56:55Z,54.91 W, 35, 50378 MiB
2026-09-02T16:56:55Z,50.98 W, 36, 51738 MiB
2026-09-02T16:56:55Z,57.01 W, 35, 60602 MiB
2026-09-02T16:56:56Z,50.12 W, 35, 51464 MiB
2026-09-02T16:56:56Z,54.90 W, 35, 50378 MiB
2026-09-02T16:56:56Z,51.39 W, 35, 51738 MiB
2026-09-02T16:56:56Z,56.88 W, 34, 60602 MiB
2026-09-02T16:56:57Z,38.29 W, 35, 51464 MiB
2026-09-02T16:56:57Z,41.82 W, 34, 50378 MiB
2026-09-02T16:56:57Z,39.18 W, 35, 51738 MiB
2026-09-02T16:56:57Z,40.20 W, 33, 60602 MiB
2026-09-02T16:56:58Z,38.21 W, 35, 51464 MiB
2026-09-02T16:56:58Z,41.81 W, 34, 50378 MiB
2026-09-02T16:56:58Z,39.09 W, 35, 51738 MiB
2026-09-02T16:56:58Z,40.02 W, 33, 60602 MiB
2026-09-02T16:56:59Z,38.10 W, 35, 51464 MiB
2026-09-02T16:56:59Z,41.81 W, 34, 50378 MiB
2026-09-02T16:56:59Z,38.88 W, 35, 51738 MiB
2026-09-02T16:56:59Z,40.13 W, 33, 60602 MiB
2026-09-02T16:57:00Z,38.09 W, 35, 51500 MiB
2026-09-02T16:57:00Z,41.82 W, 34, 50378 MiB
2026-09-02T16:57:00Z,38.89 W, 35, 51738 MiB
2026-09-02T16:57:00Z,40.02 W, 33, 60602 MiB
2026-09-02T16:57:01Z,50.15 W, 35, 51504 MiB
2026-09-02T16:57:01Z,41.61 W, 34, 50416 MiB
2026-09-02T16:57:01Z,38.69 W, 35, 51738 MiB
2026-09-02T16:57:01Z,40.02 W, 33, 60602 MiB
2026-09-02T16:57:02Z,50.12 W, 35, 51504 MiB
2026-09-02T16:57:02Z,63.13 W, 35, 50418 MiB
2026-09-02T16:57:02Z,42.00 W, 35, 51776 MiB
2026-09-02T16:57:02Z,40.10 W, 33, 60602 MiB
2026-09-02T16:57:03Z,181.67 W, 39, 51504 MiB
2026-09-02T16:57:03Z,226.00 W, 39, 50418 MiB
2026-09-02T16:57:03Z,56.17 W, 36, 51778 MiB
2026-09-02T16:57:03Z,62.87 W, 34, 60640 MiB
2026-09-02T16:57:04Z,50.98 W, 38, 51504 MiB
2026-09-02T16:57:04Z,63.54 W, 36, 50418 MiB
2026-09-02T16:57:04Z,51.47 W, 37, 51778 MiB
2026-09-02T16:57:04Z,55.51 W, 36, 60640 MiB
2026-09-02T16:57:05Z,50.74 W, 36, 51504 MiB
2026-09-02T16:57:05Z,63.92 W, 37, 50418 MiB
2026-09-02T16:57:05Z,179.42 W, 40, 51778 MiB
2026-09-02T16:57:05Z,183.27 W, 38, 60640 MiB
2026-09-02T16:57:06Z,50.62 W, 36, 51504 MiB
2026-09-02T16:57:06Z,63.53 W, 36, 50418 MiB
2026-09-02T16:57:06Z,51.19 W, 36, 51778 MiB
2026-09-02T16:57:06Z,57.96 W, 34, 60640 MiB
2026-09-02T16:57:07Z,38.47 W, 35, 51504 MiB
2026-09-02T16:57:07Z,42.00 W, 35, 50418 MiB
2026-09-02T16:57:07Z,39.07 W, 36, 51778 MiB
2026-09-02T16:57:07Z,57.67 W, 34, 60640 MiB
2026-09-02T16:57:08Z,38.37 W, 35, 51504 MiB
2026-09-02T16:57:08Z,41.91 W, 34, 50418 MiB
2026-09-02T16:57:08Z,38.98 W, 35, 51778 MiB
2026-09-02T16:57:08Z,40.22 W, 33, 60640 MiB
2026-09-02T16:57:09Z,38.29 W, 35, 51504 MiB
2026-09-02T16:57:09Z,42.20 W, 34, 50418 MiB
2026-09-02T16:57:09Z,39.18 W, 35, 51778 MiB
2026-09-02T16:57:09Z,40.12 W, 33, 60640 MiB
2026-09-02T16:57:10Z,38.27 W, 35, 51504 MiB
2026-09-02T16:57:10Z,42.10 W, 34, 50418 MiB
2026-09-02T16:57:10Z,39.09 W, 35, 51778 MiB
2026-09-02T16:57:10Z,40.01 W, 33, 60640 MiB
2026-09-02T16:57:11Z,38.27 W, 35, 51504 MiB
2026-09-02T16:57:11Z,42.01 W, 34, 50418 MiB
2026-09-02T16:57:11Z,39.18 W, 35, 51778 MiB
2026-09-02T16:57:11Z,40.02 W, 33, 60640 MiB
2026-09-02T16:57:12Z,38.29 W, 35, 51504 MiB
2026-09-02T16:57:12Z,41.91 W, 34, 50418 MiB
2026-09-02T16:57:12Z,38.97 W, 35, 51778 MiB
2026-09-02T16:57:12Z,40.02 W, 33, 60640 MiB
2026-09-02T16:57:13Z,183.70 W, 41, 51536 MiB
2026-09-02T16:57:13Z,176.40 W, 41, 50608 MiB
2026-09-02T16:57:13Z,176.75 W, 40, 52062 MiB
2026-09-02T16:57:13Z,63.08 W, 34, 60672 MiB
2026-09-02T16:57:14Z,67.40 W, 40, 51568 MiB
2026-09-02T16:57:14Z,113.79 W, 40, 50640 MiB
2026-09-02T16:57:14Z,163.22 W, 42, 52094 MiB
2026-09-02T16:57:14Z,89.36 W, 37, 60798 MiB
2026-09-02T16:57:15Z,51.19 W, 38, 51568 MiB
2026-09-02T16:57:15Z,173.44 W, 42, 50640 MiB
2026-09-02T16:57:15Z,169.72 W, 42, 52094 MiB
2026-09-02T16:57:15Z,61.69 W, 38, 60830 MiB
2026-09-02T16:57:16Z,93.65 W, 40, 51568 MiB
2026-09-02T16:57:16Z,73.63 W, 40, 50640 MiB
2026-09-02T16:57:16Z,56.71 W, 38, 52094 MiB
2026-09-02T16:57:16Z,58.08 W, 36, 60830 MiB
2026-09-02T16:57:17Z,186.42 W, 43, 51568 MiB
2026-09-02T16:57:17Z,189.26 W, 44, 50640 MiB
2026-09-02T16:57:17Z,185.61 W, 42, 52094 MiB
2026-09-02T16:57:17Z,195.27 W, 40, 60830 MiB
2026-09-02T16:57:18Z,192.14 W, 43, 51568 MiB
2026-09-02T16:57:18Z,181.17 W, 44, 50640 MiB
2026-09-02T16:57:18Z,189.67 W, 44, 52094 MiB
2026-09-02T16:57:18Z,170.61 W, 41, 60830 MiB
2026-09-02T16:57:19Z,51.46 W, 38, 51568 MiB
2026-09-02T16:57:19Z,65.81 W, 39, 50640 MiB
2026-09-02T16:57:19Z,51.98 W, 40, 52094 MiB
2026-09-02T16:57:19Z,198.00 W, 42, 60830 MiB
2026-09-02T16:57:20Z,183.26 W, 43, 51568 MiB
2026-09-02T16:57:20Z,188.24 W, 44, 50640 MiB
2026-09-02T16:57:20Z,60.13 W, 43, 52094 MiB
2026-09-02T16:57:20Z,64.22 W, 37, 60830 MiB
2026-09-02T16:57:21Z,188.44 W, 43, 51568 MiB
2026-09-02T16:57:21Z,172.57 W, 43, 50640 MiB
2026-09-02T16:57:21Z,182.91 W, 44, 52094 MiB
2026-09-02T16:57:21Z,62.48 W, 41, 60830 MiB
2026-09-02T16:57:22Z,51.86 W, 40, 51568 MiB
2026-09-02T16:57:22Z,108.12 W, 42, 50640 MiB
2026-09-02T16:57:22Z,76.77 W, 45, 52094 MiB
2026-09-02T16:57:22Z,227.60 W, 42, 60830 MiB
2026-09-02T16:57:23Z,51.28 W, 38, 51568 MiB
2026-09-02T16:57:23Z,66.05 W, 39, 50640 MiB
2026-09-02T16:57:23Z,52.55 W, 39, 52094 MiB
2026-09-02T16:57:23Z,58.80 W, 38, 60830 MiB
2026-09-02T16:57:24Z,38.76 W, 38, 51568 MiB
2026-09-02T16:57:24Z,43.08 W, 38, 50640 MiB
2026-09-02T16:57:24Z,52.15 W, 39, 52094 MiB
2026-09-02T16:57:24Z,58.52 W, 37, 60830 MiB
2026-09-02T16:57:25Z,38.56 W, 37, 51568 MiB
2026-09-02T16:57:25Z,42.79 W, 37, 50640 MiB
2026-09-02T16:57:25Z,39.68 W, 38, 52094 MiB
2026-09-02T16:57:25Z,40.59 W, 36, 60830 MiB
2026-09-02T16:57:26Z,38.58 W, 37, 51568 MiB
2026-09-02T16:57:26Z,42.69 W, 37, 50640 MiB
2026-09-02T16:57:26Z,39.57 W, 37, 52094 MiB
2026-09-02T16:57:26Z,40.60 W, 36, 60830 MiB
2026-09-02T16:57:27Z,38.47 W, 37, 51568 MiB
2026-09-02T16:57:27Z,42.60 W, 36, 50640 MiB
2026-09-02T16:57:27Z,39.57 W, 37, 52094 MiB
2026-09-02T16:57:27Z,40.49 W, 35, 60830 MiB
2026-09-02T16:57:28Z,38.47 W, 37, 51568 MiB
2026-09-02T16:57:28Z,42.58 W, 36, 50640 MiB
2026-09-02T16:57:28Z,39.57 W, 37, 52094 MiB
2026-09-02T16:57:28Z,40.40 W, 35, 60830 MiB
2026-09-02T16:57:29Z,38.47 W, 37, 51568 MiB
2026-09-02T16:57:29Z,42.49 W, 36, 50640 MiB
2026-09-02T16:57:29Z,39.47 W, 37, 52094 MiB
2026-09-02T16:57:29Z,40.49 W, 35, 60830 MiB
2026-09-02T16:57:30Z,38.38 W, 37, 51568 MiB
2026-09-02T16:57:30Z,42.49 W, 36, 50640 MiB
2026-09-02T16:57:30Z,39.47 W, 37, 52094 MiB
2026-09-02T16:57:30Z,40.50 W, 35, 60830 MiB
2026-09-02T16:57:31Z,38.39 W, 37, 51568 MiB
2026-09-02T16:57:31Z,42.40 W, 36, 50640 MiB
2026-09-02T16:57:31Z,39.47 W, 37, 52094 MiB
2026-09-02T16:57:31Z,40.50 W, 35, 60830 MiB
2026-09-02T16:57:32Z,38.47 W, 36, 51568 MiB
2026-09-02T16:57:32Z,42.50 W, 36, 50640 MiB
2026-09-02T16:57:32Z,39.47 W, 37, 52094 MiB
2026-09-02T16:57:32Z,40.40 W, 35, 60830 MiB
2026-09-02T16:57:33Z,38.47 W, 36, 51568 MiB
2026-09-02T16:57:33Z,42.49 W, 36, 50640 MiB
2026-09-02T16:57:33Z,39.47 W, 37, 52094 MiB
2026-09-02T16:57:33Z,40.49 W, 35, 60830 MiB
2026-09-02T16:57:34Z,38.39 W, 36, 51568 MiB
2026-09-02T16:57:34Z,42.40 W, 36, 50640 MiB
2026-09-02T16:57:34Z,39.37 W, 37, 52094 MiB
2026-09-02T16:57:34Z,40.59 W, 35, 60830 MiB
2026-09-02T16:57:35Z,38.67 W, 36, 51568 MiB
2026-09-02T16:57:35Z,42.39 W, 36, 50640 MiB
2026-09-02T16:57:35Z,39.37 W, 37, 52094 MiB
2026-09-02T16:57:35Z,40.59 W, 35, 60830 MiB
2026-09-02T16:57:36Z,38.88 W, 36, 51568 MiB
2026-09-02T16:57:36Z,42.69 W, 36, 50640 MiB
2026-09-02T16:57:36Z,39.28 W, 37, 52094 MiB
2026-09-02T16:57:36Z,40.70 W, 35, 60830 MiB
2026-09-02T16:57:37Z,38.76 W, 36, 51568 MiB
2026-09-02T16:57:37Z,42.69 W, 36, 50640 MiB
2026-09-02T16:57:37Z,39.37 W, 36, 52094 MiB
2026-09-02T16:57:37Z,40.60 W, 35, 60830 MiB
2026-09-02T16:57:38Z,38.85 W, 36, 51568 MiB
2026-09-02T16:57:38Z,42.50 W, 35, 50640 MiB
2026-09-02T16:57:38Z,39.57 W, 36, 52094 MiB
2026-09-02T16:57:38Z,40.41 W, 35, 60830 MiB
2026-09-02T16:57:39Z,38.78 W, 36, 51568 MiB
2026-09-02T16:57:39Z,42.50 W, 35, 50640 MiB
2026-09-02T16:57:39Z,39.38 W, 36, 52094 MiB
2026-09-02T16:57:39Z,40.41 W, 35, 60830 MiB
2026-09-02T16:57:40Z,38.76 W, 36, 51568 MiB
2026-09-02T16:57:40Z,42.49 W, 35, 50640 MiB
2026-09-02T16:57:40Z,39.47 W, 36, 52094 MiB
2026-09-02T16:57:40Z,40.49 W, 35, 60830 MiB
2026-09-02T16:57:41Z,38.66 W, 36, 51568 MiB
2026-09-02T16:57:41Z,42.40 W, 35, 50640 MiB
2026-09-02T16:57:41Z,39.38 W, 36, 52094 MiB
2026-09-02T16:57:41Z,40.50 W, 35, 60830 MiB
2026-09-02T16:57:42Z,38.67 W, 36, 51568 MiB
2026-09-02T16:57:42Z,42.30 W, 35, 50640 MiB
2026-09-02T16:57:42Z,39.38 W, 36, 52094 MiB
2026-09-02T16:57:42Z,40.40 W, 34, 60830 MiB
2026-09-02T16:57:43Z,38.67 W, 36, 51568 MiB
2026-09-02T16:57:43Z,42.30 W, 35, 50640 MiB
2026-09-02T16:57:43Z,39.28 W, 36, 52094 MiB
2026-09-02T16:57:43Z,40.40 W, 34, 60830 MiB
2026-09-02T16:57:44Z,38.66 W, 36, 51568 MiB
2026-09-02T16:57:44Z,42.39 W, 35, 50640 MiB
2026-09-02T16:57:44Z,39.28 W, 36, 52094 MiB
2026-09-02T16:57:44Z,40.40 W, 34, 60830 MiB
2026-09-02T16:57:45Z,38.67 W, 36, 51568 MiB
2026-09-02T16:57:45Z,42.30 W, 35, 50640 MiB
2026-09-02T16:57:45Z,39.28 W, 36, 52094 MiB
2026-09-02T16:57:45Z,40.41 W, 34, 60830 MiB
2026-09-02T16:57:46Z,38.67 W, 36, 51568 MiB
2026-09-02T16:57:46Z,42.21 W, 35, 50640 MiB
2026-09-02T16:57:46Z,39.38 W, 36, 52094 MiB
2026-09-02T16:57:46Z,40.41 W, 34, 60830 MiB
2026-09-02T16:57:47Z,38.57 W, 36, 51568 MiB
2026-09-02T16:57:47Z,42.30 W, 35, 50640 MiB
2026-09-02T16:57:47Z,39.18 W, 36, 52094 MiB
2026-09-02T16:57:47Z,40.40 W, 34, 60830 MiB
2026-09-02T16:57:48Z,182.65 W, 40, 51568 MiB
2026-09-02T16:57:48Z,44.70 W, 35, 50640 MiB
2026-09-02T16:57:48Z,41.97 W, 36, 52094 MiB
2026-09-02T16:57:48Z,42.81 W, 34, 60830 MiB
2026-09-02T16:57:49Z,193.15 W, 42, 51568 MiB
2026-09-02T16:57:49Z,213.88 W, 43, 50640 MiB
2026-09-02T16:57:49Z,186.30 W, 43, 52094 MiB
2026-09-02T16:57:49Z,185.48 W, 40, 60830 MiB
2026-09-02T16:57:50Z,169.73 W, 43, 51568 MiB
2026-09-02T16:57:50Z,177.81 W, 44, 50640 MiB
2026-09-02T16:57:50Z,178.79 W, 44, 52094 MiB
2026-09-02T16:57:50Z,180.95 W, 41, 60830 MiB
2026-09-02T16:57:51Z,57.15 W, 43, 51688 MiB
2026-09-02T16:57:51Z,178.50 W, 44, 50760 MiB
2026-09-02T16:57:51Z,175.13 W, 44, 52170 MiB
2026-09-02T16:57:51Z,168.73 W, 42, 60830 MiB
2026-09-02T16:57:52Z,179.18 W, 44, 51840 MiB
2026-09-02T16:57:52Z,226.95 W, 45, 50912 MiB
2026-09-02T16:57:52Z,178.37 W, 45, 52312 MiB
2026-09-02T16:57:52Z,178.04 W, 42, 61048 MiB
2026-09-02T16:57:53Z,52.49 W, 41, 51898 MiB
2026-09-02T16:57:53Z,244.60 W, 45, 50970 MiB
2026-09-02T16:57:53Z,186.83 W, 45, 52550 MiB
2026-09-02T16:57:53Z,173.19 W, 42, 61160 MiB
2026-09-02T16:57:54Z,51.77 W, 39, 51898 MiB
2026-09-02T16:57:54Z,67.23 W, 39, 50970 MiB
2026-09-02T16:57:54Z,53.21 W, 40, 52550 MiB
2026-09-02T16:57:54Z,59.59 W, 39, 61160 MiB
2026-09-02T16:57:55Z,196.06 W, 44, 51898 MiB
2026-09-02T16:57:55Z,257.22 W, 45, 50970 MiB
2026-09-02T16:57:55Z,190.29 W, 44, 52550 MiB
2026-09-02T16:57:55Z,179.51 W, 42, 61160 MiB
2026-09-02T16:57:56Z,181.70 W, 45, 51898 MiB
2026-09-02T16:57:56Z,178.25 W, 45, 50970 MiB
2026-09-02T16:57:56Z,170.40 W, 46, 52550 MiB
2026-09-02T16:57:56Z,176.88 W, 43, 61160 MiB
2026-09-02T16:57:57Z,182.09 W, 45, 51898 MiB
2026-09-02T16:57:57Z,165.14 W, 46, 50970 MiB
2026-09-02T16:57:57Z,180.03 W, 46, 52550 MiB
2026-09-02T16:57:57Z,187.66 W, 44, 61160 MiB
2026-09-02T16:57:58Z,170.49 W, 46, 51898 MiB
2026-09-02T16:57:58Z,179.35 W, 46, 50970 MiB
2026-09-02T16:57:58Z,181.82 W, 47, 52550 MiB
2026-09-02T16:57:58Z,167.48 W, 44, 61160 MiB
2026-09-02T16:57:59Z,181.64 W, 46, 51898 MiB
2026-09-02T16:57:59Z,164.68 W, 47, 50970 MiB
2026-09-02T16:57:59Z,173.77 W, 47, 52550 MiB
2026-09-02T16:57:59Z,163.24 W, 44, 61160 MiB
2026-09-02T16:58:00Z,52.06 W, 40, 51898 MiB
2026-09-02T16:58:00Z,67.62 W, 41, 50970 MiB
2026-09-02T16:58:00Z,54.28 W, 42, 52550 MiB
2026-09-02T16:58:00Z,58.54 W, 42, 61160 MiB
2026-09-02T16:58:01Z,189.86 W, 46, 51898 MiB
2026-09-02T16:58:01Z,183.50 W, 46, 50970 MiB
2026-09-02T16:58:01Z,182.33 W, 46, 52550 MiB
2026-09-02T16:58:01Z,65.76 W, 39, 61160 MiB
2026-09-02T16:58:02Z,178.13 W, 46, 51898 MiB
2026-09-02T16:58:02Z,184.00 W, 47, 50970 MiB
2026-09-02T16:58:02Z,124.95 W, 47, 52550 MiB
2026-09-02T16:58:02Z,63.65 W, 42, 61160 MiB
2026-09-02T16:58:03Z,193.55 W, 46, 51898 MiB
2026-09-02T16:58:03Z,179.38 W, 47, 50970 MiB
2026-09-02T16:58:03Z,183.75 W, 46, 52550 MiB
2026-09-02T16:58:03Z,134.14 W, 44, 61160 MiB
2026-09-02T16:58:04Z,174.08 W, 46, 51898 MiB
2026-09-02T16:58:04Z,188.99 W, 47, 50970 MiB
2026-09-02T16:58:04Z,184.17 W, 47, 52550 MiB
2026-09-02T16:58:04Z,62.16 W, 44, 61160 MiB
2026-09-02T16:58:05Z,190.12 W, 47, 51898 MiB
2026-09-02T16:58:05Z,176.92 W, 46, 50970 MiB
2026-09-02T16:58:05Z,178.48 W, 47, 52550 MiB
2026-09-02T16:58:05Z,62.60 W, 44, 61160 MiB
2026-09-02T16:58:06Z,53.29 W, 42, 51898 MiB
2026-09-02T16:58:06Z,66.55 W, 42, 50970 MiB
2026-09-02T16:58:06Z,163.20 W, 46, 52550 MiB
2026-09-02T16:58:06Z,63.71 W, 45, 61160 MiB
2026-09-02T16:58:07Z,52.16 W, 41, 51898 MiB
2026-09-02T16:58:07Z,67.43 W, 41, 50970 MiB
2026-09-02T16:58:07Z,53.97 W, 42, 52550 MiB
2026-09-02T16:58:07Z,60.27 W, 40, 61160 MiB
2026-09-02T16:58:08Z,39.36 W, 40, 51898 MiB
2026-09-02T16:58:08Z,43.66 W, 40, 50970 MiB
2026-09-02T16:58:08Z,40.14 W, 41, 52550 MiB
2026-09-02T16:58:08Z,58.57 W, 40, 61160 MiB
2026-09-02T16:58:09Z,39.27 W, 40, 51898 MiB
2026-09-02T16:58:09Z,43.68 W, 39, 50970 MiB
2026-09-02T16:58:09Z,40.35 W, 41, 52550 MiB
2026-09-02T16:58:09Z,40.78 W, 39, 61160 MiB
2026-09-02T16:58:10Z,39.27 W, 40, 51898 MiB
2026-09-02T16:58:10Z,43.47 W, 39, 50970 MiB
2026-09-02T16:58:10Z,40.35 W, 40, 52550 MiB
2026-09-02T16:58:10Z,41.28 W, 38, 61160 MiB
2026-09-02T16:58:11Z,39.19 W, 39, 51898 MiB
2026-09-02T16:58:11Z,43.29 W, 39, 50970 MiB
2026-09-02T16:58:11Z,40.16 W, 40, 52550 MiB
2026-09-02T16:58:11Z,41.10 W, 38, 61160 MiB
2026-09-02T16:58:12Z,39.17 W, 39, 51898 MiB
2026-09-02T16:58:12Z,43.39 W, 39, 50970 MiB
2026-09-02T16:58:12Z,40.16 W, 40, 52550 MiB
2026-09-02T16:58:12Z,41.18 W, 38, 61160 MiB
2026-09-02T16:58:13Z,39.07 W, 39, 51898 MiB
2026-09-02T16:58:13Z,43.28 W, 38, 50970 MiB
2026-09-02T16:58:13Z,40.06 W, 40, 52550 MiB
2026-09-02T16:58:13Z,41.09 W, 38, 61160 MiB
2026-09-02T16:58:14Z,39.07 W, 39, 51898 MiB
2026-09-02T16:58:14Z,43.09 W, 38, 50970 MiB
2026-09-02T16:58:14Z,40.07 W, 40, 52550 MiB
2026-09-02T16:58:14Z,41.09 W, 38, 61160 MiB
2026-09-02T16:58:15Z,38.98 W, 39, 51898 MiB
2026-09-02T16:58:15Z,43.20 W, 38, 50970 MiB
2026-09-02T16:58:15Z,39.97 W, 39, 52550 MiB
2026-09-02T16:58:15Z,41.10 W, 37, 61160 MiB
2026-09-02T16:58:16Z,38.96 W, 39, 51898 MiB
2026-09-02T16:58:16Z,43.09 W, 38, 50970 MiB
2026-09-02T16:58:16Z,40.07 W, 39, 52550 MiB
2026-09-02T16:58:16Z,41.09 W, 37, 61160 MiB
2026-09-02T16:58:17Z,39.27 W, 39, 51898 MiB
2026-09-02T16:58:17Z,42.99 W, 38, 50970 MiB
2026-09-02T16:58:17Z,40.05 W, 39, 52550 MiB
2026-09-02T16:58:17Z,40.89 W, 37, 61160 MiB
2026-09-02T16:58:18Z,39.17 W, 39, 51898 MiB
2026-09-02T16:58:18Z,43.11 W, 38, 50970 MiB
2026-09-02T16:58:18Z,39.87 W, 39, 52550 MiB
2026-09-02T16:58:18Z,41.10 W, 37, 61160 MiB
2026-09-02T16:58:19Z,38.98 W, 39, 51898 MiB
2026-09-02T16:58:19Z,43.20 W, 38, 50970 MiB
2026-09-02T16:58:19Z,39.97 W, 39, 52550 MiB
2026-09-02T16:58:19Z,41.09 W, 37, 61160 MiB
2026-09-02T16:58:20Z,38.96 W, 39, 51898 MiB
2026-09-02T16:58:20Z,43.19 W, 38, 50970 MiB
2026-09-02T16:58:20Z,40.06 W, 39, 52550 MiB
2026-09-02T16:58:20Z,41.09 W, 37, 61160 MiB
2026-09-02T16:58:21Z,38.96 W, 38, 51898 MiB
2026-09-02T16:58:21Z,43.09 W, 37, 50970 MiB
2026-09-02T16:58:21Z,40.16 W, 39, 52550 MiB
2026-09-02T16:58:21Z,40.99 W, 37, 61160 MiB
2026-09-02T16:58:22Z,38.89 W, 38, 51898 MiB
2026-09-02T16:58:22Z,42.99 W, 37, 50970 MiB
2026-09-02T16:58:22Z,39.97 W, 39, 52550 MiB
2026-09-02T16:58:22Z,41.00 W, 37, 61160 MiB
2026-09-02T16:58:23Z,38.87 W, 38, 51898 MiB
2026-09-02T16:58:23Z,43.00 W, 37, 50970 MiB
2026-09-02T16:58:23Z,39.97 W, 39, 52550 MiB
2026-09-02T16:58:23Z,40.99 W, 37, 61160 MiB
2026-09-02T16:58:24Z,38.84 W, 38, 51898 MiB
2026-09-02T16:58:24Z,42.99 W, 37, 50970 MiB
2026-09-02T16:58:24Z,39.95 W, 39, 52550 MiB
2026-09-02T16:58:24Z,40.89 W, 37, 61160 MiB
2026-09-02T16:58:25Z,38.77 W, 38, 51898 MiB
2026-09-02T16:58:25Z,42.79 W, 37, 50970 MiB
2026-09-02T16:58:25Z,39.87 W, 39, 52550 MiB
2026-09-02T16:58:25Z,40.81 W, 37, 61160 MiB
2026-09-02T16:58:26Z,38.78 W, 38, 51898 MiB
2026-09-02T16:58:26Z,42.78 W, 37, 50970 MiB
2026-09-02T16:58:26Z,39.77 W, 38, 52550 MiB
2026-09-02T16:58:26Z,40.79 W, 36, 61160 MiB
2026-09-02T16:58:27Z,38.76 W, 38, 51898 MiB
2026-09-02T16:58:27Z,42.78 W, 37, 50970 MiB
2026-09-02T16:58:27Z,39.78 W, 38, 52550 MiB
2026-09-02T16:58:27Z,40.69 W, 36, 61160 MiB
2026-09-02T16:58:28Z,38.77 W, 38, 51898 MiB
2026-09-02T16:58:28Z,42.69 W, 37, 50970 MiB
2026-09-02T16:58:28Z,39.78 W, 38, 52550 MiB
2026-09-02T16:58:28Z,40.79 W, 36, 61160 MiB
2026-09-02T16:58:29Z,38.78 W, 38, 51898 MiB
2026-09-02T16:58:29Z,42.80 W, 37, 50970 MiB
2026-09-02T16:58:29Z,39.87 W, 38, 52550 MiB
2026-09-02T16:58:29Z,40.79 W, 36, 61160 MiB
2026-09-02T16:58:30Z,38.68 W, 38, 51898 MiB
2026-09-02T16:58:30Z,42.69 W, 37, 50970 MiB
2026-09-02T16:58:30Z,39.67 W, 38, 52550 MiB
2026-09-02T16:58:30Z,40.70 W, 36, 61160 MiB
2026-09-02T16:58:31Z,38.66 W, 38, 51898 MiB
2026-09-02T16:58:31Z,42.68 W, 37, 50970 MiB
2026-09-02T16:58:31Z,39.68 W, 38, 52550 MiB
2026-09-02T16:58:31Z,40.81 W, 36, 61160 MiB
2026-09-02T16:58:32Z,38.77 W, 38, 51898 MiB
2026-09-02T16:58:32Z,42.69 W, 36, 50970 MiB
2026-09-02T16:58:32Z,39.78 W, 38, 52550 MiB
2026-09-02T16:58:32Z,40.70 W, 36, 61160 MiB
2026-09-02T16:58:33Z,38.77 W, 38, 51898 MiB
2026-09-02T16:58:33Z,42.60 W, 36, 50970 MiB
2026-09-02T16:58:33Z,39.68 W, 38, 52550 MiB
2026-09-02T16:58:33Z,40.60 W, 36, 61160 MiB
2026-09-02T16:58:34Z,38.68 W, 38, 51898 MiB
2026-09-02T16:58:34Z,42.60 W, 36, 50970 MiB
2026-09-02T16:58:34Z,39.68 W, 38, 52550 MiB
2026-09-02T16:58:34Z,40.71 W, 36, 61160 MiB
2026-09-02T16:58:35Z,38.66 W, 37, 51898 MiB
2026-09-02T16:58:35Z,42.58 W, 36, 50970 MiB
2026-09-02T16:58:35Z,39.68 W, 38, 52550 MiB
2026-09-02T16:58:35Z,40.69 W, 36, 61160 MiB
2026-09-02T16:58:36Z,38.68 W, 37, 51898 MiB
2026-09-02T16:58:36Z,42.60 W, 36, 50970 MiB
2026-09-02T16:58:36Z,39.68 W, 38, 52550 MiB
2026-09-02T16:58:36Z,40.61 W, 36, 61160 MiB
2026-09-02T16:58:37Z,38.58 W, 37, 51898 MiB
2026-09-02T16:58:37Z,42.59 W, 36, 50970 MiB
2026-09-02T16:58:37Z,39.57 W, 38, 52550 MiB
2026-09-02T16:58:37Z,40.70 W, 36, 61160 MiB
2026-09-02T16:58:38Z,38.87 W, 37, 51898 MiB
2026-09-02T16:58:38Z,42.47 W, 36, 50970 MiB
2026-09-02T16:58:38Z,39.67 W, 38, 52550 MiB
2026-09-02T16:58:38Z,40.60 W, 36, 61160 MiB
2026-09-02T16:58:39Z,38.78 W, 37, 51898 MiB
2026-09-02T16:58:39Z,42.50 W, 36, 50970 MiB
2026-09-02T16:58:39Z,39.57 W, 38, 52550 MiB
2026-09-02T16:58:39Z,40.90 W, 36, 61160 MiB
2026-09-02T16:58:40Z,38.68 W, 37, 51898 MiB
2026-09-02T16:58:40Z,42.69 W, 36, 50970 MiB
2026-09-02T16:58:40Z,39.87 W, 38, 52550 MiB
2026-09-02T16:58:40Z,40.81 W, 36, 61160 MiB
2026-09-02T16:58:41Z,38.67 W, 37, 51898 MiB
2026-09-02T16:58:41Z,42.68 W, 36, 50970 MiB
2026-09-02T16:58:41Z,39.77 W, 37, 52550 MiB
2026-09-02T16:58:41Z,40.70 W, 36, 61160 MiB
2026-09-02T16:58:42Z,38.67 W, 37, 51898 MiB
2026-09-02T16:58:42Z,42.58 W, 36, 50970 MiB
2026-09-02T16:58:42Z,39.76 W, 37, 52550 MiB
2026-09-02T16:58:42Z,40.59 W, 35, 61160 MiB
2026-09-02T16:58:43Z,38.58 W, 37, 51898 MiB
2026-09-02T16:58:43Z,42.50 W, 36, 50970 MiB
2026-09-02T16:58:43Z,39.57 W, 37, 52550 MiB
2026-09-02T16:58:43Z,40.71 W, 35, 61160 MiB
2026-09-02T16:58:44Z,38.58 W, 37, 51898 MiB
2026-09-02T16:58:44Z,42.49 W, 36, 50970 MiB
2026-09-02T16:58:44Z,39.58 W, 37, 52550 MiB
2026-09-02T16:58:44Z,40.70 W, 35, 61160 MiB
2026-09-02T16:58:45Z,38.56 W, 37, 51898 MiB
2026-09-02T16:58:45Z,42.49 W, 36, 50970 MiB
2026-09-02T16:58:45Z,39.47 W, 37, 52550 MiB
2026-09-02T16:58:45Z,40.59 W, 35, 61160 MiB
2026-09-02T16:58:46Z,38.58 W, 37, 51898 MiB
2026-09-02T16:58:46Z,42.49 W, 36, 50970 MiB
2026-09-02T16:58:46Z,39.57 W, 37, 52550 MiB
2026-09-02T16:58:46Z,40.59 W, 35, 61160 MiB
2026-09-02T16:58:47Z,38.58 W, 37, 51898 MiB
2026-09-02T16:58:47Z,42.40 W, 36, 50970 MiB
2026-09-02T16:58:47Z,39.57 W, 37, 52550 MiB
2026-09-02T16:58:47Z,40.50 W, 35, 61160 MiB
2026-09-02T16:58:48Z,38.47 W, 37, 51898 MiB
2026-09-02T16:58:48Z,42.39 W, 36, 50970 MiB
2026-09-02T16:58:48Z,39.47 W, 37, 52550 MiB
2026-09-02T16:58:48Z,40.49 W, 35, 61160 MiB
2026-09-02T16:58:49Z,38.56 W, 37, 51898 MiB
2026-09-02T16:58:49Z,42.38 W, 35, 50970 MiB
2026-09-02T16:58:49Z,39.55 W, 37, 52550 MiB
2026-09-02T16:58:49Z,40.48 W, 35, 61160 MiB
2026-09-02T16:58:50Z,38.58 W, 37, 51898 MiB
2026-09-02T16:58:50Z,42.40 W, 35, 50970 MiB
2026-09-02T16:58:50Z,39.57 W, 37, 52550 MiB
2026-09-02T16:58:50Z,40.50 W, 35, 61160 MiB
2026-09-02T16:58:51Z,38.49 W, 37, 51898 MiB
2026-09-02T16:58:51Z,42.31 W, 35, 50970 MiB
2026-09-02T16:58:51Z,39.47 W, 37, 52550 MiB
2026-09-02T16:58:51Z,40.41 W, 35, 61160 MiB
2026-09-02T16:58:52Z,38.47 W, 37, 51898 MiB
2026-09-02T16:58:52Z,42.29 W, 35, 50970 MiB
2026-09-02T16:58:52Z,39.47 W, 37, 52550 MiB
2026-09-02T16:58:52Z,40.49 W, 35, 61160 MiB
2026-09-02T16:58:53Z,38.76 W, 37, 51898 MiB
2026-09-02T16:58:53Z,42.29 W, 35, 50970 MiB
2026-09-02T16:58:53Z,39.57 W, 37, 52550 MiB
2026-09-02T16:58:53Z,40.40 W, 35, 61160 MiB
2026-09-02T16:58:54Z,38.88 W, 37, 51898 MiB
2026-09-02T16:58:54Z,42.40 W, 35, 50970 MiB
2026-09-02T16:58:54Z,39.38 W, 37, 52550 MiB
2026-09-02T16:58:54Z,40.50 W, 35, 61160 MiB
2026-09-02T16:58:55Z,38.87 W, 36, 51898 MiB
2026-09-02T16:58:55Z,42.29 W, 35, 50970 MiB
2026-09-02T16:58:55Z,39.47 W, 37, 52550 MiB
2026-09-02T16:58:55Z,40.40 W, 35, 61160 MiB
2026-09-02T16:58:56Z,38.76 W, 36, 51898 MiB
2026-09-02T16:58:56Z,42.38 W, 35, 50970 MiB
2026-09-02T16:58:56Z,39.45 W, 37, 52550 MiB
2026-09-02T16:58:56Z,40.40 W, 35, 61160 MiB
2026-09-02T16:58:57Z,38.78 W, 36, 51898 MiB
2026-09-02T16:58:57Z,42.20 W, 35, 50970 MiB
2026-09-02T16:58:57Z,39.37 W, 37, 52550 MiB
2026-09-02T16:58:57Z,40.61 W, 35, 61160 MiB
2026-09-02T16:58:58Z,38.78 W, 36, 51898 MiB
2026-09-02T16:58:58Z,42.20 W, 35, 50970 MiB
2026-09-02T16:58:58Z,39.47 W, 37, 52550 MiB
2026-09-02T16:58:58Z,40.41 W, 35, 61160 MiB
2026-09-02T16:58:59Z,38.76 W, 36, 51898 MiB
2026-09-02T16:58:59Z,42.30 W, 35, 50970 MiB
2026-09-02T16:58:59Z,39.28 W, 37, 52550 MiB
2026-09-02T16:58:59Z,40.41 W, 35, 61160 MiB
2026-09-02T16:59:00Z,38.87 W, 36, 51898 MiB
2026-09-02T16:59:00Z,42.30 W, 35, 50970 MiB
2026-09-02T16:59:00Z,39.47 W, 36, 52550 MiB
2026-09-02T16:59:00Z,40.50 W, 35, 61160 MiB
2026-09-02T16:59:01Z,38.97 W, 36, 51898 MiB
2026-09-02T16:59:01Z,42.30 W, 35, 50970 MiB
2026-09-02T16:59:01Z,39.37 W, 36, 52550 MiB
2026-09-02T16:59:01Z,40.50 W, 35, 61160 MiB
2026-09-02T16:59:02Z,38.68 W, 36, 51898 MiB
2026-09-02T16:59:02Z,42.40 W, 35, 50970 MiB
2026-09-02T16:59:02Z,39.67 W, 36, 52550 MiB
2026-09-02T16:59:02Z,40.60 W, 35, 61160 MiB
2026-09-02T16:59:03Z,38.57 W, 36, 51898 MiB
2026-09-02T16:59:03Z,42.30 W, 35, 50970 MiB
2026-09-02T16:59:03Z,39.57 W, 36, 52550 MiB
2026-09-02T16:59:03Z,40.50 W, 35, 61160 MiB
2026-09-02T16:59:04Z,38.67 W, 36, 51898 MiB
2026-09-02T16:59:04Z,42.30 W, 35, 50970 MiB
2026-09-02T16:59:04Z,39.57 W, 36, 52550 MiB
2026-09-02T16:59:04Z,40.50 W, 35, 61160 MiB
2026-09-02T16:59:05Z,38.58 W, 36, 51898 MiB
2026-09-02T16:59:05Z,42.10 W, 35, 50970 MiB
2026-09-02T16:59:05Z,39.57 W, 36, 52550 MiB
2026-09-02T16:59:05Z,40.42 W, 35, 61160 MiB
2026-09-02T16:59:06Z,38.49 W, 36, 51898 MiB
2026-09-02T16:59:06Z,42.21 W, 35, 50970 MiB
2026-09-02T16:59:06Z,39.47 W, 36, 52550 MiB
2026-09-02T16:59:06Z,40.42 W, 34, 61160 MiB
2026-09-02T16:59:07Z,38.57 W, 36, 51898 MiB
2026-09-02T16:59:07Z,42.19 W, 35, 50970 MiB
2026-09-02T16:59:07Z,39.47 W, 36, 52550 MiB
2026-09-02T16:59:07Z,40.21 W, 34, 61160 MiB
2026-09-02T16:59:08Z,38.58 W, 36, 51898 MiB
2026-09-02T16:59:08Z,42.01 W, 35, 50970 MiB
2026-09-02T16:59:08Z,39.38 W, 36, 52550 MiB
2026-09-02T16:59:08Z,40.21 W, 34, 61160 MiB
2026-09-02T16:59:09Z,38.49 W, 36, 51898 MiB
2026-09-02T16:59:09Z,42.02 W, 35, 50970 MiB
2026-09-02T16:59:09Z,39.39 W, 36, 52550 MiB
2026-09-02T16:59:09Z,40.22 W, 34, 61160 MiB
2026-09-02T16:59:10Z,38.47 W, 36, 51898 MiB
2026-09-02T16:59:10Z,42.01 W, 35, 50970 MiB
2026-09-02T16:59:10Z,39.38 W, 36, 52550 MiB
2026-09-02T16:59:10Z,40.21 W, 34, 61160 MiB
2026-09-02T16:59:11Z,38.59 W, 36, 51898 MiB
2026-09-02T16:59:11Z,42.02 W, 35, 50970 MiB
2026-09-02T16:59:11Z,39.28 W, 36, 52550 MiB
2026-09-02T16:59:11Z,40.22 W, 34, 61160 MiB
2026-09-02T16:59:12Z,38.49 W, 36, 51898 MiB
2026-09-02T16:59:12Z,41.92 W, 35, 50970 MiB
2026-09-02T16:59:12Z,39.39 W, 36, 52550 MiB
2026-09-02T16:59:12Z,40.22 W, 34, 61160 MiB
2026-09-02T16:59:13Z,38.47 W, 36, 51898 MiB
2026-09-02T16:59:13Z,41.92 W, 34, 50970 MiB
2026-09-02T16:59:13Z,39.18 W, 36, 52550 MiB
2026-09-02T16:59:13Z,40.21 W, 34, 61160 MiB
2026-09-02T16:59:14Z,38.47 W, 36, 51898 MiB
2026-09-02T16:59:14Z,41.92 W, 34, 50970 MiB
2026-09-02T16:59:14Z,39.18 W, 36, 52550 MiB
2026-09-02T16:59:14Z,40.21 W, 34, 61160 MiB
2026-09-02T16:59:15Z,38.39 W, 36, 51898 MiB
2026-09-02T16:59:15Z,41.82 W, 34, 50970 MiB
2026-09-02T16:59:15Z,39.18 W, 36, 52550 MiB
2026-09-02T16:59:15Z,40.21 W, 34, 61160 MiB
2026-09-02T16:59:16Z,38.49 W, 36, 51898 MiB
2026-09-02T16:59:16Z,41.91 W, 34, 50970 MiB
2026-09-02T16:59:16Z,39.18 W, 36, 52550 MiB
2026-09-02T16:59:16Z,40.21 W, 34, 61160 MiB
2026-09-02T16:59:17Z,38.37 W, 36, 51898 MiB
2026-09-02T16:59:17Z,41.90 W, 34, 50970 MiB
2026-09-02T16:59:17Z,39.08 W, 36, 52550 MiB
2026-09-02T16:59:17Z,40.20 W, 34, 61160 MiB
2026-09-02T16:59:18Z,38.38 W, 36, 51898 MiB
2026-09-02T16:59:18Z,41.92 W, 34, 50970 MiB
2026-09-02T16:59:18Z,39.08 W, 36, 52550 MiB
2026-09-02T16:59:18Z,40.21 W, 34, 61160 MiB
2026-09-02T16:59:19Z,38.49 W, 36, 51898 MiB
2026-09-02T16:59:19Z,41.91 W, 34, 50970 MiB
2026-09-02T16:59:19Z,39.08 W, 36, 52550 MiB
2026-09-02T16:59:19Z,40.13 W, 34, 61160 MiB
2026-09-02T16:59:20Z,38.39 W, 36, 51898 MiB
2026-09-02T16:59:20Z,41.91 W, 34, 50970 MiB
2026-09-02T16:59:20Z,39.07 W, 36, 52550 MiB
2026-09-02T16:59:20Z,40.11 W, 34, 61160 MiB
2026-09-02T16:59:21Z,38.39 W, 36, 51898 MiB
2026-09-02T16:59:21Z,41.82 W, 34, 50970 MiB
2026-09-02T16:59:21Z,39.07 W, 36, 52550 MiB
2026-09-02T16:59:21Z,40.21 W, 34, 61160 MiB
2026-09-02T16:59:22Z,38.58 W, 36, 51898 MiB
2026-09-02T16:59:22Z,41.92 W, 34, 50970 MiB
2026-09-02T16:59:22Z,39.08 W, 36, 52550 MiB
2026-09-02T16:59:22Z,40.02 W, 34, 61160 MiB
2026-09-02T16:59:23Z,38.58 W, 36, 51898 MiB
2026-09-02T16:59:23Z,41.82 W, 34, 50970 MiB
2026-09-02T16:59:23Z,38.98 W, 36, 52550 MiB
2026-09-02T16:59:23Z,40.12 W, 34, 61160 MiB
2026-09-02T16:59:24Z,38.56 W, 35, 51898 MiB
2026-09-02T16:59:24Z,42.10 W, 34, 50970 MiB
2026-09-02T16:59:24Z,39.38 W, 36, 52550 MiB
2026-09-02T16:59:24Z,40.40 W, 34, 61160 MiB
2026-09-02T16:59:25Z,38.38 W, 35, 51898 MiB
2026-09-02T16:59:25Z,41.92 W, 34, 50970 MiB
2026-09-02T16:59:25Z,39.17 W, 36, 52550 MiB
2026-09-02T16:59:25Z,40.21 W, 34, 61160 MiB
2026-09-02T16:59:26Z,38.39 W, 35, 51898 MiB
2026-09-02T16:59:26Z,41.91 W, 34, 50970 MiB
2026-09-02T16:59:26Z,39.20 W, 36, 52550 MiB
2026-09-02T16:59:26Z,40.22 W, 34, 61160 MiB
2026-09-02T16:59:27Z,38.49 W, 35, 51898 MiB
2026-09-02T16:59:27Z,41.91 W, 34, 50970 MiB
2026-09-02T16:59:27Z,39.18 W, 36, 52550 MiB
2026-09-02T16:59:27Z,40.21 W, 34, 61160 MiB
2026-09-02T16:59:28Z,38.38 W, 35, 51898 MiB
2026-09-02T16:59:28Z,41.90 W, 34, 50970 MiB
2026-09-02T16:59:28Z,39.08 W, 36, 52550 MiB
2026-09-02T16:59:28Z,40.11 W, 34, 61160 MiB
2026-09-02T16:59:29Z,38.39 W, 35, 51898 MiB
2026-09-02T16:59:29Z,41.82 W, 34, 50970 MiB
2026-09-02T16:59:29Z,39.08 W, 35, 52550 MiB
2026-09-02T16:59:29Z,40.22 W, 34, 61160 MiB
2026-09-02T16:59:30Z,38.39 W, 35, 51898 MiB
2026-09-02T16:59:30Z,41.91 W, 34, 50970 MiB
2026-09-02T16:59:30Z,39.07 W, 35, 52550 MiB
2026-09-02T16:59:30Z,40.22 W, 34, 61160 MiB
2026-09-02T16:59:31Z,38.39 W, 35, 51898 MiB
2026-09-02T16:59:31Z,41.70 W, 34, 50970 MiB
2026-09-02T16:59:31Z,39.07 W, 35, 52550 MiB
2026-09-02T16:59:31Z,40.02 W, 34, 61160 MiB
2026-09-02T16:59:32Z,38.39 W, 35, 51898 MiB
2026-09-02T16:59:32Z,41.82 W, 34, 50970 MiB
2026-09-02T16:59:32Z,38.98 W, 35, 52550 MiB
2026-09-02T16:59:32Z,40.12 W, 34, 61160 MiB
2026-09-02T16:59:33Z,38.49 W, 35, 51898 MiB
2026-09-02T16:59:33Z,41.82 W, 34, 50970 MiB
2026-09-02T16:59:33Z,39.09 W, 35, 52550 MiB
2026-09-02T16:59:33Z,40.13 W, 34, 61160 MiB
2026-09-02T16:59:34Z,38.39 W, 35, 51898 MiB
2026-09-02T16:59:34Z,41.70 W, 34, 50970 MiB
2026-09-02T16:59:34Z,39.08 W, 35, 52550 MiB
2026-09-02T16:59:34Z,40.22 W, 34, 61160 MiB
2026-09-02T16:59:35Z,38.39 W, 35, 51898 MiB
2026-09-02T16:59:35Z,41.71 W, 34, 50970 MiB
2026-09-02T16:59:35Z,39.08 W, 35, 52550 MiB
2026-09-02T16:59:35Z,40.02 W, 34, 61160 MiB
2026-09-02T16:59:36Z,38.38 W, 35, 51898 MiB
2026-09-02T16:59:36Z,41.82 W, 34, 50970 MiB
2026-09-02T16:59:36Z,38.98 W, 35, 52550 MiB
2026-09-02T16:59:36Z,40.12 W, 34, 61160 MiB
2026-09-02T16:59:37Z,38.39 W, 35, 51898 MiB
2026-09-02T16:59:37Z,41.82 W, 34, 50970 MiB
2026-09-02T16:59:37Z,39.08 W, 35, 52550 MiB
2026-09-02T16:59:37Z,40.13 W, 34, 61160 MiB
2026-09-02T16:59:38Z,38.38 W, 35, 51898 MiB
2026-09-02T16:59:38Z,41.82 W, 34, 50970 MiB
2026-09-02T16:59:38Z,38.98 W, 35, 52550 MiB
2026-09-02T16:59:38Z,40.01 W, 34, 61160 MiB
2026-09-02T16:59:39Z,38.39 W, 35, 51898 MiB
2026-09-02T16:59:39Z,41.70 W, 34, 50970 MiB
2026-09-02T16:59:39Z,38.98 W, 35, 52550 MiB
2026-09-02T16:59:39Z,40.03 W, 34, 61160 MiB
2026-09-02T16:59:40Z,38.29 W, 35, 51898 MiB
2026-09-02T16:59:40Z,41.71 W, 34, 50970 MiB
2026-09-02T16:59:40Z,39.07 W, 35, 52550 MiB
2026-09-02T16:59:40Z,40.03 W, 34, 61160 MiB
2026-09-02T16:59:41Z,38.38 W, 35, 51898 MiB
2026-09-02T16:59:41Z,41.71 W, 34, 50970 MiB
2026-09-02T16:59:41Z,38.98 W, 35, 52550 MiB
2026-09-02T16:59:41Z,40.02 W, 34, 61160 MiB
2026-09-02T16:59:42Z,38.29 W, 35, 51898 MiB
2026-09-02T16:59:42Z,41.82 W, 34, 50970 MiB
2026-09-02T16:59:42Z,38.98 W, 35, 52550 MiB
2026-09-02T16:59:42Z,40.02 W, 34, 61160 MiB
2026-09-02T16:59:43Z,38.39 W, 35, 51898 MiB
2026-09-02T16:59:43Z,41.82 W, 34, 50970 MiB
2026-09-02T16:59:43Z,39.08 W, 35, 52550 MiB
2026-09-02T16:59:43Z,40.12 W, 34, 61160 MiB
2026-09-02T16:59:44Z,38.39 W, 35, 51898 MiB
2026-09-02T16:59:44Z,41.71 W, 34, 50970 MiB
2026-09-02T16:59:44Z,38.98 W, 35, 52550 MiB
2026-09-02T16:59:44Z,40.03 W, 34, 61160 MiB
2026-09-02T16:59:45Z,38.56 W, 35, 51898 MiB
2026-09-02T16:59:45Z,41.81 W, 34, 50970 MiB
2026-09-02T16:59:45Z,39.28 W, 35, 52550 MiB
2026-09-02T16:59:45Z,40.02 W, 34, 61160 MiB
2026-09-02T16:59:46Z,38.56 W, 35, 51898 MiB
2026-09-02T16:59:46Z,42.01 W, 34, 50970 MiB
2026-09-02T16:59:46Z,39.18 W, 35, 52550 MiB
2026-09-02T16:59:46Z,40.41 W, 34, 61160 MiB
2026-09-02T16:59:47Z,38.49 W, 35, 51898 MiB
2026-09-02T16:59:47Z,41.92 W, 34, 50970 MiB
2026-09-02T16:59:47Z,39.08 W, 35, 52550 MiB
2026-09-02T16:59:47Z,40.31 W, 34, 61160 MiB
2026-09-02T16:59:48Z,38.47 W, 35, 51898 MiB
2026-09-02T16:59:48Z,41.82 W, 34, 50970 MiB
2026-09-02T16:59:48Z,39.08 W, 35, 52550 MiB
2026-09-02T16:59:48Z,40.21 W, 34, 61160 MiB
2026-09-02T16:59:49Z,38.38 W, 35, 51898 MiB
2026-09-02T16:59:49Z,41.81 W, 34, 50970 MiB
2026-09-02T16:59:49Z,38.98 W, 35, 52550 MiB
2026-09-02T16:59:49Z,40.21 W, 33, 61160 MiB
2026-09-02T16:59:50Z,38.39 W, 35, 51898 MiB
2026-09-02T16:59:50Z,41.70 W, 34, 50970 MiB
2026-09-02T16:59:50Z,38.98 W, 35, 52550 MiB
2026-09-02T16:59:50Z,40.22 W, 33, 61160 MiB
2026-09-02T16:59:51Z,38.29 W, 35, 51898 MiB
2026-09-02T16:59:51Z,41.71 W, 34, 50970 MiB
2026-09-02T16:59:51Z,38.99 W, 35, 52550 MiB
2026-09-02T16:59:51Z,40.12 W, 33, 61160 MiB
2026-09-02T16:59:52Z,38.38 W, 35, 51898 MiB
2026-09-02T16:59:52Z,41.82 W, 34, 50970 MiB
2026-09-02T16:59:52Z,38.98 W, 35, 52550 MiB
2026-09-02T16:59:52Z,40.02 W, 33, 61160 MiB
2026-09-02T16:59:53Z,38.39 W, 35, 51898 MiB
2026-09-02T16:59:53Z,41.82 W, 34, 50970 MiB
2026-09-02T16:59:53Z,38.98 W, 35, 52550 MiB
2026-09-02T16:59:53Z,40.12 W, 33, 61160 MiB
2026-09-02T16:59:54Z,38.38 W, 35, 51898 MiB
2026-09-02T16:59:54Z,41.71 W, 34, 50970 MiB
2026-09-02T16:59:54Z,38.98 W, 35, 52550 MiB
2026-09-02T16:59:54Z,40.21 W, 33, 61160 MiB
2026-09-02T16:59:55Z,38.38 W, 35, 51898 MiB
2026-09-02T16:59:55Z,41.82 W, 34, 50970 MiB
2026-09-02T16:59:55Z,38.98 W, 35, 52550 MiB
2026-09-02T16:59:55Z,40.01 W, 33, 61160 MiB
2026-09-02T16:59:56Z,38.39 W, 35, 51898 MiB
2026-09-02T16:59:56Z,41.71 W, 34, 50970 MiB
2026-09-02T16:59:56Z,38.99 W, 35, 52550 MiB
2026-09-02T16:59:56Z,40.13 W, 33, 61160 MiB
2026-09-02T16:59:57Z,187.71 W, 40, 51898 MiB
2026-09-02T16:59:57Z,177.30 W, 39, 50970 MiB
2026-09-02T16:59:57Z,55.59 W, 35, 52550 MiB
2026-09-02T16:59:57Z,42.63 W, 34, 61160 MiB
2026-09-02T16:59:58Z,186.92 W, 42, 51898 MiB
2026-09-02T16:59:58Z,186.40 W, 42, 50970 MiB
2026-09-02T16:59:58Z,175.78 W, 42, 52550 MiB
2026-09-02T16:59:58Z,65.69 W, 37, 61160 MiB
2026-09-02T16:59:59Z,151.51 W, 41, 51898 MiB
2026-09-02T16:59:59Z,155.20 W, 42, 50970 MiB
2026-09-02T16:59:59Z,71.90 W, 41, 52550 MiB
2026-09-02T16:59:59Z,64.04 W, 39, 61160 MiB
2026-09-02T17:00:00Z,60.83 W, 41, 51898 MiB
2026-09-02T17:00:00Z,64.20 W, 40, 50970 MiB
2026-09-02T17:00:00Z,166.04 W, 42, 52550 MiB
2026-09-02T17:00:00Z,230.62 W, 41, 61160 MiB
2026-09-02T17:00:01Z,186.26 W, 41, 51898 MiB
2026-09-02T17:00:01Z,95.66 W, 41, 50970 MiB
2026-09-02T17:00:01Z,203.53 W, 43, 52550 MiB
2026-09-02T17:00:01Z,207.14 W, 41, 61160 MiB
2026-09-02T17:00:02Z,177.02 W, 43, 52026 MiB
2026-09-02T17:00:02Z,182.71 W, 41, 51032 MiB
2026-09-02T17:00:02Z,180.20 W, 44, 52612 MiB
2026-09-02T17:00:02Z,60.59 W, 42, 61222 MiB
2026-09-02T17:00:03Z,175.70 W, 44, 52248 MiB
2026-09-02T17:00:03Z,177.34 W, 44, 51320 MiB
2026-09-02T17:00:03Z,173.07 W, 44, 52900 MiB
2026-09-02T17:00:03Z,181.38 W, 40, 61432 MiB
2026-09-02T17:00:04Z,175.47 W, 44, 52506 MiB
2026-09-02T17:00:04Z,182.42 W, 45, 51578 MiB
2026-09-02T17:00:04Z,180.11 W, 45, 53158 MiB
2026-09-02T17:00:04Z,183.45 W, 42, 61678 MiB
2026-09-02T17:00:05Z,179.29 W, 45, 52798 MiB
2026-09-02T17:00:05Z,164.59 W, 45, 51870 MiB
2026-09-02T17:00:05Z,172.69 W, 46, 53450 MiB
2026-09-02T17:00:05Z,171.18 W, 43, 61960 MiB
2026-09-02T17:00:06Z,175.76 W, 45, 53122 MiB
2026-09-02T17:00:06Z,184.29 W, 45, 52194 MiB
2026-09-02T17:00:06Z,166.33 W, 46, 53774 MiB
2026-09-02T17:00:06Z,171.39 W, 43, 62272 MiB
2026-09-02T17:00:07Z,188.62 W, 44, 53482 MiB
2026-09-02T17:00:07Z,199.91 W, 45, 52554 MiB
2026-09-02T17:00:07Z,200.19 W, 46, 54010 MiB
2026-09-02T17:00:07Z,189.15 W, 43, 62500 MiB
2026-09-02T17:00:08Z,52.22 W, 40, 53482 MiB
2026-09-02T17:00:08Z,70.97 W, 41, 52554 MiB
2026-09-02T17:00:08Z,124.12 W, 46, 54134 MiB
2026-09-02T17:00:08Z,61.82 W, 41, 62744 MiB
2026-09-02T17:00:09Z,51.59 W, 39, 53482 MiB
2026-09-02T17:00:09Z,66.54 W, 39, 52554 MiB
2026-09-02T17:00:09Z,52.91 W, 40, 54134 MiB
2026-09-02T17:00:09Z,60.08 W, 39, 62744 MiB
2026-09-02T17:00:10Z,190.22 W, 45, 53482 MiB
2026-09-02T17:00:10Z,194.26 W, 45, 52554 MiB
2026-09-02T17:00:10Z,172.39 W, 45, 54134 MiB
2026-09-02T17:00:10Z,178.41 W, 42, 62744 MiB
2026-09-02T17:00:11Z,169.90 W, 45, 53482 MiB
2026-09-02T17:00:11Z,180.27 W, 46, 52554 MiB
2026-09-02T17:00:11Z,171.94 W, 46, 54134 MiB
2026-09-02T17:00:11Z,173.90 W, 44, 62744 MiB
2026-09-02T17:00:12Z,183.42 W, 46, 53482 MiB
2026-09-02T17:00:12Z,204.16 W, 46, 52554 MiB
2026-09-02T17:00:12Z,184.69 W, 47, 54134 MiB
2026-09-02T17:00:12Z,178.32 W, 44, 62744 MiB
2026-09-02T17:00:13Z,186.44 W, 46, 53482 MiB
2026-09-02T17:00:13Z,178.44 W, 47, 52554 MiB
2026-09-02T17:00:13Z,180.07 W, 47, 54134 MiB
2026-09-02T17:00:13Z,181.05 W, 45, 62744 MiB
2026-09-02T17:00:14Z,166.81 W, 47, 53482 MiB
2026-09-02T17:00:14Z,181.07 W, 47, 52554 MiB
2026-09-02T17:00:14Z,186.27 W, 47, 54134 MiB
2026-09-02T17:00:14Z,179.39 W, 45, 62744 MiB
2026-09-02T17:00:15Z,183.63 W, 47, 53482 MiB
2026-09-02T17:00:15Z,184.39 W, 47, 52554 MiB
2026-09-02T17:00:15Z,175.71 W, 48, 54134 MiB
2026-09-02T17:00:15Z,186.53 W, 45, 62744 MiB
2026-09-02T17:00:16Z,172.57 W, 47, 53482 MiB
2026-09-02T17:00:16Z,199.74 W, 47, 52554 MiB
2026-09-02T17:00:16Z,172.46 W, 48, 54134 MiB
2026-09-02T17:00:16Z,184.66 W, 45, 62744 MiB
2026-09-02T17:00:17Z,212.79 W, 47, 53482 MiB
2026-09-02T17:00:17Z,212.45 W, 48, 52554 MiB
2026-09-02T17:00:17Z,180.74 W, 48, 54134 MiB
2026-09-02T17:00:17Z,166.99 W, 46, 62744 MiB
2026-09-02T17:00:18Z,61.49 W, 46, 53482 MiB
2026-09-02T17:00:18Z,68.75 W, 45, 52554 MiB
2026-09-02T17:00:18Z,214.75 W, 48, 54134 MiB
2026-09-02T17:00:18Z,241.31 W, 46, 62744 MiB
2026-09-02T17:00:19Z,186.36 W, 48, 53482 MiB
2026-09-02T17:00:19Z,179.49 W, 48, 52554 MiB
2026-09-02T17:00:19Z,144.02 W, 48, 54134 MiB
2026-09-02T17:00:19Z,63.29 W, 44, 62744 MiB
2026-09-02T17:00:20Z,176.18 W, 47, 53482 MiB
2026-09-02T17:00:20Z,174.93 W, 48, 52554 MiB
2026-09-02T17:00:20Z,186.39 W, 49, 54134 MiB
2026-09-02T17:00:20Z,172.41 W, 46, 62744 MiB
2026-09-02T17:00:21Z,53.67 W, 42, 53482 MiB
2026-09-02T17:00:21Z,66.43 W, 42, 52554 MiB
2026-09-02T17:00:21Z,54.76 W, 44, 54134 MiB
2026-09-02T17:00:21Z,58.12 W, 44, 62744 MiB
2026-09-02T17:00:22Z,182.42 W, 47, 53482 MiB
2026-09-02T17:00:22Z,176.23 W, 47, 52554 MiB
2026-09-02T17:00:22Z,59.60 W, 43, 54134 MiB
2026-09-02T17:00:22Z,66.85 W, 41, 62744 MiB
2026-09-02T17:00:23Z,178.97 W, 48, 53482 MiB
2026-09-02T17:00:23Z,68.78 W, 46, 52554 MiB
2026-09-02T17:00:23Z,183.33 W, 47, 54134 MiB
2026-09-02T17:00:23Z,131.68 W, 43, 62744 MiB
2026-09-02T17:00:24Z,176.32 W, 46, 53482 MiB
2026-09-02T17:00:24Z,182.60 W, 46, 52554 MiB
2026-09-02T17:00:24Z,176.71 W, 48, 54134 MiB
2026-09-02T17:00:24Z,62.42 W, 46, 62744 MiB
2026-09-02T17:00:25Z,72.18 W, 46, 53482 MiB
2026-09-02T17:00:25Z,227.88 W, 49, 52554 MiB
2026-09-02T17:00:25Z,64.76 W, 49, 54134 MiB
2026-09-02T17:00:25Z,65.46 W, 47, 62744 MiB
2026-09-02T17:00:26Z,61.42 W, 47, 53482 MiB
2026-09-02T17:00:26Z,76.97 W, 49, 52554 MiB
2026-09-02T17:00:26Z,122.11 W, 50, 54134 MiB
2026-09-02T17:00:26Z,207.33 W, 47, 62744 MiB
2026-09-02T17:00:27Z,59.74 W, 48, 53482 MiB
2026-09-02T17:00:27Z,77.72 W, 49, 52554 MiB
2026-09-02T17:00:27Z,164.26 W, 49, 54134 MiB
2026-09-02T17:00:27Z,216.69 W, 47, 62744 MiB
2026-09-02T17:00:28Z,169.02 W, 48, 53482 MiB
2026-09-02T17:00:28Z,100.62 W, 47, 52554 MiB
2026-09-02T17:00:28Z,64.19 W, 50, 54134 MiB
2026-09-02T17:00:28Z,110.00 W, 46, 62744 MiB
2026-09-02T17:00:29Z,173.86 W, 50, 53482 MiB
2026-09-02T17:00:29Z,179.26 W, 48, 52554 MiB
2026-09-02T17:00:29Z,182.10 W, 50, 54134 MiB
2026-09-02T17:00:29Z,64.54 W, 45, 62744 MiB
2026-09-02T17:00:30Z,189.88 W, 50, 53482 MiB
2026-09-02T17:00:30Z,179.24 W, 50, 52554 MiB
2026-09-02T17:00:30Z,177.13 W, 51, 54134 MiB
2026-09-02T17:00:30Z,184.64 W, 48, 62744 MiB
2026-09-02T17:00:31Z,183.38 W, 50, 53482 MiB
2026-09-02T17:00:31Z,170.10 W, 50, 52554 MiB
2026-09-02T17:00:31Z,186.45 W, 51, 54134 MiB
2026-09-02T17:00:31Z,178.18 W, 48, 62744 MiB
2026-09-02T17:00:32Z,188.53 W, 50, 53482 MiB
2026-09-02T17:00:32Z,195.59 W, 50, 52554 MiB
2026-09-02T17:00:32Z,180.37 W, 51, 54134 MiB
2026-09-02T17:00:32Z,210.38 W, 48, 62744 MiB
2026-09-02T17:00:33Z,54.82 W, 45, 53482 MiB
2026-09-02T17:00:33Z,69.04 W, 46, 52554 MiB
2026-09-02T17:00:33Z,189.77 W, 50, 54134 MiB
2026-09-02T17:00:33Z,91.14 W, 46, 62744 MiB
2026-09-02T17:00:34Z,53.59 W, 44, 53482 MiB
2026-09-02T17:00:34Z,66.64 W, 44, 52554 MiB
2026-09-02T17:00:34Z,55.50 W, 45, 54134 MiB
2026-09-02T17:00:34Z,61.80 W, 44, 62744 MiB
2026-09-02T17:00:35Z,40.34 W, 43, 53482 MiB
2026-09-02T17:00:35Z,44.84 W, 42, 52554 MiB
2026-09-02T17:00:35Z,55.05 W, 45, 54134 MiB
2026-09-02T17:00:35Z,60.74 W, 43, 62744 MiB
2026-09-02T17:00:36Z,40.24 W, 43, 53482 MiB
2026-09-02T17:00:36Z,44.75 W, 42, 52554 MiB
2026-09-02T17:00:36Z,40.94 W, 44, 54134 MiB
2026-09-02T17:00:36Z,41.76 W, 41, 62744 MiB
2026-09-02T17:00:37Z,40.03 W, 43, 53482 MiB
2026-09-02T17:00:37Z,44.46 W, 41, 52554 MiB
2026-09-02T17:00:37Z,40.83 W, 43, 54134 MiB
2026-09-02T17:00:37Z,41.66 W, 41, 62744 MiB
2026-09-02T17:00:38Z,39.92 W, 42, 53482 MiB
2026-09-02T17:00:38Z,44.46 W, 41, 52554 MiB
2026-09-02T17:00:38Z,40.74 W, 43, 54134 MiB
2026-09-02T17:00:38Z,41.46 W, 41, 62744 MiB
2026-09-02T17:00:39Z,39.94 W, 42, 53482 MiB
2026-09-02T17:00:39Z,44.24 W, 41, 52554 MiB
2026-09-02T17:00:39Z,40.55 W, 43, 54134 MiB
2026-09-02T17:00:39Z,41.38 W, 40, 62744 MiB
2026-09-02T17:00:40Z,40.15 W, 42, 53482 MiB
2026-09-02T17:00:40Z,44.07 W, 41, 52554 MiB
2026-09-02T17:00:40Z,40.56 W, 42, 54134 MiB
2026-09-02T17:00:40Z,41.48 W, 40, 62744 MiB
2026-09-02T17:00:41Z,39.94 W, 42, 53482 MiB
2026-09-02T17:00:41Z,43.96 W, 40, 52554 MiB
2026-09-02T17:00:41Z,40.45 W, 42, 54134 MiB
2026-09-02T17:00:41Z,41.37 W, 40, 62744 MiB
2026-09-02T17:00:42Z,39.85 W, 42, 53482 MiB
2026-09-02T17:00:42Z,43.97 W, 40, 52554 MiB
2026-09-02T17:00:42Z,40.35 W, 42, 54134 MiB
2026-09-02T17:00:42Z,41.29 W, 40, 62744 MiB
2026-09-02T17:00:43Z,39.76 W, 41, 53482 MiB
2026-09-02T17:00:43Z,43.98 W, 40, 52554 MiB
2026-09-02T17:00:43Z,40.35 W, 42, 54134 MiB
2026-09-02T17:00:43Z,41.29 W, 40, 62744 MiB
2026-09-02T17:00:44Z,39.75 W, 41, 53482 MiB
2026-09-02T17:00:44Z,43.87 W, 40, 52554 MiB
2026-09-02T17:00:44Z,40.37 W, 42, 54134 MiB
2026-09-02T17:00:44Z,41.18 W, 40, 62744 MiB
2026-09-02T17:00:45Z,39.73 W, 41, 53482 MiB
2026-09-02T17:00:45Z,43.76 W, 40, 52554 MiB
2026-09-02T17:00:45Z,40.24 W, 42, 54134 MiB
2026-09-02T17:00:45Z,41.18 W, 39, 62744 MiB
2026-09-02T17:00:46Z,39.76 W, 41, 53482 MiB
2026-09-02T17:00:46Z,43.69 W, 39, 52554 MiB
2026-09-02T17:00:46Z,40.26 W, 41, 54134 MiB
2026-09-02T17:00:46Z,41.18 W, 39, 62744 MiB
2026-09-02T17:00:47Z,39.66 W, 41, 53482 MiB
2026-09-02T17:00:47Z,43.68 W, 39, 52554 MiB
2026-09-02T17:00:47Z,40.16 W, 41, 54134 MiB
2026-09-02T17:00:47Z,41.09 W, 39, 62744 MiB
2026-09-02T17:00:48Z,39.65 W, 41, 53482 MiB
2026-09-02T17:00:48Z,43.68 W, 39, 52554 MiB
2026-09-02T17:00:48Z,40.45 W, 41, 54134 MiB
2026-09-02T17:00:48Z,41.09 W, 39, 62744 MiB
2026-09-02T17:00:49Z,39.56 W, 41, 53482 MiB
2026-09-02T17:00:49Z,43.58 W, 39, 52554 MiB
2026-09-02T17:00:49Z,40.47 W, 41, 54134 MiB
2026-09-02T17:00:49Z,41.18 W, 39, 62744 MiB
2026-09-02T17:00:50Z,39.56 W, 40, 53482 MiB
2026-09-02T17:00:50Z,43.49 W, 39, 52554 MiB
2026-09-02T17:00:50Z,40.56 W, 41, 54134 MiB
2026-09-02T17:00:50Z,41.29 W, 39, 62744 MiB
2026-09-02T17:00:51Z,39.56 W, 40, 53482 MiB
2026-09-02T17:00:51Z,43.49 W, 39, 52554 MiB
2026-09-02T17:00:51Z,40.46 W, 41, 54134 MiB
2026-09-02T17:00:51Z,41.10 W, 39, 62744 MiB
2026-09-02T17:00:52Z,39.44 W, 40, 53482 MiB
2026-09-02T17:00:52Z,43.47 W, 39, 52554 MiB
2026-09-02T17:00:52Z,40.45 W, 41, 54134 MiB
2026-09-02T17:00:52Z,41.09 W, 38, 62744 MiB
2026-09-02T17:00:53Z,39.47 W, 40, 53482 MiB
2026-09-02T17:00:53Z,43.49 W, 39, 52554 MiB
2026-09-02T17:00:53Z,40.56 W, 41, 54134 MiB
2026-09-02T17:00:53Z,40.90 W, 38, 62744 MiB
2026-09-02T17:00:54Z,39.38 W, 40, 53482 MiB
2026-09-02T17:00:54Z,43.49 W, 38, 52554 MiB
2026-09-02T17:00:54Z,40.46 W, 40, 54134 MiB
2026-09-02T17:00:54Z,40.99 W, 38, 62744 MiB
2026-09-02T17:00:55Z,39.36 W, 40, 53482 MiB
2026-09-02T17:00:55Z,43.39 W, 38, 52554 MiB
2026-09-02T17:00:55Z,40.45 W, 40, 54134 MiB
2026-09-02T17:00:55Z,40.89 W, 38, 62744 MiB
2026-09-02T17:00:56Z,39.37 W, 40, 53482 MiB
2026-09-02T17:00:56Z,43.29 W, 38, 52554 MiB
2026-09-02T17:00:56Z,40.47 W, 40, 54134 MiB
2026-09-02T17:00:56Z,41.39 W, 38, 62744 MiB
2026-09-02T17:00:57Z,39.38 W, 40, 53482 MiB
2026-09-02T17:00:57Z,43.49 W, 38, 52554 MiB
2026-09-02T17:00:57Z,40.37 W, 40, 54134 MiB
2026-09-02T17:00:57Z,41.29 W, 38, 62744 MiB
2026-09-02T17:00:58Z,39.38 W, 40, 53482 MiB
2026-09-02T17:00:58Z,43.49 W, 38, 52554 MiB
2026-09-02T17:00:58Z,40.26 W, 40, 54134 MiB
2026-09-02T17:00:58Z,41.29 W, 38, 62744 MiB
2026-09-02T17:00:59Z,39.27 W, 39, 53482 MiB
2026-09-02T17:00:59Z,43.29 W, 38, 52554 MiB
2026-09-02T17:00:59Z,40.26 W, 40, 54134 MiB
2026-09-02T17:00:59Z,41.28 W, 38, 62744 MiB
2026-09-02T17:01:00Z,39.19 W, 39, 53482 MiB
2026-09-02T17:01:00Z,43.20 W, 38, 52554 MiB
2026-09-02T17:01:00Z,40.16 W, 40, 54134 MiB
2026-09-02T17:01:00Z,41.19 W, 38, 62744 MiB
2026-09-02T17:01:01Z,39.29 W, 39, 53482 MiB
2026-09-02T17:01:01Z,43.30 W, 38, 52554 MiB
2026-09-02T17:01:01Z,40.16 W, 40, 54134 MiB
2026-09-02T17:01:01Z,41.10 W, 38, 62744 MiB
2026-09-02T17:01:02Z,39.46 W, 39, 53482 MiB
2026-09-02T17:01:02Z,43.09 W, 38, 52554 MiB
2026-09-02T17:01:02Z,40.26 W, 40, 54134 MiB
2026-09-02T17:01:02Z,41.18 W, 37, 62744 MiB
2026-09-02T17:01:03Z,39.36 W, 39, 53482 MiB
2026-09-02T17:01:03Z,43.09 W, 38, 52554 MiB
2026-09-02T17:01:03Z,40.25 W, 39, 54134 MiB
2026-09-02T17:01:03Z,41.18 W, 37, 62744 MiB
2026-09-02T17:01:04Z,39.29 W, 39, 53482 MiB
2026-09-02T17:01:04Z,43.10 W, 37, 52554 MiB
2026-09-02T17:01:04Z,40.06 W, 39, 54134 MiB
2026-09-02T17:01:04Z,41.09 W, 37, 62744 MiB
2026-09-02T17:01:05Z,39.19 W, 39, 53482 MiB
2026-09-02T17:01:05Z,43.00 W, 37, 52554 MiB
2026-09-02T17:01:05Z,40.06 W, 39, 54134 MiB
2026-09-02T17:01:05Z,41.10 W, 37, 62744 MiB
2026-09-02T17:01:06Z,39.28 W, 39, 53482 MiB
2026-09-02T17:01:06Z,42.99 W, 37, 52554 MiB
2026-09-02T17:01:06Z,40.05 W, 39, 54134 MiB
2026-09-02T17:01:06Z,40.98 W, 37, 62744 MiB
2026-09-02T17:01:07Z,39.18 W, 39, 53482 MiB
2026-09-02T17:01:07Z,43.11 W, 37, 52554 MiB
2026-09-02T17:01:07Z,40.07 W, 39, 54134 MiB
2026-09-02T17:01:07Z,40.89 W, 37, 62744 MiB
2026-09-02T17:01:08Z,39.19 W, 39, 53482 MiB
2026-09-02T17:01:08Z,42.90 W, 37, 52554 MiB
2026-09-02T17:01:08Z,40.06 W, 39, 54134 MiB
2026-09-02T17:01:08Z,41.00 W, 37, 62744 MiB
2026-09-02T17:01:09Z,39.08 W, 39, 53482 MiB
2026-09-02T17:01:09Z,42.90 W, 37, 52554 MiB
2026-09-02T17:01:09Z,39.97 W, 39, 54134 MiB
2026-09-02T17:01:09Z,40.89 W, 37, 62744 MiB
2026-09-02T17:01:10Z,39.06 W, 38, 53482 MiB
2026-09-02T17:01:10Z,42.90 W, 37, 52554 MiB
2026-09-02T17:01:10Z,39.97 W, 39, 54134 MiB
2026-09-02T17:01:10Z,41.10 W, 37, 62744 MiB
2026-09-02T17:01:11Z,39.09 W, 38, 53482 MiB
2026-09-02T17:01:11Z,42.79 W, 37, 52554 MiB
2026-09-02T17:01:11Z,40.07 W, 39, 54134 MiB
2026-09-02T17:01:11Z,40.89 W, 37, 62744 MiB
2026-09-02T17:01:12Z,38.98 W, 38, 53482 MiB
2026-09-02T17:01:12Z,42.90 W, 37, 52554 MiB
2026-09-02T17:01:12Z,39.97 W, 39, 54134 MiB
2026-09-02T17:01:12Z,41.29 W, 37, 62744 MiB
2026-09-02T17:01:13Z,38.96 W, 38, 53482 MiB
2026-09-02T17:01:13Z,42.79 W, 37, 52554 MiB
2026-09-02T17:01:13Z,39.97 W, 39, 54134 MiB
2026-09-02T17:01:13Z,41.08 W, 37, 62744 MiB
2026-09-02T17:01:14Z,38.97 W, 38, 53482 MiB
2026-09-02T17:01:14Z,42.79 W, 37, 52554 MiB
2026-09-02T17:01:14Z,40.07 W, 39, 54134 MiB
2026-09-02T17:01:14Z,40.89 W, 36, 62744 MiB
2026-09-02T17:01:15Z,38.98 W, 38, 53482 MiB
2026-09-02T17:01:15Z,42.80 W, 36, 52554 MiB
2026-09-02T17:01:15Z,39.87 W, 38, 54134 MiB
2026-09-02T17:01:15Z,41.10 W, 36, 62744 MiB
2026-09-02T17:01:16Z,38.77 W, 38, 53482 MiB
2026-09-02T17:01:16Z,42.69 W, 36, 52554 MiB
2026-09-02T17:01:16Z,40.07 W, 38, 54134 MiB
2026-09-02T17:01:16Z,41.00 W, 36, 62744 MiB
2026-09-02T17:01:17Z,38.66 W, 38, 53482 MiB
2026-09-02T17:01:17Z,42.69 W, 36, 52554 MiB
2026-09-02T17:01:17Z,40.07 W, 38, 54134 MiB
2026-09-02T17:01:17Z,40.80 W, 36, 62744 MiB
2026-09-02T17:01:18Z,38.77 W, 38, 53482 MiB
2026-09-02T17:01:18Z,42.69 W, 36, 52554 MiB
2026-09-02T17:01:18Z,39.97 W, 38, 54134 MiB
2026-09-02T17:01:18Z,40.90 W, 36, 62744 MiB
2026-09-02T17:01:19Z,38.68 W, 38, 53482 MiB
2026-09-02T17:01:19Z,42.90 W, 36, 52554 MiB
2026-09-02T17:01:19Z,39.89 W, 38, 54134 MiB
2026-09-02T17:01:19Z,40.80 W, 36, 62744 MiB
2026-09-02T17:01:20Z,38.58 W, 38, 53482 MiB
2026-09-02T17:01:20Z,42.78 W, 36, 52554 MiB
2026-09-02T17:01:20Z,40.07 W, 38, 54134 MiB
2026-09-02T17:01:20Z,40.70 W, 36, 62744 MiB
2026-09-02T17:01:21Z,38.57 W, 38, 53482 MiB
2026-09-02T17:01:21Z,42.69 W, 36, 52554 MiB
2026-09-02T17:01:21Z,39.87 W, 38, 54134 MiB
2026-09-02T17:01:21Z,40.60 W, 36, 62744 MiB
2026-09-02T17:01:22Z,38.68 W, 38, 53482 MiB
2026-09-02T17:01:22Z,42.49 W, 36, 52554 MiB
2026-09-02T17:01:22Z,39.87 W, 38, 54134 MiB
2026-09-02T17:01:22Z,40.50 W, 36, 62744 MiB
2026-09-02T17:01:23Z,38.58 W, 38, 53482 MiB
2026-09-02T17:01:23Z,42.40 W, 36, 52554 MiB
2026-09-02T17:01:23Z,39.87 W, 38, 54134 MiB
2026-09-02T17:01:23Z,40.60 W, 36, 62744 MiB
2026-09-02T17:01:24Z,38.56 W, 37, 53482 MiB
2026-09-02T17:01:24Z,42.49 W, 36, 52554 MiB
2026-09-02T17:01:24Z,39.78 W, 38, 54134 MiB
2026-09-02T17:01:24Z,40.59 W, 36, 62744 MiB
2026-09-02T17:01:25Z,38.68 W, 37, 53482 MiB
2026-09-02T17:01:25Z,42.40 W, 36, 52554 MiB
2026-09-02T17:01:25Z,39.77 W, 38, 54134 MiB
2026-09-02T17:01:25Z,40.50 W, 36, 62744 MiB
2026-09-02T17:01:26Z,38.89 W, 37, 53482 MiB
2026-09-02T17:01:26Z,42.30 W, 36, 52554 MiB
2026-09-02T17:01:26Z,39.77 W, 38, 54134 MiB
2026-09-02T17:01:26Z,40.50 W, 36, 62744 MiB
2026-09-02T17:01:27Z,38.77 W, 37, 53482 MiB
2026-09-02T17:01:27Z,42.30 W, 36, 52554 MiB
2026-09-02T17:01:27Z,39.47 W, 38, 54134 MiB
2026-09-02T17:01:27Z,40.60 W, 36, 62744 MiB
2026-09-02T17:01:28Z,38.68 W, 37, 53482 MiB
2026-09-02T17:01:28Z,42.21 W, 36, 52554 MiB
2026-09-02T17:01:28Z,39.47 W, 38, 54134 MiB
2026-09-02T17:01:28Z,40.50 W, 36, 62744 MiB
2026-09-02T17:01:29Z,38.58 W, 37, 53482 MiB
2026-09-02T17:01:29Z,42.30 W, 36, 52554 MiB
2026-09-02T17:01:29Z,39.47 W, 38, 54134 MiB
2026-09-02T17:01:29Z,40.41 W, 36, 62744 MiB
2026-09-02T17:01:30Z,38.59 W, 37, 53482 MiB
2026-09-02T17:01:30Z,42.21 W, 36, 52554 MiB
2026-09-02T17:01:30Z,39.47 W, 37, 54134 MiB
2026-09-02T17:01:30Z,40.50 W, 35, 62744 MiB
2026-09-02T17:01:31Z,38.49 W, 37, 53482 MiB
2026-09-02T17:01:31Z,42.21 W, 35, 52554 MiB
2026-09-02T17:01:31Z,39.47 W, 37, 54134 MiB
2026-09-02T17:01:31Z,40.41 W, 35, 62744 MiB
2026-09-02T17:01:32Z,38.57 W, 37, 53482 MiB
2026-09-02T17:01:32Z,42.30 W, 35, 52554 MiB
2026-09-02T17:01:32Z,39.47 W, 37, 54134 MiB
2026-09-02T17:01:32Z,40.41 W, 35, 62744 MiB
2026-09-02T17:01:33Z,38.49 W, 37, 53482 MiB
2026-09-02T17:01:33Z,42.30 W, 35, 52554 MiB
2026-09-02T17:01:33Z,39.47 W, 37, 54134 MiB
2026-09-02T17:01:33Z,40.41 W, 35, 62744 MiB
2026-09-02T17:01:34Z,38.49 W, 37, 53482 MiB
2026-09-02T17:01:34Z,42.21 W, 35, 52554 MiB
2026-09-02T17:01:34Z,39.47 W, 37, 54134 MiB
2026-09-02T17:01:34Z,40.49 W, 35, 62744 MiB
2026-09-02T17:01:35Z,38.47 W, 37, 53482 MiB
2026-09-02T17:01:35Z,42.21 W, 35, 52554 MiB
2026-09-02T17:01:35Z,39.47 W, 37, 54134 MiB
2026-09-02T17:01:35Z,40.41 W, 35, 62744 MiB
2026-09-02T17:01:36Z,38.39 W, 37, 53482 MiB
2026-09-02T17:01:36Z,42.21 W, 35, 52554 MiB
2026-09-02T17:01:36Z,39.38 W, 37, 54134 MiB
2026-09-02T17:01:36Z,40.60 W, 35, 62744 MiB
2026-09-02T17:01:37Z,38.88 W, 37, 53482 MiB
2026-09-02T17:01:37Z,42.21 W, 35, 52554 MiB
2026-09-02T17:01:37Z,39.47 W, 37, 54134 MiB
2026-09-02T17:01:37Z,40.59 W, 35, 62744 MiB
2026-09-02T17:01:38Z,38.76 W, 37, 53482 MiB
2026-09-02T17:01:38Z,42.11 W, 35, 52554 MiB
2026-09-02T17:01:38Z,39.38 W, 37, 54134 MiB
2026-09-02T17:01:38Z,40.60 W, 35, 62744 MiB
2026-09-02T17:01:39Z,38.77 W, 37, 53482 MiB
2026-09-02T17:01:39Z,42.21 W, 35, 52554 MiB
2026-09-02T17:01:39Z,39.37 W, 37, 54134 MiB
2026-09-02T17:01:39Z,40.41 W, 35, 62744 MiB
2026-09-02T17:01:40Z,38.78 W, 37, 53482 MiB
2026-09-02T17:01:40Z,42.20 W, 35, 52554 MiB
2026-09-02T17:01:40Z,39.59 W, 37, 54134 MiB
2026-09-02T17:01:40Z,40.40 W, 35, 62744 MiB
2026-09-02T17:01:41Z,38.67 W, 37, 53482 MiB
2026-09-02T17:01:41Z,42.00 W, 35, 52554 MiB
2026-09-02T17:01:41Z,39.47 W, 37, 54134 MiB
2026-09-02T17:01:41Z,40.50 W, 35, 62744 MiB
2026-09-02T17:01:42Z,38.76 W, 37, 53482 MiB
2026-09-02T17:01:42Z,42.10 W, 35, 52554 MiB
2026-09-02T17:01:42Z,39.47 W, 37, 54134 MiB
2026-09-02T17:01:42Z,40.40 W, 35, 62744 MiB
2026-09-02T17:01:43Z,38.67 W, 37, 53482 MiB
2026-09-02T17:01:43Z,42.40 W, 35, 52554 MiB
2026-09-02T17:01:43Z,39.47 W, 37, 54134 MiB
2026-09-02T17:01:43Z,40.41 W, 35, 62744 MiB
2026-09-02T17:01:44Z,38.78 W, 37, 53482 MiB
2026-09-02T17:01:44Z,42.30 W, 35, 52554 MiB
2026-09-02T17:01:44Z,39.47 W, 37, 54134 MiB
2026-09-02T17:01:44Z,40.41 W, 35, 62744 MiB
2026-09-02T17:01:45Z,38.78 W, 36, 53482 MiB
2026-09-02T17:01:45Z,42.20 W, 35, 52554 MiB
2026-09-02T17:01:45Z,39.28 W, 37, 54134 MiB
2026-09-02T17:01:45Z,40.41 W, 35, 62744 MiB
2026-09-02T17:01:46Z,38.69 W, 36, 53482 MiB
2026-09-02T17:01:46Z,42.12 W, 35, 52554 MiB
2026-09-02T17:01:46Z,39.39 W, 37, 54134 MiB
2026-09-02T17:01:46Z,40.41 W, 35, 62744 MiB
2026-09-02T17:01:47Z,38.77 W, 36, 53482 MiB
2026-09-02T17:01:47Z,42.11 W, 35, 52554 MiB
2026-09-02T17:01:47Z,39.38 W, 37, 54134 MiB
2026-09-02T17:01:47Z,40.31 W, 35, 62744 MiB
2026-09-02T17:01:48Z,38.96 W, 36, 53482 MiB
2026-09-02T17:01:48Z,42.11 W, 35, 52554 MiB
2026-09-02T17:01:48Z,39.28 W, 37, 54134 MiB
2026-09-02T17:01:48Z,40.31 W, 35, 62744 MiB
2026-09-02T17:01:49Z,38.86 W, 36, 53482 MiB
2026-09-02T17:01:49Z,42.01 W, 35, 52554 MiB
2026-09-02T17:01:49Z,39.38 W, 37, 54134 MiB
2026-09-02T17:01:49Z,40.31 W, 35, 62744 MiB
2026-09-02T17:01:50Z,38.78 W, 36, 53482 MiB
2026-09-02T17:01:50Z,42.02 W, 35, 52554 MiB
2026-09-02T17:01:50Z,39.30 W, 36, 54134 MiB
2026-09-02T17:01:50Z,40.22 W, 35, 62744 MiB
2026-09-02T17:01:51Z,38.66 W, 36, 53482 MiB
2026-09-02T17:01:51Z,42.11 W, 35, 52554 MiB
2026-09-02T17:01:51Z,39.28 W, 36, 54134 MiB
2026-09-02T17:01:51Z,40.30 W, 35, 62744 MiB
2026-09-02T17:01:52Z,38.68 W, 36, 53482 MiB
2026-09-02T17:01:52Z,42.01 W, 35, 52554 MiB
2026-09-02T17:01:52Z,39.28 W, 36, 54134 MiB
2026-09-02T17:01:52Z,40.31 W, 35, 62744 MiB
2026-09-02T17:01:53Z,38.67 W, 36, 53482 MiB
2026-09-02T17:01:53Z,42.10 W, 35, 52554 MiB
2026-09-02T17:01:53Z,39.28 W, 36, 54134 MiB
2026-09-02T17:01:53Z,40.21 W, 35, 62744 MiB
2026-09-02T17:01:54Z,38.68 W, 36, 53482 MiB
2026-09-02T17:01:54Z,42.01 W, 34, 52554 MiB
2026-09-02T17:01:54Z,39.28 W, 36, 54134 MiB
2026-09-02T17:01:54Z,40.31 W, 35, 62744 MiB
2026-09-02T17:01:55Z,38.66 W, 36, 53482 MiB
2026-09-02T17:01:55Z,42.01 W, 34, 52554 MiB
2026-09-02T17:01:55Z,39.28 W, 36, 54134 MiB
2026-09-02T17:01:55Z,40.21 W, 34, 62744 MiB
2026-09-02T17:01:56Z,38.68 W, 36, 53482 MiB
2026-09-02T17:01:56Z,42.01 W, 34, 52554 MiB
2026-09-02T17:01:56Z,39.08 W, 36, 54134 MiB
2026-09-02T17:01:56Z,40.31 W, 34, 62744 MiB
2026-09-02T17:01:57Z,38.58 W, 36, 53482 MiB
2026-09-02T17:01:57Z,41.92 W, 34, 52554 MiB
2026-09-02T17:01:57Z,39.18 W, 36, 54134 MiB
2026-09-02T17:01:57Z,40.41 W, 34, 62744 MiB
2026-09-02T17:01:58Z,38.66 W, 36, 53482 MiB
2026-09-02T17:01:58Z,41.92 W, 34, 52554 MiB
2026-09-02T17:01:58Z,39.28 W, 36, 54134 MiB
2026-09-02T17:01:58Z,40.49 W, 34, 62744 MiB
2026-09-02T17:01:59Z,38.67 W, 36, 53482 MiB
2026-09-02T17:01:59Z,41.92 W, 34, 52554 MiB
2026-09-02T17:01:59Z,39.28 W, 36, 54134 MiB
2026-09-02T17:01:59Z,40.49 W, 34, 62744 MiB
2026-09-02T17:02:00Z,38.58 W, 36, 53482 MiB
2026-09-02T17:02:00Z,41.93 W, 34, 52554 MiB
2026-09-02T17:02:00Z,39.29 W, 36, 54134 MiB
2026-09-02T17:02:00Z,40.41 W, 34, 62744 MiB
2026-09-02T17:02:01Z,38.58 W, 36, 53482 MiB
2026-09-02T17:02:01Z,41.91 W, 34, 52554 MiB
2026-09-02T17:02:01Z,39.39 W, 36, 54134 MiB
2026-09-02T17:02:01Z,40.50 W, 34, 62744 MiB
2026-09-02T17:02:02Z,38.57 W, 36, 53482 MiB
2026-09-02T17:02:02Z,41.90 W, 34, 52554 MiB
2026-09-02T17:02:02Z,39.38 W, 36, 54134 MiB
2026-09-02T17:02:02Z,40.41 W, 34, 62744 MiB
2026-09-02T17:02:03Z,38.56 W, 36, 53482 MiB
2026-09-02T17:02:03Z,41.92 W, 34, 52554 MiB
2026-09-02T17:02:03Z,39.38 W, 36, 54134 MiB
2026-09-02T17:02:03Z,40.30 W, 34, 62744 MiB
2026-09-02T17:02:04Z,38.49 W, 36, 53482 MiB
2026-09-02T17:02:04Z,41.92 W, 34, 52554 MiB
2026-09-02T17:02:04Z,39.29 W, 36, 54134 MiB
2026-09-02T17:02:04Z,40.31 W, 34, 62744 MiB
2026-09-02T17:02:05Z,38.58 W, 36, 53482 MiB
2026-09-02T17:02:05Z,41.90 W, 34, 52554 MiB
2026-09-02T17:02:05Z,39.28 W, 36, 54134 MiB
2026-09-02T17:02:05Z,40.30 W, 34, 62744 MiB
2026-09-02T17:02:06Z,38.57 W, 36, 53482 MiB
2026-09-02T17:02:06Z,42.21 W, 34, 52554 MiB
2026-09-02T17:02:06Z,39.17 W, 36, 54134 MiB
2026-09-02T17:02:06Z,40.21 W, 34, 62744 MiB
2026-09-02T17:02:07Z,38.57 W, 36, 53482 MiB
2026-09-02T17:02:07Z,42.11 W, 34, 52554 MiB
2026-09-02T17:02:07Z,39.28 W, 36, 54134 MiB
2026-09-02T17:02:07Z,40.21 W, 34, 62744 MiB
2026-09-02T17:02:08Z,38.58 W, 36, 53482 MiB
2026-09-02T17:02:08Z,42.10 W, 34, 52554 MiB
2026-09-02T17:02:08Z,39.18 W, 36, 54134 MiB
2026-09-02T17:02:08Z,40.21 W, 34, 62744 MiB
2026-09-02T17:02:09Z,38.57 W, 36, 53482 MiB
2026-09-02T17:02:09Z,42.01 W, 34, 52554 MiB
2026-09-02T17:02:09Z,39.19 W, 36, 54134 MiB
2026-09-02T17:02:09Z,40.29 W, 34, 62744 MiB
2026-09-02T17:02:10Z,38.57 W, 36, 53482 MiB
2026-09-02T17:02:10Z,41.92 W, 34, 52554 MiB
2026-09-02T17:02:10Z,39.17 W, 36, 54134 MiB
2026-09-02T17:02:10Z,40.31 W, 34, 62744 MiB
2026-09-02T17:02:11Z,38.58 W, 36, 53482 MiB
2026-09-02T17:02:11Z,41.92 W, 34, 52554 MiB
2026-09-02T17:02:11Z,39.10 W, 36, 54134 MiB
2026-09-02T17:02:11Z,40.21 W, 34, 62744 MiB
2026-09-02T17:02:12Z,38.76 W, 36, 53482 MiB
2026-09-02T17:02:12Z,41.82 W, 34, 52554 MiB
2026-09-02T17:02:12Z,39.08 W, 36, 54134 MiB
2026-09-02T17:02:12Z,40.20 W, 34, 62744 MiB
2026-09-02T17:02:13Z,38.77 W, 35, 53482 MiB
2026-09-02T17:02:13Z,41.92 W, 34, 52554 MiB
2026-09-02T17:02:13Z,39.08 W, 36, 54134 MiB
2026-09-02T17:02:13Z,40.21 W, 34, 62744 MiB
2026-09-02T17:02:14Z,38.68 W, 35, 53482 MiB
2026-09-02T17:02:14Z,41.92 W, 34, 52554 MiB
2026-09-02T17:02:14Z,39.18 W, 36, 54134 MiB
2026-09-02T17:02:14Z,40.22 W, 34, 62744 MiB
2026-09-02T17:02:15Z,38.58 W, 35, 53482 MiB
2026-09-02T17:02:15Z,41.83 W, 34, 52554 MiB
2026-09-02T17:02:15Z,39.20 W, 36, 54134 MiB
2026-09-02T17:02:15Z,40.32 W, 34, 62744 MiB
2026-09-02T17:02:16Z,38.57 W, 35, 53482 MiB
2026-09-02T17:02:16Z,41.92 W, 34, 52554 MiB
2026-09-02T17:02:16Z,39.08 W, 36, 54134 MiB
2026-09-02T17:02:16Z,40.20 W, 34, 62744 MiB
2026-09-02T17:02:17Z,38.57 W, 35, 53482 MiB
2026-09-02T17:02:17Z,41.82 W, 34, 52554 MiB
2026-09-02T17:02:17Z,39.18 W, 36, 54134 MiB
2026-09-02T17:02:17Z,40.21 W, 34, 62744 MiB
2026-09-02T17:02:18Z,38.58 W, 35, 53482 MiB
2026-09-02T17:02:18Z,41.92 W, 34, 52554 MiB
2026-09-02T17:02:18Z,39.09 W, 35, 54134 MiB
2026-09-02T17:02:18Z,40.21 W, 34, 62744 MiB
2026-09-02T17:02:19Z,38.58 W, 35, 53482 MiB
2026-09-02T17:02:19Z,41.82 W, 34, 52554 MiB
2026-09-02T17:02:19Z,39.28 W, 35, 54134 MiB
2026-09-02T17:02:19Z,40.21 W, 34, 62744 MiB
2026-09-02T17:02:20Z,38.49 W, 35, 53482 MiB
2026-09-02T17:02:20Z,41.82 W, 34, 52554 MiB
2026-09-02T17:02:20Z,39.09 W, 35, 54134 MiB
2026-09-02T17:02:20Z,40.21 W, 34, 62744 MiB
2026-09-02T17:02:21Z,38.49 W, 35, 53482 MiB
2026-09-02T17:02:21Z,41.92 W, 34, 52554 MiB
2026-09-02T17:02:21Z,39.08 W, 35, 54134 MiB
2026-09-02T17:02:21Z,40.50 W, 34, 62744 MiB
2026-09-02T17:02:22Z,38.58 W, 35, 53482 MiB
2026-09-02T17:02:22Z,41.92 W, 34, 52554 MiB
2026-09-02T17:02:22Z,39.18 W, 35, 54134 MiB
2026-09-02T17:02:22Z,40.41 W, 34, 62744 MiB
2026-09-02T17:02:23Z,38.37 W, 35, 53482 MiB
2026-09-02T17:02:23Z,41.90 W, 34, 52554 MiB
2026-09-02T17:02:23Z,39.18 W, 35, 54134 MiB
2026-09-02T17:02:23Z,40.40 W, 34, 62744 MiB
2026-09-02T17:02:24Z,38.28 W, 35, 53482 MiB
2026-09-02T17:02:24Z,41.82 W, 34, 52554 MiB
2026-09-02T17:02:24Z,39.18 W, 35, 54134 MiB
2026-09-02T17:02:24Z,40.31 W, 34, 62744 MiB
2026-09-02T17:02:25Z,38.29 W, 35, 53482 MiB
2026-09-02T17:02:25Z,41.82 W, 34, 52554 MiB
2026-09-02T17:02:25Z,39.37 W, 35, 54134 MiB
2026-09-02T17:02:25Z,40.31 W, 34, 62744 MiB
2026-09-02T17:02:26Z,38.39 W, 35, 53482 MiB
2026-09-02T17:02:26Z,41.81 W, 34, 52554 MiB
2026-09-02T17:02:26Z,39.28 W, 35, 54134 MiB
2026-09-02T17:02:26Z,40.30 W, 34, 62744 MiB
2026-09-02T17:02:27Z,38.28 W, 35, 53482 MiB
2026-09-02T17:02:27Z,41.81 W, 34, 52554 MiB
2026-09-02T17:02:27Z,39.18 W, 35, 54134 MiB
2026-09-02T17:02:27Z,40.22 W, 34, 62744 MiB
2026-09-02T17:02:28Z,38.27 W, 35, 53482 MiB
2026-09-02T17:02:28Z,41.82 W, 34, 52554 MiB
2026-09-02T17:02:28Z,39.18 W, 35, 54134 MiB
2026-09-02T17:02:28Z,40.02 W, 34, 62744 MiB
2026-09-02T17:02:29Z,38.29 W, 35, 53482 MiB
2026-09-02T17:02:29Z,41.92 W, 34, 52554 MiB
2026-09-02T17:02:29Z,39.19 W, 35, 54134 MiB
2026-09-02T17:02:29Z,40.02 W, 34, 62744 MiB
2026-09-02T17:02:30Z,38.37 W, 35, 53482 MiB
2026-09-02T17:02:30Z,41.90 W, 34, 52554 MiB
2026-09-02T17:02:30Z,39.28 W, 35, 54134 MiB
2026-09-02T17:02:30Z,40.01 W, 34, 62744 MiB
2026-09-02T17:02:31Z,38.27 W, 35, 53482 MiB
2026-09-02T17:02:31Z,41.71 W, 34, 52554 MiB
2026-09-02T17:02:31Z,39.18 W, 35, 54134 MiB
2026-09-02T17:02:31Z,40.12 W, 34, 62744 MiB
2026-09-02T17:02:32Z,38.29 W, 35, 53482 MiB
2026-09-02T17:02:32Z,41.71 W, 34, 52554 MiB
2026-09-02T17:02:32Z,39.08 W, 35, 54134 MiB
2026-09-02T17:02:32Z,40.02 W, 34, 62744 MiB
2026-09-02T17:02:33Z,38.27 W, 35, 53482 MiB
2026-09-02T17:02:33Z,41.70 W, 34, 52554 MiB
2026-09-02T17:02:33Z,39.18 W, 35, 54134 MiB
2026-09-02T17:02:33Z,40.01 W, 34, 62744 MiB
2026-09-02T17:02:34Z,38.28 W, 35, 53482 MiB
2026-09-02T17:02:34Z,41.61 W, 34, 52554 MiB
2026-09-02T17:02:34Z,38.90 W, 35, 54134 MiB
2026-09-02T17:02:34Z,40.03 W, 34, 62744 MiB
2026-09-02T17:02:35Z,38.29 W, 35, 53482 MiB
2026-09-02T17:02:35Z,41.63 W, 34, 52554 MiB
2026-09-02T17:02:35Z,38.90 W, 35, 54134 MiB
2026-09-02T17:02:35Z,40.12 W, 34, 62744 MiB
2026-09-02T17:02:36Z,38.49 W, 35, 53482 MiB
2026-09-02T17:02:36Z,41.61 W, 33, 52554 MiB
2026-09-02T17:02:36Z,38.89 W, 35, 54134 MiB
2026-09-02T17:02:36Z,40.02 W, 34, 62744 MiB
2026-09-02T17:02:37Z,38.37 W, 35, 53482 MiB
2026-09-02T17:02:37Z,41.60 W, 33, 52554 MiB
2026-09-02T17:02:37Z,38.98 W, 35, 54134 MiB
2026-09-02T17:02:37Z,40.11 W, 34, 62744 MiB
2026-09-02T17:02:38Z,38.37 W, 35, 53482 MiB
2026-09-02T17:02:38Z,41.61 W, 33, 52554 MiB
2026-09-02T17:02:38Z,38.88 W, 35, 54134 MiB
2026-09-02T17:02:38Z,40.02 W, 34, 62744 MiB
2026-09-02T17:02:39Z,38.39 W, 35, 53482 MiB
2026-09-02T17:02:39Z,41.61 W, 33, 52554 MiB
2026-09-02T17:02:39Z,38.89 W, 35, 54134 MiB
2026-09-02T17:02:39Z,40.03 W, 33, 62744 MiB
2026-09-02T17:02:40Z,38.29 W, 35, 53482 MiB
2026-09-02T17:02:40Z,41.61 W, 33, 52554 MiB
2026-09-02T17:02:40Z,38.89 W, 35, 54134 MiB
2026-09-02T17:02:40Z,39.92 W, 33, 62744 MiB
2026-09-02T17:02:41Z,38.27 W, 35, 53482 MiB
2026-09-02T17:02:41Z,41.61 W, 33, 52554 MiB
2026-09-02T17:02:41Z,38.89 W, 35, 54134 MiB
2026-09-02T17:02:41Z,40.02 W, 33, 62744 MiB
2026-09-02T17:02:42Z,38.28 W, 35, 53482 MiB
2026-09-02T17:02:42Z,41.61 W, 33, 52554 MiB
2026-09-02T17:02:42Z,38.88 W, 35, 54134 MiB
2026-09-02T17:02:42Z,40.01 W, 33, 62744 MiB
2026-09-02T17:02:43Z,38.21 W, 35, 53482 MiB
2026-09-02T17:02:43Z,41.62 W, 33, 52554 MiB
2026-09-02T17:02:43Z,38.90 W, 35, 54134 MiB
2026-09-02T17:02:43Z,40.03 W, 33, 62744 MiB
2026-09-02T17:02:44Z,38.18 W, 35, 53482 MiB
2026-09-02T17:02:44Z,41.61 W, 33, 52554 MiB
2026-09-02T17:02:44Z,38.88 W, 35, 54134 MiB
2026-09-02T17:02:44Z,40.02 W, 33, 62744 MiB
2026-09-02T17:02:45Z,38.20 W, 35, 53482 MiB
2026-09-02T17:02:45Z,41.51 W, 33, 52554 MiB
2026-09-02T17:02:45Z,38.98 W, 35, 54134 MiB
2026-09-02T17:02:45Z,40.02 W, 33, 62744 MiB
2026-09-02T17:02:46Z,38.09 W, 35, 53482 MiB
2026-09-02T17:02:46Z,41.61 W, 33, 52554 MiB
2026-09-02T17:02:46Z,38.88 W, 35, 54134 MiB
2026-09-02T17:02:46Z,40.31 W, 33, 62744 MiB
2026-09-02T17:02:47Z,38.29 W, 35, 53482 MiB
2026-09-02T17:02:47Z,41.61 W, 33, 52554 MiB
2026-09-02T17:02:47Z,38.88 W, 35, 54134 MiB
2026-09-02T17:02:47Z,40.21 W, 33, 62744 MiB
2026-09-02T17:02:48Z,38.18 W, 35, 53482 MiB
2026-09-02T17:02:48Z,41.60 W, 33, 52554 MiB
2026-09-02T17:02:48Z,38.88 W, 35, 54134 MiB
2026-09-02T17:02:48Z,40.20 W, 33, 62744 MiB
2026-09-02T17:02:49Z,38.29 W, 35, 53482 MiB
2026-09-02T17:02:49Z,41.51 W, 33, 52554 MiB
2026-09-02T17:02:49Z,39.18 W, 35, 54134 MiB
2026-09-02T17:02:49Z,40.12 W, 33, 62744 MiB
2026-09-02T17:02:50Z,38.29 W, 35, 53482 MiB
2026-09-02T17:02:50Z,41.53 W, 33, 52554 MiB
2026-09-02T17:02:50Z,39.08 W, 35, 54134 MiB
2026-09-02T17:02:50Z,40.01 W, 33, 62744 MiB
2026-09-02T17:02:51Z,38.18 W, 35, 53482 MiB
2026-09-02T17:02:51Z,41.61 W, 33, 52554 MiB
2026-09-02T17:02:51Z,38.98 W, 35, 54134 MiB
2026-09-02T17:02:51Z,40.02 W, 33, 62744 MiB
2026-09-02T17:02:52Z,38.20 W, 35, 53482 MiB
2026-09-02T17:02:52Z,41.61 W, 33, 52554 MiB
2026-09-02T17:02:52Z,38.99 W, 35, 54134 MiB
2026-09-02T17:02:52Z,40.02 W, 33, 62744 MiB
2026-09-02T17:02:53Z,38.20 W, 35, 53482 MiB
2026-09-02T17:02:53Z,41.83 W, 33, 52554 MiB
2026-09-02T17:02:53Z,38.90 W, 35, 54134 MiB
2026-09-02T17:02:53Z,40.03 W, 33, 62744 MiB
2026-09-02T17:02:54Z,38.17 W, 35, 53482 MiB
2026-09-02T17:02:54Z,41.71 W, 33, 52554 MiB
2026-09-02T17:02:54Z,38.88 W, 35, 54134 MiB
2026-09-02T17:02:54Z,40.02 W, 33, 62744 MiB
2026-09-02T17:02:55Z,38.27 W, 35, 53482 MiB
2026-09-02T17:02:55Z,41.61 W, 33, 52554 MiB
2026-09-02T17:02:55Z,38.88 W, 35, 54134 MiB
2026-09-02T17:02:55Z,40.01 W, 33, 62744 MiB
2026-09-02T17:02:56Z,38.10 W, 35, 53482 MiB
2026-09-02T17:02:56Z,41.61 W, 33, 52554 MiB
2026-09-02T17:02:56Z,38.98 W, 35, 54134 MiB
2026-09-02T17:02:56Z,39.92 W, 33, 62744 MiB
2026-09-02T17:02:57Z,38.20 W, 35, 53482 MiB
2026-09-02T17:02:57Z,41.61 W, 33, 52554 MiB
2026-09-02T17:02:57Z,38.88 W, 35, 54134 MiB
2026-09-02T17:02:57Z,40.03 W, 33, 62744 MiB
2026-09-02T17:02:58Z,38.27 W, 35, 53482 MiB
2026-09-02T17:02:58Z,41.51 W, 33, 52554 MiB
2026-09-02T17:02:58Z,38.78 W, 35, 54134 MiB
2026-09-02T17:02:58Z,40.01 W, 33, 62744 MiB
2026-09-02T17:02:59Z,38.37 W, 35, 53482 MiB
2026-09-02T17:02:59Z,41.61 W, 33, 52554 MiB
2026-09-02T17:02:59Z,38.78 W, 35, 54134 MiB
2026-09-02T17:02:59Z,39.91 W, 33, 62744 MiB
2026-09-02T17:03:00Z,38.39 W, 35, 53482 MiB
2026-09-02T17:03:00Z,41.53 W, 33, 52554 MiB
2026-09-02T17:03:00Z,38.81 W, 35, 54134 MiB
2026-09-02T17:03:00Z,40.03 W, 33, 62744 MiB
2026-09-02T17:03:01Z,38.38 W, 35, 53482 MiB
2026-09-02T17:03:01Z,41.61 W, 33, 52554 MiB
2026-09-02T17:03:01Z,38.78 W, 35, 54134 MiB
2026-09-02T17:03:01Z,40.02 W, 33, 62744 MiB
2026-09-02T17:03:02Z,38.27 W, 34, 53482 MiB
2026-09-02T17:03:02Z,41.61 W, 33, 52554 MiB
2026-09-02T17:03:02Z,38.88 W, 35, 54134 MiB
2026-09-02T17:03:02Z,40.01 W, 33, 62744 MiB
2026-09-02T17:03:03Z,38.29 W, 34, 53482 MiB
2026-09-02T17:03:03Z,41.61 W, 33, 52554 MiB
2026-09-02T17:03:03Z,38.88 W, 35, 54134 MiB
2026-09-02T17:03:03Z,40.02 W, 33, 62744 MiB
2026-09-02T17:03:04Z,38.29 W, 34, 53482 MiB
2026-09-02T17:03:04Z,41.62 W, 33, 52554 MiB
2026-09-02T17:03:04Z,38.81 W, 35, 54134 MiB
2026-09-02T17:03:04Z,40.03 W, 33, 62744 MiB
2026-09-02T17:03:05Z,38.28 W, 34, 53482 MiB
2026-09-02T17:03:05Z,41.51 W, 33, 52554 MiB
2026-09-02T17:03:05Z,38.88 W, 35, 54134 MiB
2026-09-02T17:03:05Z,40.02 W, 33, 62744 MiB
2026-09-02T17:03:06Z,38.27 W, 34, 53482 MiB
2026-09-02T17:03:06Z,41.60 W, 33, 52554 MiB
2026-09-02T17:03:06Z,38.78 W, 35, 54134 MiB
2026-09-02T17:03:06Z,40.01 W, 33, 62744 MiB
2026-09-02T17:03:07Z,38.20 W, 34, 53482 MiB
2026-09-02T17:03:07Z,41.51 W, 33, 52554 MiB
2026-09-02T17:03:07Z,38.88 W, 34, 54134 MiB
2026-09-02T17:03:07Z,40.02 W, 33, 62744 MiB
2026-09-02T17:03:08Z,38.18 W, 34, 53482 MiB
2026-09-02T17:03:08Z,41.61 W, 33, 52554 MiB
2026-09-02T17:03:08Z,38.78 W, 34, 54134 MiB
2026-09-02T17:03:08Z,40.02 W, 33, 62744 MiB
2026-09-02T17:03:09Z,38.17 W, 34, 53482 MiB
2026-09-02T17:03:09Z,41.50 W, 33, 52554 MiB
2026-09-02T17:03:09Z,38.69 W, 34, 54134 MiB
2026-09-02T17:03:09Z,40.31 W, 33, 62744 MiB
2026-09-02T17:03:10Z,38.18 W, 34, 53482 MiB
2026-09-02T17:03:10Z,41.51 W, 33, 52554 MiB
2026-09-02T17:03:10Z,38.78 W, 34, 54134 MiB
2026-09-02T17:03:10Z,40.11 W, 33, 62744 MiB
2026-09-02T17:03:11Z,38.20 W, 34, 53482 MiB
2026-09-02T17:03:11Z,41.61 W, 33, 52554 MiB
2026-09-02T17:03:11Z,38.78 W, 34, 54134 MiB
2026-09-02T17:03:11Z,40.11 W, 33, 62744 MiB
2026-09-02T17:03:12Z,38.17 W, 34, 53482 MiB
2026-09-02T17:03:12Z,41.51 W, 33, 52554 MiB
2026-09-02T17:03:12Z,39.08 W, 34, 54134 MiB
2026-09-02T17:03:12Z,40.11 W, 33, 62744 MiB
2026-09-02T17:03:13Z,38.20 W, 34, 53482 MiB
2026-09-02T17:03:13Z,41.51 W, 33, 52554 MiB
2026-09-02T17:03:13Z,39.08 W, 34, 54134 MiB
2026-09-02T17:03:13Z,40.02 W, 33, 62744 MiB
2026-09-02T17:03:14Z,38.20 W, 34, 53482 MiB
2026-09-02T17:03:14Z,41.51 W, 33, 52554 MiB
2026-09-02T17:03:14Z,39.00 W, 34, 54134 MiB
2026-09-02T17:03:14Z,40.12 W, 33, 62744 MiB
2026-09-02T17:03:15Z,38.20 W, 34, 53482 MiB
2026-09-02T17:03:15Z,41.42 W, 33, 52554 MiB
2026-09-02T17:03:15Z,38.99 W, 34, 54134 MiB
2026-09-02T17:03:15Z,40.02 W, 33, 62744 MiB
2026-09-02T17:03:16Z,38.28 W, 34, 53482 MiB
2026-09-02T17:03:16Z,41.83 W, 33, 52554 MiB
2026-09-02T17:03:16Z,38.90 W, 34, 54134 MiB
2026-09-02T17:03:16Z,40.02 W, 33, 62744 MiB
2026-09-02T17:03:17Z,38.29 W, 34, 53482 MiB
2026-09-02T17:03:17Z,41.82 W, 33, 52554 MiB
2026-09-02T17:03:17Z,38.98 W, 34, 54134 MiB
2026-09-02T17:03:17Z,40.03 W, 33, 62744 MiB
2026-09-02T17:03:18Z,38.20 W, 34, 53482 MiB
2026-09-02T17:03:18Z,41.71 W, 33, 52554 MiB
2026-09-02T17:03:18Z,38.90 W, 34, 54134 MiB
2026-09-02T17:03:18Z,40.02 W, 33, 62744 MiB
2026-09-02T17:03:19Z,38.09 W, 34, 53482 MiB
2026-09-02T17:03:19Z,41.71 W, 33, 52554 MiB
2026-09-02T17:03:19Z,38.98 W, 34, 54134 MiB
2026-09-02T17:03:19Z,40.02 W, 33, 62744 MiB
2026-09-02T17:03:20Z,38.20 W, 34, 53482 MiB
2026-09-02T17:03:20Z,41.61 W, 33, 52554 MiB
2026-09-02T17:03:20Z,38.88 W, 34, 54134 MiB
2026-09-02T17:03:20Z,40.02 W, 33, 62744 MiB
2026-09-02T17:03:21Z,38.20 W, 34, 53482 MiB
2026-09-02T17:03:21Z,41.61 W, 33, 52554 MiB
2026-09-02T17:03:21Z,38.79 W, 34, 54134 MiB
2026-09-02T17:03:21Z,40.31 W, 33, 62744 MiB
2026-09-02T17:03:22Z,38.20 W, 34, 53482 MiB
2026-09-02T17:03:22Z,41.42 W, 33, 52554 MiB
2026-09-02T17:03:22Z,38.78 W, 34, 54134 MiB
2026-09-02T17:03:22Z,40.30 W, 33, 62744 MiB
2026-09-02T17:03:23Z,38.49 W, 34, 53482 MiB
2026-09-02T17:03:23Z,41.61 W, 33, 52554 MiB
2026-09-02T17:03:23Z,38.78 W, 34, 54134 MiB
2026-09-02T17:03:23Z,40.20 W, 33, 62744 MiB
2026-09-02T17:03:24Z,38.47 W, 34, 53482 MiB
2026-09-02T17:03:24Z,41.61 W, 33, 52554 MiB
2026-09-02T17:03:24Z,38.88 W, 34, 54134 MiB
2026-09-02T17:03:24Z,40.21 W, 33, 62744 MiB
2026-09-02T17:03:25Z,38.30 W, 34, 53482 MiB
2026-09-02T17:03:25Z,41.52 W, 33, 52554 MiB
2026-09-02T17:03:25Z,38.80 W, 34, 54134 MiB
2026-09-02T17:03:25Z,40.21 W, 33, 62744 MiB
2026-09-02T17:03:26Z,38.29 W, 34, 53482 MiB
2026-09-02T17:03:26Z,41.51 W, 33, 52554 MiB
2026-09-02T17:03:26Z,38.80 W, 34, 54134 MiB
2026-09-02T17:03:26Z,40.31 W, 33, 62744 MiB
2026-09-02T17:03:27Z,38.28 W, 34, 53482 MiB
2026-09-02T17:03:27Z,41.61 W, 33, 52554 MiB
2026-09-02T17:03:27Z,38.78 W, 34, 54134 MiB
2026-09-02T17:03:27Z,40.40 W, 33, 62744 MiB
2026-09-02T17:03:28Z,38.20 W, 34, 53482 MiB
2026-09-02T17:03:28Z,41.51 W, 33, 52554 MiB
2026-09-02T17:03:28Z,38.81 W, 34, 54134 MiB
2026-09-02T17:03:28Z,40.31 W, 33, 62744 MiB
2026-09-02T17:03:29Z,38.20 W, 34, 53482 MiB
2026-09-02T17:03:29Z,41.61 W, 33, 52554 MiB
2026-09-02T17:03:29Z,38.90 W, 34, 54134 MiB
2026-09-02T17:03:29Z,40.31 W, 33, 62744 MiB
2026-09-02T17:03:30Z,38.10 W, 34, 53482 MiB
2026-09-02T17:03:30Z,41.62 W, 33, 52554 MiB
2026-09-02T17:03:30Z,38.90 W, 34, 54134 MiB
2026-09-02T17:03:30Z,40.31 W, 33, 62744 MiB
2026-09-02T17:03:31Z,38.09 W, 34, 53482 MiB
2026-09-02T17:03:31Z,41.60 W, 33, 52554 MiB
2026-09-02T17:03:31Z,38.78 W, 34, 54134 MiB
2026-09-02T17:03:31Z,40.20 W, 33, 62744 MiB
2026-09-02T17:03:32Z,86.32 W, 36, 53482 MiB
2026-09-02T17:03:32Z,41.52 W, 33, 52554 MiB
2026-09-02T17:03:32Z,38.80 W, 34, 54134 MiB
2026-09-02T17:03:32Z,40.51 W, 33, 62744 MiB
2026-09-02T17:03:33Z,180.87 W, 40, 53482 MiB
2026-09-02T17:03:33Z,181.92 W, 40, 52554 MiB
2026-09-02T17:03:33Z,187.45 W, 40, 54134 MiB
2026-09-02T17:03:33Z,182.71 W, 38, 62744 MiB
2026-09-02T17:03:34Z,185.75 W, 41, 53482 MiB
2026-09-02T17:03:34Z,179.98 W, 41, 52554 MiB
2026-09-02T17:03:34Z,212.62 W, 42, 54134 MiB
2026-09-02T17:03:34Z,183.79 W, 39, 62744 MiB
2026-09-02T17:03:35Z,182.55 W, 42, 53482 MiB
2026-09-02T17:03:35Z,237.88 W, 42, 52554 MiB
2026-09-02T17:03:35Z,195.55 W, 42, 54134 MiB
2026-09-02T17:03:35Z,182.73 W, 40, 62744 MiB
2026-09-02T17:03:36Z,182.27 W, 42, 53482 MiB
2026-09-02T17:03:36Z,207.01 W, 43, 52554 MiB
2026-09-02T17:03:36Z,197.46 W, 43, 54134 MiB
2026-09-02T17:03:36Z,179.48 W, 41, 62744 MiB
2026-09-02T17:03:37Z,159.41 W, 43, 53482 MiB
2026-09-02T17:03:37Z,66.59 W, 43, 52554 MiB
2026-09-02T17:03:37Z,213.61 W, 43, 54134 MiB
2026-09-02T17:03:37Z,175.57 W, 41, 62744 MiB
2026-09-02T17:03:38Z,71.10 W, 43, 53482 MiB
2026-09-02T17:03:38Z,124.24 W, 42, 52554 MiB
2026-09-02T17:03:38Z,60.14 W, 43, 54134 MiB
2026-09-02T17:03:38Z,188.83 W, 42, 62744 MiB
2026-09-02T17:03:39Z,186.01 W, 42, 53482 MiB
2026-09-02T17:03:39Z,187.30 W, 44, 52554 MiB
2026-09-02T17:03:39Z,192.36 W, 44, 54134 MiB
2026-09-02T17:03:39Z,206.69 W, 40, 62744 MiB
2026-09-02T17:03:40Z,55.53 W, 39, 53482 MiB
2026-09-02T17:03:40Z,111.59 W, 42, 52554 MiB
2026-09-02T17:03:40Z,177.57 W, 45, 54134 MiB
2026-09-02T17:03:40Z,66.29 W, 41, 62744 MiB
2026-09-02T17:03:41Z,55.81 W, 38, 53482 MiB
2026-09-02T17:03:41Z,71.49 W, 38, 52554 MiB
2026-09-02T17:03:41Z,57.06 W, 39, 54134 MiB
2026-09-02T17:03:41Z,58.59 W, 38, 62744 MiB
2026-09-02T17:03:42Z,71.58 W, 39, 53482 MiB
2026-09-02T17:03:42Z,118.94 W, 38, 52554 MiB
2026-09-02T17:03:42Z,114.28 W, 39, 54134 MiB
2026-09-02T17:03:42Z,94.25 W, 38, 62744 MiB
2026-09-02T17:03:43Z,62.37 W, 39, 53482 MiB
2026-09-02T17:03:43Z,138.59 W, 39, 52554 MiB
2026-09-02T17:03:43Z,85.63 W, 39, 54134 MiB
2026-09-02T17:03:43Z,88.96 W, 38, 62744 MiB
2026-09-02T17:03:44Z,110.79 W, 39, 53482 MiB
2026-09-02T17:03:44Z,99.31 W, 39, 52554 MiB
2026-09-02T17:03:44Z,105.23 W, 40, 54134 MiB
2026-09-02T17:03:44Z,70.61 W, 38, 62744 MiB
2026-09-02T17:03:45Z,67.30 W, 39, 53482 MiB
2026-09-02T17:03:45Z,110.36 W, 40, 52554 MiB
2026-09-02T17:03:45Z,61.20 W, 39, 54134 MiB
2026-09-02T17:03:45Z,105.70 W, 38, 62744 MiB
2026-09-02T17:03:46Z,138.12 W, 39, 53482 MiB
2026-09-02T17:03:46Z,93.96 W, 40, 52554 MiB
2026-09-02T17:03:46Z,137.42 W, 39, 54134 MiB
2026-09-02T17:03:46Z,71.90 W, 39, 62744 MiB
2026-09-02T17:03:47Z,71.02 W, 39, 53482 MiB
2026-09-02T17:03:47Z,111.75 W, 40, 52554 MiB
2026-09-02T17:03:47Z,71.15 W, 40, 54134 MiB
2026-09-02T17:03:47Z,110.46 W, 39, 62744 MiB
2026-09-02T17:03:48Z,76.66 W, 39, 53482 MiB
2026-09-02T17:03:48Z,107.17 W, 40, 52554 MiB
2026-09-02T17:03:48Z,72.44 W, 40, 54134 MiB
2026-09-02T17:03:48Z,73.55 W, 39, 62744 MiB
2026-09-02T17:03:49Z,69.81 W, 39, 53482 MiB
2026-09-02T17:03:49Z,111.32 W, 40, 52554 MiB
2026-09-02T17:03:49Z,68.18 W, 40, 54134 MiB
2026-09-02T17:03:49Z,116.16 W, 39, 62744 MiB
2026-09-02T17:03:50Z,125.56 W, 39, 53482 MiB
2026-09-02T17:03:50Z,104.54 W, 40, 52554 MiB
2026-09-02T17:03:50Z,129.26 W, 40, 54134 MiB
2026-09-02T17:03:50Z,71.50 W, 39, 62744 MiB
2026-09-02T17:03:51Z,61.67 W, 39, 53482 MiB
2026-09-02T17:03:51Z,133.90 W, 40, 52554 MiB
2026-09-02T17:03:51Z,60.96 W, 40, 54134 MiB
2026-09-02T17:03:51Z,79.54 W, 39, 62744 MiB
2026-09-02T17:03:52Z,112.33 W, 39, 53482 MiB
2026-09-02T17:03:52Z,97.60 W, 40, 52554 MiB
2026-09-02T17:03:52Z,124.40 W, 40, 54134 MiB
2026-09-02T17:03:52Z,92.40 W, 39, 62744 MiB
2026-09-02T17:03:53Z,59.91 W, 40, 53482 MiB
2026-09-02T17:03:53Z,157.46 W, 40, 52554 MiB
2026-09-02T17:03:53Z,61.21 W, 40, 54134 MiB
2026-09-02T17:03:53Z,76.65 W, 39, 62744 MiB
2026-09-02T17:03:54Z,124.22 W, 40, 53482 MiB
2026-09-02T17:03:54Z,98.29 W, 40, 52554 MiB
2026-09-02T17:03:54Z,121.93 W, 40, 54134 MiB
2026-09-02T17:03:54Z,103.04 W, 39, 62744 MiB
2026-09-02T17:03:55Z,74.34 W, 40, 53482 MiB
2026-09-02T17:03:55Z,79.44 W, 40, 52554 MiB
2026-09-02T17:03:55Z,75.36 W, 40, 54134 MiB
2026-09-02T17:03:55Z,120.81 W, 39, 62744 MiB
2026-09-02T17:03:56Z,113.23 W, 40, 53482 MiB
2026-09-02T17:03:56Z,96.52 W, 41, 52554 MiB
2026-09-02T17:03:56Z,124.97 W, 40, 54134 MiB
2026-09-02T17:03:56Z,125.98 W, 39, 62744 MiB
2026-09-02T17:03:57Z,72.03 W, 40, 53482 MiB
2026-09-02T17:03:57Z,167.76 W, 41, 52554 MiB
2026-09-02T17:03:57Z,61.83 W, 40, 54134 MiB
2026-09-02T17:03:57Z,81.36 W, 40, 62744 MiB
2026-09-02T17:03:58Z,98.32 W, 40, 53482 MiB
2026-09-02T17:03:58Z,77.17 W, 41, 52554 MiB
2026-09-02T17:03:58Z,74.21 W, 40, 54134 MiB
2026-09-02T17:03:58Z,111.17 W, 40, 62744 MiB
2026-09-02T17:03:59Z,76.09 W, 40, 53482 MiB
2026-09-02T17:03:59Z,145.00 W, 41, 52554 MiB
2026-09-02T17:03:59Z,63.61 W, 40, 54134 MiB
2026-09-02T17:03:59Z,87.89 W, 40, 62744 MiB
2026-09-02T17:04:00Z,132.34 W, 40, 53482 MiB
2026-09-02T17:04:00Z,79.19 W, 41, 52554 MiB
2026-09-02T17:04:00Z,88.15 W, 40, 54134 MiB
2026-09-02T17:04:00Z,129.69 W, 40, 62744 MiB
2026-09-02T17:04:01Z,61.57 W, 40, 53482 MiB
2026-09-02T17:04:01Z,95.73 W, 41, 52554 MiB
2026-09-02T17:04:01Z,131.80 W, 41, 54134 MiB
2026-09-02T17:04:01Z,71.95 W, 40, 62744 MiB
2026-09-02T17:04:02Z,86.94 W, 40, 53482 MiB
2026-09-02T17:04:02Z,162.00 W, 41, 52554 MiB
2026-09-02T17:04:02Z,66.66 W, 41, 54134 MiB
2026-09-02T17:04:02Z,104.29 W, 40, 62744 MiB
2026-09-02T17:04:03Z,111.68 W, 40, 53482 MiB
2026-09-02T17:04:03Z,100.54 W, 41, 52554 MiB
2026-09-02T17:04:03Z,80.77 W, 40, 54134 MiB
2026-09-02T17:04:03Z,165.16 W, 40, 62744 MiB
2026-09-02T17:04:04Z,96.84 W, 40, 53482 MiB
2026-09-02T17:04:04Z,142.56 W, 42, 52554 MiB
2026-09-02T17:04:04Z,70.33 W, 41, 54134 MiB
2026-09-02T17:04:04Z,121.44 W, 40, 62744 MiB
2026-09-02T17:04:05Z,61.12 W, 40, 53482 MiB
2026-09-02T17:04:05Z,82.76 W, 41, 52554 MiB
2026-09-02T17:04:05Z,134.67 W, 41, 54134 MiB
2026-09-02T17:04:05Z,74.54 W, 40, 62744 MiB
2026-09-02T17:04:06Z,71.90 W, 40, 53482 MiB
2026-09-02T17:04:06Z,105.84 W, 41, 52554 MiB
2026-09-02T17:04:06Z,60.97 W, 40, 54134 MiB
2026-09-02T17:04:06Z,100.79 W, 41, 62744 MiB
2026-09-02T17:04:07Z,115.75 W, 40, 53482 MiB
2026-09-02T17:04:07Z,77.04 W, 41, 52554 MiB
2026-09-02T17:04:07Z,101.32 W, 40, 54134 MiB
2026-09-02T17:04:07Z,70.97 W, 41, 62744 MiB
2026-09-02T17:04:08Z,72.46 W, 40, 53482 MiB
2026-09-02T17:04:08Z,107.65 W, 41, 52554 MiB
2026-09-02T17:04:08Z,68.02 W, 41, 54134 MiB
2026-09-02T17:04:08Z,100.50 W, 41, 62744 MiB
2026-09-02T17:04:09Z,67.34 W, 41, 53482 MiB
2026-09-02T17:04:09Z,105.98 W, 42, 52554 MiB
2026-09-02T17:04:09Z,61.36 W, 41, 54134 MiB
2026-09-02T17:04:09Z,89.15 W, 40, 62744 MiB
2026-09-02T17:04:10Z,65.56 W, 40, 53482 MiB
2026-09-02T17:04:10Z,99.26 W, 42, 52554 MiB
2026-09-02T17:04:10Z,61.22 W, 41, 54134 MiB
2026-09-02T17:04:10Z,81.57 W, 41, 62744 MiB
2026-09-02T17:04:11Z,118.89 W, 40, 53482 MiB
2026-09-02T17:04:11Z,76.68 W, 42, 52554 MiB
2026-09-02T17:04:11Z,91.15 W, 41, 54134 MiB
2026-09-02T17:04:11Z,82.17 W, 41, 62744 MiB
2026-09-02T17:04:12Z,63.29 W, 40, 53482 MiB
2026-09-02T17:04:12Z,96.88 W, 42, 52554 MiB
2026-09-02T17:04:12Z,62.80 W, 41, 54134 MiB
2026-09-02T17:04:12Z,77.14 W, 41, 62744 MiB
2026-09-02T17:04:13Z,73.64 W, 41, 53482 MiB
2026-09-02T17:04:13Z,137.54 W, 42, 52554 MiB
2026-09-02T17:04:13Z,69.28 W, 41, 54134 MiB
2026-09-02T17:04:13Z,101.91 W, 41, 62744 MiB
2026-09-02T17:04:14Z,65.17 W, 41, 53482 MiB
2026-09-02T17:04:14Z,108.64 W, 42, 52554 MiB
2026-09-02T17:04:14Z,63.82 W, 41, 54134 MiB
2026-09-02T17:04:14Z,83.88 W, 41, 62744 MiB
2026-09-02T17:04:15Z,71.10 W, 41, 53482 MiB
2026-09-02T17:04:15Z,136.77 W, 42, 52554 MiB
2026-09-02T17:04:15Z,76.47 W, 41, 54134 MiB
2026-09-02T17:04:15Z,97.44 W, 41, 62744 MiB
2026-09-02T17:04:16Z,67.18 W, 41, 53482 MiB
2026-09-02T17:04:16Z,111.29 W, 42, 52554 MiB
2026-09-02T17:04:16Z,63.50 W, 41, 54134 MiB
2026-09-02T17:04:16Z,80.00 W, 41, 62744 MiB
2026-09-02T17:04:17Z,73.29 W, 41, 53482 MiB
2026-09-02T17:04:17Z,118.82 W, 42, 52554 MiB
2026-09-02T17:04:17Z,64.19 W, 41, 54134 MiB
2026-09-02T17:04:17Z,96.89 W, 42, 62744 MiB
2026-09-02T17:04:18Z,66.30 W, 41, 53482 MiB
2026-09-02T17:04:18Z,86.30 W, 42, 52554 MiB
2026-09-02T17:04:18Z,96.58 W, 41, 54134 MiB
2026-09-02T17:04:18Z,82.97 W, 41, 62744 MiB
2026-09-02T17:04:19Z,95.30 W, 41, 53482 MiB
2026-09-02T17:04:19Z,83.98 W, 42, 52554 MiB
2026-09-02T17:04:19Z,120.90 W, 41, 54134 MiB
2026-09-02T17:04:19Z,70.31 W, 42, 62744 MiB
2026-09-02T17:04:20Z,61.22 W, 41, 53482 MiB
2026-09-02T17:04:20Z,80.20 W, 42, 52554 MiB
2026-09-02T17:04:20Z,129.85 W, 41, 54134 MiB
2026-09-02T17:04:20Z,72.49 W, 42, 62744 MiB
2026-09-02T17:04:21Z,86.74 W, 41, 53482 MiB
2026-09-02T17:04:21Z,130.96 W, 42, 52554 MiB
2026-09-02T17:04:21Z,69.87 W, 42, 54134 MiB
2026-09-02T17:04:21Z,103.48 W, 41, 62744 MiB
2026-09-02T17:04:22Z,101.05 W, 41, 53482 MiB
2026-09-02T17:04:22Z,150.69 W, 42, 52554 MiB
2026-09-02T17:04:22Z,85.35 W, 41, 54134 MiB
2026-09-02T17:04:22Z,105.68 W, 42, 62744 MiB
2026-09-02T17:04:23Z,94.09 W, 41, 53482 MiB
2026-09-02T17:04:23Z,76.01 W, 42, 52554 MiB
2026-09-02T17:04:23Z,112.78 W, 41, 54134 MiB
2026-09-02T17:04:23Z,145.92 W, 42, 62744 MiB
2026-09-02T17:04:24Z,61.79 W, 41, 53482 MiB
2026-09-02T17:04:24Z,80.52 W, 43, 52554 MiB
2026-09-02T17:04:24Z,117.00 W, 42, 54134 MiB
2026-09-02T17:04:24Z,82.92 W, 41, 62744 MiB
2026-09-02T17:04:25Z,78.56 W, 41, 53482 MiB
2026-09-02T17:04:25Z,101.08 W, 43, 52554 MiB
2026-09-02T17:04:25Z,62.37 W, 41, 54134 MiB
2026-09-02T17:04:25Z,89.75 W, 42, 62744 MiB
2026-09-02T17:04:26Z,79.43 W, 41, 53482 MiB
2026-09-02T17:04:26Z,108.76 W, 42, 52554 MiB
2026-09-02T17:04:26Z,65.99 W, 41, 54134 MiB
2026-09-02T17:04:26Z,89.49 W, 42, 62744 MiB
2026-09-02T17:04:27Z,127.14 W, 41, 53482 MiB
2026-09-02T17:04:27Z,123.97 W, 43, 52554 MiB
2026-09-02T17:04:27Z,101.72 W, 42, 54134 MiB
2026-09-02T17:04:27Z,116.68 W, 42, 62744 MiB
2026-09-02T17:04:28Z,118.12 W, 41, 53482 MiB
2026-09-02T17:04:28Z,106.79 W, 43, 52554 MiB
2026-09-02T17:04:28Z,101.63 W, 41, 54134 MiB
2026-09-02T17:04:28Z,83.73 W, 42, 62744 MiB
2026-09-02T17:04:29Z,57.30 W, 40, 53482 MiB
2026-09-02T17:04:29Z,74.48 W, 42, 52554 MiB
2026-09-02T17:04:29Z,93.26 W, 41, 54134 MiB
2026-09-02T17:04:29Z,62.06 W, 41, 62744 MiB
2026-09-02T17:04:30Z,102.04 W, 41, 53482 MiB
2026-09-02T17:04:30Z,141.99 W, 41, 52554 MiB
2026-09-02T17:04:30Z,54.91 W, 41, 54134 MiB
2026-09-02T17:04:30Z,74.19 W, 41, 62744 MiB
2026-09-02T17:04:31Z,121.17 W, 41, 53482 MiB
2026-09-02T17:04:31Z,81.07 W, 43, 52554 MiB
2026-09-02T17:04:31Z,133.19 W, 41, 54134 MiB
2026-09-02T17:04:31Z,88.98 W, 42, 62744 MiB
2026-09-02T17:04:32Z,65.97 W, 41, 53482 MiB
2026-09-02T17:04:32Z,93.06 W, 43, 52554 MiB
2026-09-02T17:04:32Z,65.06 W, 41, 54134 MiB
2026-09-02T17:04:32Z,82.62 W, 42, 62744 MiB
2026-09-02T17:04:33Z,125.93 W, 41, 53482 MiB
2026-09-02T17:04:33Z,77.56 W, 43, 52554 MiB
2026-09-02T17:04:33Z,129.73 W, 42, 54134 MiB
2026-09-02T17:04:33Z,88.95 W, 42, 62744 MiB
2026-09-02T17:04:34Z,136.75 W, 41, 53482 MiB
2026-09-02T17:04:34Z,114.48 W, 43, 52554 MiB
2026-09-02T17:04:34Z,119.99 W, 42, 54134 MiB
2026-09-02T17:04:34Z,136.58 W, 42, 62744 MiB
2026-09-02T17:04:35Z,75.75 W, 41, 53482 MiB
2026-09-02T17:04:35Z,114.73 W, 43, 52554 MiB
2026-09-02T17:04:35Z,76.99 W, 42, 54134 MiB
2026-09-02T17:04:35Z,116.02 W, 42, 62744 MiB
2026-09-02T17:04:36Z,92.78 W, 42, 53482 MiB
2026-09-02T17:04:36Z,123.82 W, 43, 52554 MiB
2026-09-02T17:04:36Z,74.11 W, 42, 54134 MiB
2026-09-02T17:04:36Z,129.40 W, 42, 62744 MiB
2026-09-02T17:04:37Z,119.99 W, 42, 53482 MiB
2026-09-02T17:04:37Z,88.37 W, 43, 52554 MiB
2026-09-02T17:04:37Z,104.23 W, 42, 54134 MiB
2026-09-02T17:04:37Z,127.30 W, 42, 62744 MiB
2026-09-02T17:04:38Z,111.64 W, 42, 53482 MiB
2026-09-02T17:04:38Z,77.78 W, 44, 52554 MiB
2026-09-02T17:04:38Z,103.59 W, 42, 54134 MiB
2026-09-02T17:04:38Z,130.81 W, 42, 62744 MiB
2026-09-02T17:04:39Z,130.71 W, 41, 53482 MiB
2026-09-02T17:04:39Z,174.57 W, 43, 52554 MiB
2026-09-02T17:04:39Z,90.96 W, 42, 54134 MiB
2026-09-02T17:04:39Z,157.56 W, 42, 62744 MiB
2026-09-02T17:04:40Z,85.74 W, 42, 53482 MiB
2026-09-02T17:04:40Z,110.31 W, 43, 52554 MiB
2026-09-02T17:04:40Z,67.52 W, 42, 54134 MiB
2026-09-02T17:04:40Z,107.04 W, 43, 62744 MiB
2026-09-02T17:04:41Z,67.95 W, 42, 53482 MiB
2026-09-02T17:04:41Z,91.44 W, 43, 52554 MiB
2026-09-02T17:04:41Z,61.93 W, 42, 54134 MiB
2026-09-02T17:04:41Z,80.64 W, 43, 62744 MiB
2026-09-02T17:04:42Z,64.64 W, 42, 53482 MiB
2026-09-02T17:04:42Z,78.64 W, 43, 52554 MiB
2026-09-02T17:04:42Z,102.99 W, 42, 54134 MiB
2026-09-02T17:04:42Z,102.04 W, 43, 62744 MiB
2026-09-02T17:04:43Z,116.86 W, 42, 53482 MiB
2026-09-02T17:04:43Z,145.83 W, 43, 52554 MiB
2026-09-02T17:04:43Z,82.36 W, 42, 54134 MiB
2026-09-02T17:04:43Z,160.60 W, 42, 62744 MiB
2026-09-02T17:04:44Z,67.84 W, 42, 53482 MiB
2026-09-02T17:04:44Z,79.63 W, 43, 52554 MiB
2026-09-02T17:04:44Z,136.03 W, 42, 54134 MiB
2026-09-02T17:04:44Z,73.35 W, 43, 62744 MiB
2026-09-02T17:04:45Z,62.21 W, 42, 53482 MiB
2026-09-02T17:04:45Z,78.13 W, 44, 52554 MiB
2026-09-02T17:04:45Z,120.69 W, 42, 54134 MiB
2026-09-02T17:04:45Z,71.61 W, 42, 62744 MiB
2026-09-02T17:04:46Z,83.99 W, 42, 53482 MiB
2026-09-02T17:04:46Z,98.16 W, 43, 52554 MiB
2026-09-02T17:04:46Z,61.95 W, 42, 54134 MiB
2026-09-02T17:04:46Z,88.50 W, 42, 62744 MiB
2026-09-02T17:04:47Z,108.36 W, 42, 53482 MiB
2026-09-02T17:04:47Z,125.38 W, 43, 52554 MiB
2026-09-02T17:04:47Z,67.49 W, 42, 54134 MiB
2026-09-02T17:04:47Z,123.95 W, 43, 62744 MiB
2026-09-02T17:04:48Z,60.22 W, 42, 53482 MiB
2026-09-02T17:04:48Z,113.03 W, 44, 52554 MiB
2026-09-02T17:04:48Z,116.49 W, 42, 54134 MiB
2026-09-02T17:04:48Z,80.91 W, 42, 62744 MiB
2026-09-02T17:04:49Z,102.83 W, 42, 53482 MiB
2026-09-02T17:04:49Z,152.76 W, 43, 52554 MiB
2026-09-02T17:04:49Z,89.91 W, 42, 54134 MiB
2026-09-02T17:04:49Z,109.38 W, 43, 62744 MiB
2026-09-02T17:04:50Z,131.38 W, 42, 53482 MiB
2026-09-02T17:04:50Z,156.05 W, 44, 52554 MiB
2026-09-02T17:04:50Z,85.12 W, 42, 54134 MiB
2026-09-02T17:04:50Z,152.21 W, 43, 62744 MiB
2026-09-02T17:04:51Z,90.43 W, 42, 53482 MiB
2026-09-02T17:04:51Z,103.84 W, 44, 52554 MiB
2026-09-02T17:04:51Z,63.32 W, 42, 54134 MiB
2026-09-02T17:04:51Z,116.48 W, 43, 62744 MiB
2026-09-02T17:04:52Z,62.05 W, 42, 53482 MiB
2026-09-02T17:04:52Z,78.20 W, 44, 52554 MiB
2026-09-02T17:04:52Z,112.28 W, 42, 54134 MiB
2026-09-02T17:04:52Z,72.02 W, 43, 62744 MiB
2026-09-02T17:04:53Z,67.93 W, 42, 53482 MiB
2026-09-02T17:04:53Z,86.81 W, 44, 52554 MiB
2026-09-02T17:04:53Z,67.26 W, 42, 54134 MiB
2026-09-02T17:04:53Z,76.93 W, 43, 62744 MiB
2026-09-02T17:04:54Z,117.47 W, 42, 53482 MiB
2026-09-02T17:04:54Z,110.69 W, 44, 52554 MiB
2026-09-02T17:04:54Z,106.34 W, 42, 54134 MiB
2026-09-02T17:04:54Z,142.97 W, 43, 62744 MiB
2026-09-02T17:04:55Z,75.55 W, 42, 53482 MiB
2026-09-02T17:04:55Z,90.46 W, 44, 52554 MiB
2026-09-02T17:04:55Z,62.79 W, 42, 54134 MiB
2026-09-02T17:04:55Z,86.58 W, 43, 62744 MiB
2026-09-02T17:04:56Z,64.91 W, 42, 53482 MiB
2026-09-02T17:04:56Z,76.80 W, 44, 52554 MiB
2026-09-02T17:04:56Z,114.40 W, 42, 54134 MiB
2026-09-02T17:04:56Z,71.77 W, 43, 62744 MiB
2026-09-02T17:04:57Z,112.92 W, 42, 53482 MiB
2026-09-02T17:04:57Z,139.21 W, 44, 52554 MiB
2026-09-02T17:04:57Z,80.21 W, 42, 54134 MiB
2026-09-02T17:04:57Z,126.04 W, 43, 62744 MiB
2026-09-02T17:04:58Z,92.72 W, 42, 53482 MiB
2026-09-02T17:04:58Z,121.33 W, 44, 52554 MiB
2026-09-02T17:04:58Z,70.50 W, 43, 54134 MiB
2026-09-02T17:04:58Z,105.65 W, 43, 62744 MiB
2026-09-02T17:04:59Z,67.74 W, 42, 53482 MiB
2026-09-02T17:04:59Z,81.86 W, 44, 52554 MiB
2026-09-02T17:04:59Z,84.04 W, 43, 54134 MiB
2026-09-02T17:04:59Z,75.45 W, 43, 62744 MiB
2026-09-02T17:05:00Z,93.98 W, 42, 53482 MiB
2026-09-02T17:05:00Z,129.14 W, 44, 52554 MiB
2026-09-02T17:05:00Z,108.71 W, 43, 54134 MiB
2026-09-02T17:05:00Z,151.04 W, 43, 62744 MiB
2026-09-02T17:05:01Z,128.79 W, 42, 53482 MiB
2026-09-02T17:05:01Z,147.24 W, 44, 52554 MiB
2026-09-02T17:05:01Z,81.75 W, 42, 54134 MiB
2026-09-02T17:05:01Z,126.72 W, 44, 62744 MiB
2026-09-02T17:05:02Z,74.05 W, 42, 53482 MiB
2026-09-02T17:05:02Z,88.23 W, 44, 52554 MiB
2026-09-02T17:05:02Z,63.20 W, 42, 54134 MiB
2026-09-02T17:05:02Z,81.70 W, 44, 62744 MiB
2026-09-02T17:05:03Z,62.62 W, 42, 53482 MiB
2026-09-02T17:05:03Z,122.60 W, 44, 52554 MiB
2026-09-02T17:05:03Z,117.55 W, 43, 54134 MiB
2026-09-02T17:05:03Z,70.25 W, 43, 62744 MiB
2026-09-02T17:05:04Z,119.54 W, 43, 53482 MiB
2026-09-02T17:05:04Z,144.18 W, 44, 52554 MiB
2026-09-02T17:05:04Z,99.23 W, 43, 54134 MiB
2026-09-02T17:05:04Z,155.00 W, 43, 62744 MiB
2026-09-02T17:05:05Z,114.17 W, 43, 53482 MiB
2026-09-02T17:05:05Z,99.11 W, 45, 52554 MiB
2026-09-02T17:05:05Z,69.10 W, 43, 54134 MiB
2026-09-02T17:05:05Z,97.31 W, 43, 62744 MiB
2026-09-02T17:05:06Z,72.18 W, 43, 53482 MiB
2026-09-02T17:05:06Z,78.37 W, 45, 52554 MiB
2026-09-02T17:05:06Z,97.40 W, 43, 54134 MiB
2026-09-02T17:05:06Z,73.63 W, 43, 62744 MiB
2026-09-02T17:05:07Z,116.74 W, 42, 53482 MiB
2026-09-02T17:05:07Z,101.70 W, 44, 52554 MiB
2026-09-02T17:05:07Z,80.96 W, 43, 54134 MiB
2026-09-02T17:05:07Z,121.77 W, 43, 62744 MiB
2026-09-02T17:05:08Z,101.36 W, 43, 53482 MiB
2026-09-02T17:05:08Z,117.14 W, 44, 52554 MiB
2026-09-02T17:05:08Z,99.51 W, 43, 54134 MiB
2026-09-02T17:05:08Z,145.17 W, 44, 62744 MiB
2026-09-02T17:05:09Z,78.51 W, 43, 53482 MiB
2026-09-02T17:05:09Z,123.99 W, 45, 52554 MiB
2026-09-02T17:05:09Z,106.66 W, 43, 54134 MiB
2026-09-02T17:05:09Z,175.68 W, 43, 62744 MiB
2026-09-02T17:05:10Z,130.12 W, 43, 53482 MiB
2026-09-02T17:05:10Z,101.99 W, 45, 52554 MiB
2026-09-02T17:05:10Z,105.54 W, 43, 54134 MiB
2026-09-02T17:05:10Z,117.06 W, 44, 62744 MiB
2026-09-02T17:05:11Z,74.21 W, 42, 53482 MiB
2026-09-02T17:05:11Z,90.29 W, 44, 52554 MiB
2026-09-02T17:05:11Z,117.91 W, 43, 54134 MiB
2026-09-02T17:05:11Z,81.99 W, 43, 62744 MiB
2026-09-02T17:05:12Z,101.10 W, 42, 53482 MiB
2026-09-02T17:05:12Z,125.08 W, 45, 52554 MiB
2026-09-02T17:05:12Z,89.65 W, 43, 54134 MiB
2026-09-02T17:05:12Z,174.15 W, 43, 62744 MiB
2026-09-02T17:05:13Z,134.32 W, 43, 53482 MiB
2026-09-02T17:05:13Z,89.09 W, 44, 52554 MiB
2026-09-02T17:05:13Z,73.12 W, 43, 54134 MiB
2026-09-02T17:05:13Z,126.29 W, 44, 62744 MiB
2026-09-02T17:05:14Z,85.76 W, 43, 53482 MiB
2026-09-02T17:05:14Z,95.55 W, 45, 52554 MiB
2026-09-02T17:05:14Z,63.12 W, 43, 54134 MiB
2026-09-02T17:05:14Z,90.50 W, 44, 62744 MiB
2026-09-02T17:05:15Z,80.56 W, 43, 53482 MiB
2026-09-02T17:05:15Z,81.23 W, 45, 52554 MiB
2026-09-02T17:05:15Z,63.63 W, 43, 54134 MiB
2026-09-02T17:05:15Z,80.73 W, 43, 62744 MiB
2026-09-02T17:05:16Z,68.44 W, 43, 53482 MiB
2026-09-02T17:05:16Z,82.33 W, 45, 52554 MiB
2026-09-02T17:05:16Z,60.38 W, 43, 54134 MiB
2026-09-02T17:05:16Z,74.40 W, 44, 62744 MiB
2026-09-02T17:05:17Z,86.74 W, 43, 53482 MiB
2026-09-02T17:05:17Z,80.47 W, 45, 52554 MiB
2026-09-02T17:05:17Z,67.65 W, 43, 54134 MiB
2026-09-02T17:05:17Z,96.78 W, 44, 62744 MiB
2026-09-02T17:05:18Z,61.70 W, 43, 53482 MiB
2026-09-02T17:05:18Z,155.38 W, 45, 52554 MiB
2026-09-02T17:05:18Z,137.87 W, 43, 54134 MiB
2026-09-02T17:05:18Z,97.36 W, 43, 62744 MiB
2026-09-02T17:05:19Z,129.74 W, 43, 53482 MiB
2026-09-02T17:05:19Z,97.36 W, 45, 52554 MiB
2026-09-02T17:05:19Z,88.66 W, 43, 54134 MiB
2026-09-02T17:05:19Z,133.23 W, 44, 62744 MiB
2026-09-02T17:05:20Z,92.36 W, 43, 53482 MiB
2026-09-02T17:05:20Z,86.48 W, 45, 52554 MiB
2026-09-02T17:05:20Z,71.45 W, 43, 54134 MiB
2026-09-02T17:05:20Z,93.36 W, 44, 62744 MiB
2026-09-02T17:05:21Z,81.03 W, 43, 53482 MiB
2026-09-02T17:05:21Z,81.51 W, 45, 52554 MiB
2026-09-02T17:05:21Z,66.63 W, 43, 54134 MiB
2026-09-02T17:05:21Z,86.04 W, 44, 62744 MiB
2026-09-02T17:05:22Z,97.69 W, 43, 53482 MiB
2026-09-02T17:05:22Z,86.02 W, 45, 52554 MiB
2026-09-02T17:05:22Z,72.49 W, 43, 54134 MiB
2026-09-02T17:05:22Z,103.50 W, 44, 62744 MiB
2026-09-02T17:05:23Z,110.92 W, 43, 53482 MiB
2026-09-02T17:05:23Z,92.52 W, 45, 52554 MiB
2026-09-02T17:05:23Z,77.47 W, 43, 54134 MiB
2026-09-02T17:05:23Z,114.52 W, 44, 62744 MiB
2026-09-02T17:05:24Z,61.00 W, 43, 53482 MiB
2026-09-02T17:05:24Z,132.37 W, 45, 52554 MiB
2026-09-02T17:05:24Z,130.92 W, 43, 54134 MiB
2026-09-02T17:05:24Z,120.77 W, 44, 62744 MiB
2026-09-02T17:05:25Z,82.66 W, 43, 53482 MiB
2026-09-02T17:05:25Z,119.91 W, 45, 52554 MiB
2026-09-02T17:05:25Z,113.47 W, 43, 54134 MiB
2026-09-02T17:05:25Z,148.22 W, 44, 62744 MiB
2026-09-02T17:05:26Z,125.59 W, 43, 53482 MiB
2026-09-02T17:05:26Z,106.96 W, 45, 52554 MiB
2026-09-02T17:05:26Z,94.93 W, 43, 54134 MiB
2026-09-02T17:05:26Z,149.14 W, 44, 62744 MiB
2026-09-02T17:05:27Z,79.98 W, 43, 53482 MiB
2026-09-02T17:05:27Z,122.28 W, 45, 52554 MiB
2026-09-02T17:05:27Z,85.66 W, 43, 54134 MiB
2026-09-02T17:05:27Z,74.16 W, 44, 62744 MiB
2026-09-02T17:05:28Z,90.54 W, 43, 53482 MiB
2026-09-02T17:05:28Z,102.64 W, 45, 52554 MiB
2026-09-02T17:05:28Z,92.57 W, 43, 54134 MiB
2026-09-02T17:05:28Z,157.68 W, 44, 62744 MiB
2026-09-02T17:05:29Z,67.28 W, 43, 53482 MiB
2026-09-02T17:05:29Z,143.79 W, 45, 52554 MiB
2026-09-02T17:05:29Z,112.61 W, 43, 54134 MiB
2026-09-02T17:05:29Z,70.45 W, 44, 62744 MiB
2026-09-02T17:05:30Z,63.24 W, 43, 53482 MiB
2026-09-02T17:05:30Z,114.38 W, 45, 52554 MiB
2026-09-02T17:05:30Z,113.94 W, 43, 54134 MiB
2026-09-02T17:05:30Z,153.17 W, 44, 62744 MiB
2026-09-02T17:05:31Z,76.93 W, 43, 53482 MiB
2026-09-02T17:05:31Z,101.16 W, 45, 52554 MiB
2026-09-02T17:05:31Z,62.17 W, 43, 54134 MiB
2026-09-02T17:05:31Z,77.69 W, 44, 62744 MiB
2026-09-02T17:05:32Z,121.17 W, 43, 53482 MiB
2026-09-02T17:05:32Z,88.62 W, 45, 52554 MiB
2026-09-02T17:05:32Z,84.12 W, 43, 54134 MiB
2026-09-02T17:05:32Z,123.45 W, 44, 62744 MiB
2026-09-02T17:05:33Z,89.86 W, 43, 53482 MiB
2026-09-02T17:05:33Z,82.72 W, 45, 52554 MiB
2026-09-02T17:05:33Z,67.83 W, 43, 54134 MiB
2026-09-02T17:05:33Z,103.21 W, 44, 62744 MiB
2026-09-02T17:05:34Z,56.52 W, 43, 53482 MiB
2026-09-02T17:05:34Z,97.75 W, 44, 52554 MiB
2026-09-02T17:05:34Z,95.37 W, 43, 54134 MiB
2026-09-02T17:05:34Z,64.24 W, 43, 62744 MiB
2026-09-02T17:05:35Z,55.94 W, 42, 53482 MiB
2026-09-02T17:05:35Z,121.98 W, 44, 52554 MiB
2026-09-02T17:05:35Z,80.56 W, 43, 54134 MiB
2026-09-02T17:05:35Z,79.00 W, 43, 62744 MiB
2026-09-02T17:05:36Z,74.70 W, 43, 53482 MiB
2026-09-02T17:05:36Z,127.62 W, 44, 52554 MiB
2026-09-02T17:05:36Z,84.83 W, 43, 54134 MiB
2026-09-02T17:05:36Z,129.23 W, 43, 62744 MiB
2026-09-02T17:05:37Z,127.70 W, 43, 53482 MiB
2026-09-02T17:05:37Z,98.19 W, 45, 52554 MiB
2026-09-02T17:05:37Z,71.17 W, 43, 54134 MiB
2026-09-02T17:05:37Z,133.52 W, 44, 62744 MiB
2026-09-02T17:05:38Z,72.69 W, 43, 53482 MiB
2026-09-02T17:05:38Z,106.92 W, 45, 52554 MiB
2026-09-02T17:05:38Z,62.86 W, 43, 54134 MiB
2026-09-02T17:05:38Z,78.06 W, 44, 62744 MiB
2026-09-02T17:05:39Z,64.76 W, 43, 53482 MiB
2026-09-02T17:05:39Z,161.47 W, 45, 52554 MiB
2026-09-02T17:05:39Z,113.17 W, 43, 54134 MiB
2026-09-02T17:05:39Z,72.10 W, 44, 62744 MiB
2026-09-02T17:05:40Z,61.09 W, 43, 53482 MiB
2026-09-02T17:05:40Z,130.41 W, 45, 52554 MiB
2026-09-02T17:05:40Z,134.80 W, 43, 54134 MiB
2026-09-02T17:05:40Z,118.93 W, 44, 62744 MiB
2026-09-02T17:05:41Z,72.33 W, 43, 53482 MiB
2026-09-02T17:05:41Z,79.65 W, 45, 52554 MiB
2026-09-02T17:05:41Z,62.52 W, 43, 54134 MiB
2026-09-02T17:05:41Z,77.96 W, 44, 62744 MiB
2026-09-02T17:05:42Z,115.22 W, 43, 53482 MiB
2026-09-02T17:05:42Z,104.02 W, 45, 52554 MiB
2026-09-02T17:05:42Z,110.96 W, 43, 54134 MiB
2026-09-02T17:05:42Z,171.49 W, 44, 62744 MiB
2026-09-02T17:05:43Z,97.01 W, 43, 53482 MiB
2026-09-02T17:05:43Z,124.83 W, 45, 52554 MiB
2026-09-02T17:05:43Z,112.35 W, 43, 54134 MiB
2026-09-02T17:05:43Z,151.43 W, 44, 62744 MiB
2026-09-02T17:05:44Z,79.81 W, 43, 53482 MiB
2026-09-02T17:05:44Z,78.83 W, 45, 52554 MiB
2026-09-02T17:05:44Z,64.21 W, 43, 54134 MiB
2026-09-02T17:05:44Z,80.13 W, 44, 62744 MiB
2026-09-02T17:05:45Z,61.76 W, 43, 53482 MiB
2026-09-02T17:05:45Z,128.39 W, 45, 52554 MiB
2026-09-02T17:05:45Z,135.58 W, 43, 54134 MiB
2026-09-02T17:05:45Z,135.58 W, 44, 62744 MiB
2026-09-02T17:05:46Z,82.59 W, 43, 53482 MiB
2026-09-02T17:05:46Z,78.21 W, 45, 52554 MiB
2026-09-02T17:05:46Z,65.67 W, 43, 54134 MiB
2026-09-02T17:05:46Z,79.53 W, 44, 62744 MiB
2026-09-02T17:05:47Z,64.59 W, 43, 53482 MiB
2026-09-02T17:05:47Z,110.15 W, 45, 52554 MiB
2026-09-02T17:05:47Z,109.92 W, 43, 54134 MiB
2026-09-02T17:05:47Z,154.66 W, 44, 62744 MiB
2026-09-02T17:05:48Z,65.29 W, 43, 53482 MiB
2026-09-02T17:05:48Z,130.99 W, 45, 52554 MiB
2026-09-02T17:05:48Z,105.12 W, 43, 54134 MiB
2026-09-02T17:05:48Z,119.81 W, 44, 62744 MiB
2026-09-02T17:05:49Z,63.23 W, 43, 53482 MiB
2026-09-02T17:05:49Z,112.30 W, 45, 52554 MiB
2026-09-02T17:05:49Z,138.47 W, 43, 54134 MiB
2026-09-02T17:05:49Z,135.02 W, 44, 62744 MiB
2026-09-02T17:05:50Z,98.88 W, 43, 53482 MiB
2026-09-02T17:05:50Z,78.06 W, 45, 52554 MiB
2026-09-02T17:05:50Z,64.34 W, 43, 54134 MiB
2026-09-02T17:05:50Z,80.93 W, 44, 62744 MiB
2026-09-02T17:05:51Z,71.44 W, 43, 53482 MiB
2026-09-02T17:05:51Z,119.21 W, 45, 52554 MiB
2026-09-02T17:05:51Z,114.70 W, 43, 54134 MiB
2026-09-02T17:05:51Z,148.29 W, 44, 62744 MiB
2026-09-02T17:05:52Z,63.99 W, 43, 53482 MiB
2026-09-02T17:05:52Z,102.16 W, 45, 52554 MiB
2026-09-02T17:05:52Z,97.83 W, 43, 54134 MiB
2026-09-02T17:05:52Z,160.72 W, 45, 62744 MiB
2026-09-02T17:05:53Z,128.87 W, 43, 53482 MiB
2026-09-02T17:05:53Z,82.23 W, 45, 52554 MiB
2026-09-02T17:05:53Z,68.65 W, 43, 54134 MiB
2026-09-02T17:05:53Z,87.41 W, 44, 62744 MiB
2026-09-02T17:05:54Z,62.43 W, 43, 53482 MiB
2026-09-02T17:05:54Z,99.12 W, 45, 52554 MiB
2026-09-02T17:05:54Z,97.87 W, 43, 54134 MiB
2026-09-02T17:05:54Z,165.99 W, 44, 62744 MiB
2026-09-02T17:05:55Z,62.53 W, 43, 53482 MiB
2026-09-02T17:05:55Z,105.99 W, 45, 52554 MiB
2026-09-02T17:05:55Z,109.00 W, 43, 54134 MiB
2026-09-02T17:05:55Z,92.15 W, 44, 62744 MiB
2026-09-02T17:05:56Z,107.82 W, 43, 53482 MiB
2026-09-02T17:05:56Z,83.51 W, 45, 52554 MiB
2026-09-02T17:05:56Z,68.41 W, 43, 54134 MiB
2026-09-02T17:05:56Z,102.87 W, 44, 62744 MiB
2026-09-02T17:05:57Z,74.61 W, 43, 53482 MiB
2026-09-02T17:05:57Z,116.51 W, 45, 52554 MiB
2026-09-02T17:05:57Z,79.11 W, 43, 54134 MiB
2026-09-02T17:05:57Z,160.28 W, 44, 62744 MiB
2026-09-02T17:05:58Z,65.57 W, 43, 53482 MiB
2026-09-02T17:05:58Z,138.51 W, 45, 52554 MiB
2026-09-02T17:05:58Z,124.82 W, 44, 54134 MiB
2026-09-02T17:05:58Z,97.44 W, 44, 62744 MiB
2026-09-02T17:05:59Z,97.00 W, 44, 53482 MiB
2026-09-02T17:05:59Z,83.73 W, 45, 52554 MiB
2026-09-02T17:05:59Z,65.23 W, 43, 54134 MiB
2026-09-02T17:05:59Z,97.51 W, 44, 62744 MiB
2026-09-02T17:06:00Z,65.71 W, 43, 53482 MiB
2026-09-02T17:06:00Z,135.21 W, 45, 52554 MiB
2026-09-02T17:06:00Z,123.50 W, 44, 54134 MiB
2026-09-02T17:06:00Z,103.76 W, 44, 62744 MiB
2026-09-02T17:06:01Z,66.65 W, 43, 53482 MiB
2026-09-02T17:06:01Z,133.02 W, 45, 52554 MiB
2026-09-02T17:06:01Z,61.66 W, 43, 54134 MiB
2026-09-02T17:06:01Z,73.08 W, 45, 62744 MiB
2026-09-02T17:06:02Z,98.71 W, 43, 53482 MiB
2026-09-02T17:06:02Z,81.60 W, 45, 52554 MiB
2026-09-02T17:06:02Z,75.48 W, 43, 54134 MiB
2026-09-02T17:06:02Z,96.70 W, 44, 62744 MiB
2026-09-02T17:06:03Z,72.47 W, 43, 53482 MiB
2026-09-02T17:06:03Z,92.92 W, 45, 52554 MiB
2026-09-02T17:06:03Z,64.85 W, 43, 54134 MiB
2026-09-02T17:06:03Z,79.04 W, 44, 62744 MiB
2026-09-02T17:06:04Z,96.87 W, 44, 53482 MiB
2026-09-02T17:06:04Z,84.18 W, 45, 52554 MiB
2026-09-02T17:06:04Z,73.43 W, 44, 54134 MiB
2026-09-02T17:06:04Z,89.57 W, 44, 62744 MiB
2026-09-02T17:06:05Z,94.80 W, 43, 53482 MiB
2026-09-02T17:06:05Z,80.00 W, 45, 52554 MiB
2026-09-02T17:06:05Z,66.41 W, 43, 54134 MiB
2026-09-02T17:06:05Z,85.99 W, 45, 62744 MiB
2026-09-02T17:06:06Z,90.70 W, 43, 53482 MiB
2026-09-02T17:06:06Z,105.06 W, 45, 52554 MiB
2026-09-02T17:06:06Z,116.23 W, 43, 54134 MiB
2026-09-02T17:06:06Z,173.21 W, 45, 62744 MiB
2026-09-02T17:06:07Z,113.77 W, 44, 53482 MiB
2026-09-02T17:06:07Z,86.03 W, 45, 52554 MiB
2026-09-02T17:06:07Z,75.60 W, 43, 54134 MiB
2026-09-02T17:06:07Z,99.87 W, 45, 62744 MiB
2026-09-02T17:06:08Z,73.22 W, 44, 53482 MiB
2026-09-02T17:06:08Z,143.18 W, 45, 52554 MiB
2026-09-02T17:06:08Z,63.19 W, 43, 54134 MiB
2026-09-02T17:06:08Z,75.25 W, 45, 62744 MiB
2026-09-02T17:06:09Z,65.43 W, 44, 53482 MiB
2026-09-02T17:06:09Z,126.15 W, 45, 52554 MiB
2026-09-02T17:06:09Z,85.91 W, 44, 54134 MiB
2026-09-02T17:06:09Z,92.53 W, 45, 62744 MiB
2026-09-02T17:06:10Z,85.00 W, 44, 53482 MiB
2026-09-02T17:06:10Z,81.31 W, 45, 52554 MiB
2026-09-02T17:06:10Z,68.85 W, 43, 54134 MiB
2026-09-02T17:06:10Z,88.75 W, 45, 62744 MiB
2026-09-02T17:06:11Z,53.04 W, 42, 53482 MiB
2026-09-02T17:06:11Z,68.96 W, 44, 52554 MiB
2026-09-02T17:06:11Z,53.40 W, 42, 54134 MiB
2026-09-02T17:06:11Z,60.93 W, 43, 62744 MiB
2026-09-02T17:06:12Z,183.04 W, 48, 53482 MiB
2026-09-02T17:06:12Z,174.49 W, 48, 52554 MiB
2026-09-02T17:06:12Z,58.65 W, 42, 54134 MiB
2026-09-02T17:06:12Z,66.76 W, 43, 62744 MiB
2026-09-02T17:06:13Z,180.66 W, 49, 53482 MiB
2026-09-02T17:06:13Z,126.80 W, 50, 52554 MiB
2026-09-02T17:06:13Z,183.46 W, 48, 54134 MiB
2026-09-02T17:06:13Z,169.64 W, 48, 62744 MiB
2026-09-02T17:06:14Z,58.99 W, 44, 53482 MiB
2026-09-02T17:06:14Z,65.25 W, 49, 52554 MiB
2026-09-02T17:06:14Z,197.99 W, 49, 54134 MiB
2026-09-02T17:06:14Z,61.62 W, 48, 62744 MiB
2026-09-02T17:06:15Z,118.51 W, 44, 53482 MiB
2026-09-02T17:06:15Z,144.38 W, 46, 52554 MiB
2026-09-02T17:06:15Z,63.53 W, 45, 54134 MiB
2026-09-02T17:06:15Z,86.87 W, 46, 62744 MiB
2026-09-02T17:06:16Z,69.26 W, 44, 53482 MiB
2026-09-02T17:06:16Z,86.84 W, 46, 52554 MiB
2026-09-02T17:06:16Z,109.47 W, 44, 54134 MiB
2026-09-02T17:06:16Z,150.93 W, 45, 62744 MiB
2026-09-02T17:06:17Z,73.69 W, 44, 53482 MiB
2026-09-02T17:06:17Z,87.16 W, 45, 52554 MiB
2026-09-02T17:06:17Z,73.80 W, 44, 54134 MiB
2026-09-02T17:06:17Z,136.86 W, 45, 62744 MiB
2026-09-02T17:06:18Z,99.46 W, 44, 53482 MiB
2026-09-02T17:06:18Z,112.77 W, 45, 52554 MiB
2026-09-02T17:06:18Z,67.29 W, 44, 54134 MiB
2026-09-02T17:06:18Z,80.27 W, 45, 62744 MiB
2026-09-02T17:06:19Z,72.60 W, 44, 53482 MiB
2026-09-02T17:06:19Z,92.16 W, 45, 52554 MiB
2026-09-02T17:06:19Z,84.69 W, 44, 54134 MiB
2026-09-02T17:06:19Z,101.64 W, 45, 62744 MiB
2026-09-02T17:06:20Z,78.95 W, 44, 53482 MiB
2026-09-02T17:06:20Z,103.78 W, 46, 52554 MiB
2026-09-02T17:06:20Z,64.39 W, 44, 54134 MiB
2026-09-02T17:06:20Z,75.60 W, 45, 62744 MiB
2026-09-02T17:06:21Z,71.50 W, 44, 53482 MiB
2026-09-02T17:06:21Z,100.20 W, 45, 52554 MiB
2026-09-02T17:06:21Z,103.37 W, 44, 54134 MiB
2026-09-02T17:06:21Z,128.56 W, 45, 62744 MiB
2026-09-02T17:06:22Z,127.44 W, 44, 53482 MiB
2026-09-02T17:06:22Z,75.90 W, 45, 52554 MiB
2026-09-02T17:06:22Z,78.03 W, 44, 54134 MiB
2026-09-02T17:06:22Z,102.25 W, 45, 62744 MiB
2026-09-02T17:06:23Z,107.41 W, 44, 53482 MiB
2026-09-02T17:06:23Z,150.88 W, 46, 52554 MiB
2026-09-02T17:06:23Z,69.75 W, 44, 54134 MiB
2026-09-02T17:06:23Z,83.83 W, 45, 62744 MiB
2026-09-02T17:06:24Z,71.60 W, 44, 53482 MiB
2026-09-02T17:06:24Z,78.60 W, 45, 52554 MiB
2026-09-02T17:06:24Z,102.01 W, 44, 54134 MiB
2026-09-02T17:06:24Z,128.46 W, 45, 62744 MiB
2026-09-02T17:06:25Z,68.92 W, 44, 53482 MiB
2026-09-02T17:06:25Z,90.05 W, 46, 52554 MiB
2026-09-02T17:06:25Z,118.42 W, 44, 54134 MiB
2026-09-02T17:06:25Z,141.42 W, 45, 62744 MiB
2026-09-02T17:06:26Z,93.94 W, 44, 53482 MiB
2026-09-02T17:06:26Z,134.91 W, 46, 52554 MiB
2026-09-02T17:06:26Z,67.45 W, 44, 54134 MiB
2026-09-02T17:06:26Z,80.40 W, 45, 62744 MiB
2026-09-02T17:06:27Z,102.75 W, 44, 53482 MiB
2026-09-02T17:06:27Z,166.83 W, 45, 52554 MiB
2026-09-02T17:06:27Z,68.76 W, 44, 54134 MiB
2026-09-02T17:06:27Z,80.05 W, 45, 62744 MiB
2026-09-02T17:06:28Z,65.99 W, 44, 53482 MiB
2026-09-02T17:06:28Z,86.42 W, 45, 52554 MiB
2026-09-02T17:06:28Z,146.84 W, 44, 54134 MiB
2026-09-02T17:06:28Z,168.52 W, 45, 62744 MiB
2026-09-02T17:06:29Z,77.49 W, 44, 53482 MiB
2026-09-02T17:06:29Z,102.67 W, 46, 52554 MiB
2026-09-02T17:06:29Z,63.72 W, 44, 54134 MiB
2026-09-02T17:06:29Z,74.47 W, 45, 62744 MiB
2026-09-02T17:06:30Z,117.57 W, 44, 53482 MiB
2026-09-02T17:06:30Z,83.63 W, 46, 52554 MiB
2026-09-02T17:06:30Z,73.31 W, 44, 54134 MiB
2026-09-02T17:06:30Z,85.42 W, 45, 62744 MiB
2026-09-02T17:06:31Z,75.19 W, 44, 53482 MiB
2026-09-02T17:06:31Z,98.92 W, 46, 52554 MiB
2026-09-02T17:06:31Z,63.88 W, 44, 54134 MiB
2026-09-02T17:06:31Z,84.82 W, 45, 62744 MiB
2026-09-02T17:06:32Z,72.78 W, 45, 53482 MiB
2026-09-02T17:06:32Z,102.28 W, 46, 52554 MiB
2026-09-02T17:06:32Z,102.15 W, 44, 54134 MiB
2026-09-02T17:06:32Z,121.34 W, 45, 62744 MiB
2026-09-02T17:06:33Z,105.40 W, 44, 53482 MiB
2026-09-02T17:06:33Z,140.45 W, 46, 52554 MiB
2026-09-02T17:06:33Z,63.28 W, 44, 54134 MiB
2026-09-02T17:06:33Z,75.11 W, 45, 62744 MiB
2026-09-02T17:06:34Z,93.92 W, 44, 53482 MiB
2026-09-02T17:06:34Z,77.96 W, 46, 52554 MiB
2026-09-02T17:06:34Z,83.39 W, 44, 54134 MiB
2026-09-02T17:06:34Z,112.94 W, 45, 62744 MiB
2026-09-02T17:06:35Z,62.83 W, 44, 53482 MiB
2026-09-02T17:06:35Z,79.64 W, 46, 52554 MiB
2026-09-02T17:06:35Z,105.07 W, 44, 54134 MiB
2026-09-02T17:06:35Z,138.56 W, 45, 62744 MiB
2026-09-02T17:06:36Z,96.19 W, 44, 53482 MiB
2026-09-02T17:06:36Z,100.76 W, 45, 52554 MiB
2026-09-02T17:06:36Z,70.49 W, 44, 54134 MiB
2026-09-02T17:06:36Z,111.03 W, 45, 62744 MiB
2026-09-02T17:06:37Z,80.98 W, 44, 53482 MiB
2026-09-02T17:06:37Z,69.15 W, 44, 52554 MiB
2026-09-02T17:06:37Z,54.85 W, 44, 54134 MiB
2026-09-02T17:06:37Z,74.43 W, 45, 62744 MiB
2026-09-02T17:06:38Z,57.01 W, 45, 53484 MiB
2026-09-02T17:06:38Z,179.08 W, 48, 52554 MiB
2026-09-02T17:06:38Z,59.19 W, 43, 54134 MiB
2026-09-02T17:06:38Z,61.95 W, 43, 62744 MiB
2026-09-02T17:06:39Z,133.82 W, 44, 53484 MiB
2026-09-02T17:06:39Z,134.73 W, 45, 52554 MiB
2026-09-02T17:06:39Z,67.65 W, 44, 54134 MiB
2026-09-02T17:06:39Z,79.67 W, 45, 62744 MiB
2026-09-02T17:06:40Z,59.96 W, 43, 53484 MiB
2026-09-02T17:06:40Z,69.12 W, 44, 52554 MiB
2026-09-02T17:06:40Z,103.57 W, 43, 54134 MiB
2026-09-02T17:06:40Z,100.12 W, 44, 62744 MiB
2026-09-02T17:06:41Z,125.18 W, 44, 53484 MiB
2026-09-02T17:06:41Z,141.13 W, 45, 52554 MiB
2026-09-02T17:06:41Z,77.61 W, 44, 54134 MiB
2026-09-02T17:06:41Z,83.06 W, 45, 62744 MiB
2026-09-02T17:06:42Z,125.27 W, 44, 53484 MiB
2026-09-02T17:06:42Z,110.45 W, 45, 52554 MiB
2026-09-02T17:06:42Z,77.09 W, 44, 54134 MiB
2026-09-02T17:06:42Z,81.46 W, 45, 62744 MiB
2026-09-02T17:06:43Z,126.97 W, 44, 53484 MiB
2026-09-02T17:06:43Z,129.13 W, 45, 52554 MiB
2026-09-02T17:06:43Z,83.71 W, 44, 54134 MiB
2026-09-02T17:06:43Z,89.31 W, 45, 62744 MiB
2026-09-02T17:06:44Z,102.64 W, 44, 53484 MiB
2026-09-02T17:06:44Z,78.69 W, 46, 52554 MiB
2026-09-02T17:06:44Z,101.28 W, 44, 54134 MiB
2026-09-02T17:06:44Z,98.86 W, 45, 62744 MiB
2026-09-02T17:06:45Z,88.11 W, 44, 53484 MiB
2026-09-02T17:06:45Z,112.36 W, 46, 52554 MiB
2026-09-02T17:06:45Z,65.61 W, 44, 54134 MiB
2026-09-02T17:06:45Z,74.01 W, 45, 62744 MiB
2026-09-02T17:06:46Z,71.19 W, 44, 53484 MiB
2026-09-02T17:06:46Z,89.89 W, 45, 52554 MiB
2026-09-02T17:06:46Z,63.85 W, 44, 54134 MiB
2026-09-02T17:06:46Z,127.41 W, 45, 62744 MiB
2026-09-02T17:06:47Z,82.20 W, 44, 53484 MiB
2026-09-02T17:06:47Z,119.17 W, 46, 52554 MiB
2026-09-02T17:06:47Z,65.82 W, 44, 54134 MiB
2026-09-02T17:06:47Z,73.41 W, 45, 62744 MiB
2026-09-02T17:06:48Z,112.93 W, 44, 53484 MiB
2026-09-02T17:06:48Z,86.68 W, 46, 52554 MiB
2026-09-02T17:06:48Z,100.39 W, 44, 54134 MiB
2026-09-02T17:06:48Z,97.16 W, 45, 62744 MiB
2026-09-02T17:06:49Z,67.67 W, 44, 53484 MiB
2026-09-02T17:06:49Z,82.03 W, 45, 52554 MiB
2026-09-02T17:06:49Z,80.92 W, 44, 54134 MiB
2026-09-02T17:06:49Z,162.31 W, 45, 62744 MiB
2026-09-02T17:06:50Z,64.46 W, 44, 53484 MiB
2026-09-02T17:06:50Z,80.17 W, 45, 52554 MiB
2026-09-02T17:06:50Z,120.19 W, 44, 54134 MiB
2026-09-02T17:06:50Z,137.23 W, 45, 62744 MiB
2026-09-02T17:06:51Z,65.50 W, 44, 53484 MiB
2026-09-02T17:06:51Z,82.21 W, 45, 52554 MiB
2026-09-02T17:06:51Z,117.56 W, 44, 54134 MiB
2026-09-02T17:06:51Z,158.98 W, 45, 62744 MiB
2026-09-02T17:06:52Z,64.17 W, 44, 53484 MiB
2026-09-02T17:06:52Z,80.17 W, 45, 52554 MiB
2026-09-02T17:06:52Z,117.20 W, 44, 54134 MiB
2026-09-02T17:06:52Z,133.54 W, 45, 62744 MiB
2026-09-02T17:06:53Z,85.23 W, 44, 53484 MiB
2026-09-02T17:06:53Z,102.34 W, 45, 52554 MiB
2026-09-02T17:06:53Z,63.84 W, 44, 54134 MiB
2026-09-02T17:06:53Z,156.73 W, 45, 62744 MiB
2026-09-02T17:06:54Z,87.63 W, 44, 53484 MiB
2026-09-02T17:06:54Z,106.86 W, 46, 52554 MiB
2026-09-02T17:06:54Z,62.87 W, 44, 54134 MiB
2026-09-02T17:06:54Z,84.10 W, 45, 62744 MiB
2026-09-02T17:06:55Z,103.42 W, 44, 53484 MiB
2026-09-02T17:06:55Z,122.02 W, 45, 52554 MiB
2026-09-02T17:06:55Z,65.41 W, 44, 54134 MiB
2026-09-02T17:06:55Z,75.26 W, 45, 62744 MiB
2026-09-02T17:06:56Z,100.24 W, 44, 53484 MiB
2026-09-02T17:06:56Z,135.93 W, 46, 52554 MiB
2026-09-02T17:06:56Z,73.43 W, 44, 54134 MiB
2026-09-02T17:06:56Z,74.26 W, 45, 62744 MiB
2026-09-02T17:06:57Z,74.80 W, 44, 53484 MiB
2026-09-02T17:06:57Z,88.60 W, 46, 52554 MiB
2026-09-02T17:06:57Z,132.25 W, 44, 54134 MiB
2026-09-02T17:06:57Z,143.76 W, 45, 62744 MiB
2026-09-02T17:06:58Z,65.97 W, 44, 53484 MiB
2026-09-02T17:06:58Z,79.35 W, 46, 52554 MiB
2026-09-02T17:06:58Z,103.03 W, 44, 54134 MiB
2026-09-02T17:06:58Z,133.04 W, 45, 62744 MiB
2026-09-02T17:06:59Z,86.51 W, 44, 53484 MiB
2026-09-02T17:06:59Z,103.50 W, 46, 52554 MiB
2026-09-02T17:06:59Z,76.49 W, 44, 54134 MiB
2026-09-02T17:06:59Z,95.10 W, 45, 62744 MiB
2026-09-02T17:07:00Z,100.23 W, 44, 53484 MiB
2026-09-02T17:07:00Z,112.35 W, 45, 52554 MiB
2026-09-02T17:07:00Z,64.43 W, 44, 54134 MiB
2026-09-02T17:07:00Z,74.86 W, 46, 62744 MiB
2026-09-02T17:07:01Z,115.20 W, 45, 53484 MiB
2026-09-02T17:07:01Z,142.28 W, 46, 52554 MiB
2026-09-02T17:07:01Z,85.21 W, 45, 54134 MiB
2026-09-02T17:07:01Z,89.06 W, 45, 62744 MiB
2026-09-02T17:07:02Z,123.62 W, 44, 53484 MiB
2026-09-02T17:07:02Z,134.30 W, 45, 52554 MiB
2026-09-02T17:07:02Z,74.42 W, 44, 54134 MiB
2026-09-02T17:07:02Z,80.17 W, 45, 62744 MiB
2026-09-02T17:07:03Z,101.25 W, 44, 53484 MiB
2026-09-02T17:07:03Z,97.75 W, 45, 52554 MiB
2026-09-02T17:07:03Z,90.82 W, 45, 54134 MiB
2026-09-02T17:07:03Z,90.28 W, 45, 62744 MiB
2026-09-02T17:07:04Z,82.15 W, 45, 53484 MiB
2026-09-02T17:07:04Z,96.92 W, 46, 52554 MiB
2026-09-02T17:07:04Z,61.01 W, 44, 54134 MiB
2026-09-02T17:07:04Z,132.06 W, 45, 62744 MiB
2026-09-02T17:07:05Z,62.35 W, 44, 53484 MiB
2026-09-02T17:07:05Z,95.82 W, 46, 52554 MiB
2026-09-02T17:07:05Z,96.06 W, 45, 54134 MiB
2026-09-02T17:07:05Z,99.78 W, 45, 62744 MiB
2026-09-02T17:07:06Z,136.08 W, 44, 53484 MiB
2026-09-02T17:07:06Z,118.59 W, 46, 52554 MiB
2026-09-02T17:07:06Z,71.54 W, 44, 54134 MiB
2026-09-02T17:07:06Z,77.36 W, 45, 62744 MiB
2026-09-02T17:07:07Z,96.65 W, 44, 53484 MiB
2026-09-02T17:07:07Z,118.11 W, 45, 52554 MiB
2026-09-02T17:07:07Z,65.99 W, 44, 54134 MiB
2026-09-02T17:07:07Z,74.40 W, 45, 62744 MiB
2026-09-02T17:07:08Z,123.79 W, 44, 53484 MiB
2026-09-02T17:07:08Z,136.60 W, 46, 52554 MiB
2026-09-02T17:07:08Z,67.02 W, 44, 54134 MiB
2026-09-02T17:07:08Z,75.45 W, 45, 62744 MiB
2026-09-02T17:07:09Z,84.08 W, 44, 53484 MiB
2026-09-02T17:07:09Z,96.82 W, 45, 52554 MiB
2026-09-02T17:07:09Z,62.71 W, 44, 54134 MiB
2026-09-02T17:07:09Z,142.23 W, 45, 62744 MiB
2026-09-02T17:07:10Z,63.03 W, 46, 53484 MiB
2026-09-02T17:07:10Z,211.81 W, 47, 52554 MiB
2026-09-02T17:07:10Z,59.63 W, 43, 54134 MiB
2026-09-02T17:07:10Z,67.58 W, 44, 62744 MiB
2026-09-02T17:07:11Z,58.60 W, 44, 53484 MiB
2026-09-02T17:07:11Z,73.23 W, 44, 52554 MiB
2026-09-02T17:07:11Z,58.59 W, 45, 54134 MiB
2026-09-02T17:07:11Z,171.02 W, 48, 62744 MiB
2026-09-02T17:07:12Z,64.11 W, 44, 53484 MiB
2026-09-02T17:07:12Z,76.96 W, 45, 52554 MiB
2026-09-02T17:07:12Z,105.80 W, 44, 54134 MiB
2026-09-02T17:07:12Z,115.43 W, 45, 62744 MiB
2026-09-02T17:07:13Z,109.18 W, 44, 53484 MiB
2026-09-02T17:07:13Z,120.23 W, 45, 52554 MiB
2026-09-02T17:07:13Z,80.95 W, 44, 54134 MiB
2026-09-02T17:07:13Z,93.78 W, 45, 62744 MiB
2026-09-02T17:07:14Z,128.61 W, 44, 53484 MiB
2026-09-02T17:07:14Z,130.72 W, 45, 52554 MiB
2026-09-02T17:07:14Z,66.88 W, 44, 54134 MiB
2026-09-02T17:07:14Z,75.96 W, 45, 62744 MiB
2026-09-02T17:07:15Z,100.50 W, 44, 53484 MiB
2026-09-02T17:07:15Z,144.02 W, 45, 52554 MiB
2026-09-02T17:07:15Z,76.71 W, 44, 54134 MiB
2026-09-02T17:07:15Z,84.86 W, 45, 62744 MiB
2026-09-02T17:07:16Z,88.94 W, 44, 53484 MiB
2026-09-02T17:07:16Z,100.09 W, 45, 52554 MiB
2026-09-02T17:07:16Z,63.44 W, 45, 54134 MiB
2026-09-02T17:07:16Z,74.40 W, 45, 62744 MiB
2026-09-02T17:07:17Z,64.53 W, 45, 53484 MiB
2026-09-02T17:07:17Z,76.56 W, 46, 52554 MiB
2026-09-02T17:07:17Z,90.93 W, 44, 54134 MiB
2026-09-02T17:07:17Z,125.00 W, 45, 62744 MiB
2026-09-02T17:07:18Z,62.10 W, 44, 53484 MiB
2026-09-02T17:07:18Z,101.40 W, 45, 52554 MiB
2026-09-02T17:07:18Z,90.37 W, 44, 54134 MiB
2026-09-02T17:07:18Z,108.41 W, 46, 62744 MiB
2026-09-02T17:07:19Z,107.77 W, 44, 53484 MiB
2026-09-02T17:07:19Z,109.61 W, 45, 52554 MiB
2026-09-02T17:07:19Z,64.52 W, 44, 54134 MiB
2026-09-02T17:07:19Z,78.90 W, 46, 62744 MiB
2026-09-02T17:07:20Z,74.31 W, 44, 53484 MiB
2026-09-02T17:07:20Z,81.49 W, 45, 52554 MiB
2026-09-02T17:07:20Z,107.04 W, 44, 54134 MiB
2026-09-02T17:07:20Z,133.57 W, 46, 62744 MiB
2026-09-02T17:07:21Z,77.08 W, 44, 53484 MiB
2026-09-02T17:07:21Z,88.17 W, 45, 52554 MiB
2026-09-02T17:07:21Z,116.37 W, 44, 54134 MiB
2026-09-02T17:07:21Z,130.74 W, 45, 62744 MiB
2026-09-02T17:07:22Z,65.73 W, 44, 53484 MiB
2026-09-02T17:07:22Z,85.69 W, 45, 52554 MiB
2026-09-02T17:07:22Z,113.49 W, 44, 54134 MiB
2026-09-02T17:07:22Z,116.39 W, 45, 62744 MiB
2026-09-02T17:07:23Z,71.26 W, 45, 53484 MiB
2026-09-02T17:07:23Z,83.63 W, 46, 52554 MiB
2026-09-02T17:07:23Z,109.40 W, 44, 54134 MiB
2026-09-02T17:07:23Z,171.03 W, 45, 62744 MiB
2026-09-02T17:07:24Z,92.29 W, 45, 53484 MiB
2026-09-02T17:07:24Z,88.67 W, 45, 52554 MiB
2026-09-02T17:07:24Z,64.81 W, 44, 54134 MiB
2026-09-02T17:07:24Z,74.70 W, 46, 62744 MiB
2026-09-02T17:07:25Z,72.43 W, 45, 53484 MiB
2026-09-02T17:07:25Z,85.89 W, 46, 52554 MiB
2026-09-02T17:07:25Z,109.16 W, 45, 54134 MiB
2026-09-02T17:07:25Z,146.24 W, 45, 62744 MiB
2026-09-02T17:07:26Z,105.24 W, 44, 53484 MiB
2026-09-02T17:07:26Z,107.21 W, 45, 52554 MiB
2026-09-02T17:07:26Z,65.24 W, 45, 54134 MiB
2026-09-02T17:07:26Z,75.25 W, 46, 62744 MiB
2026-09-02T17:07:27Z,78.18 W, 45, 53484 MiB
2026-09-02T17:07:27Z,87.55 W, 46, 52554 MiB
2026-09-02T17:07:27Z,73.06 W, 45, 54134 MiB
2026-09-02T17:07:27Z,130.26 W, 45, 62744 MiB
2026-09-02T17:07:28Z,98.73 W, 44, 53484 MiB
2026-09-02T17:07:28Z,110.11 W, 45, 52554 MiB
2026-09-02T17:07:28Z,65.61 W, 44, 54134 MiB
2026-09-02T17:07:28Z,74.77 W, 46, 62744 MiB
2026-09-02T17:07:29Z,119.53 W, 45, 53484 MiB
2026-09-02T17:07:29Z,127.94 W, 46, 52554 MiB
2026-09-02T17:07:29Z,72.61 W, 44, 54134 MiB
2026-09-02T17:07:29Z,81.58 W, 45, 62744 MiB
2026-09-02T17:07:30Z,110.28 W, 45, 53484 MiB
2026-09-02T17:07:30Z,112.06 W, 45, 52554 MiB
2026-09-02T17:07:30Z,65.73 W, 44, 54134 MiB
2026-09-02T17:07:30Z,75.18 W, 46, 62744 MiB
2026-09-02T17:07:31Z,141.91 W, 45, 53484 MiB
2026-09-02T17:07:31Z,148.74 W, 46, 52554 MiB
2026-09-02T17:07:31Z,76.82 W, 45, 54134 MiB
2026-09-02T17:07:31Z,83.24 W, 45, 62744 MiB
2026-09-02T17:07:32Z,72.13 W, 44, 53484 MiB
2026-09-02T17:07:32Z,133.74 W, 45, 52554 MiB
2026-09-02T17:07:32Z,96.29 W, 44, 54134 MiB
2026-09-02T17:07:32Z,102.23 W, 46, 62744 MiB
2026-09-02T17:07:33Z,114.64 W, 45, 53484 MiB
2026-09-02T17:07:33Z,120.06 W, 46, 52554 MiB
2026-09-02T17:07:33Z,70.39 W, 45, 54134 MiB
2026-09-02T17:07:33Z,79.82 W, 45, 62744 MiB
2026-09-02T17:07:34Z,76.25 W, 45, 53484 MiB
2026-09-02T17:07:34Z,91.80 W, 46, 52554 MiB
2026-09-02T17:07:34Z,62.86 W, 44, 54134 MiB
2026-09-02T17:07:34Z,125.62 W, 45, 62744 MiB
2026-09-02T17:07:35Z,193.96 W, 47, 53484 MiB
2026-09-02T17:07:35Z,72.69 W, 47, 52554 MiB
2026-09-02T17:07:35Z,59.80 W, 43, 54134 MiB
2026-09-02T17:07:35Z,67.87 W, 44, 62744 MiB
2026-09-02T17:07:36Z,58.80 W, 44, 53484 MiB
2026-09-02T17:07:36Z,72.49 W, 44, 52554 MiB
2026-09-02T17:07:36Z,59.86 W, 44, 54134 MiB
2026-09-02T17:07:36Z,180.28 W, 48, 62744 MiB
2026-09-02T17:07:37Z,58.64 W, 43, 53484 MiB
2026-09-02T17:07:37Z,72.93 W, 44, 52554 MiB
2026-09-02T17:07:37Z,59.36 W, 43, 54134 MiB
2026-09-02T17:07:37Z,62.38 W, 44, 62744 MiB
2026-09-02T17:07:38Z,58.52 W, 43, 53484 MiB
2026-09-02T17:07:38Z,72.06 W, 43, 52554 MiB
2026-09-02T17:07:38Z,59.27 W, 43, 54134 MiB
2026-09-02T17:07:38Z,62.28 W, 43, 62744 MiB
2026-09-02T17:07:39Z,58.45 W, 43, 53484 MiB
2026-09-02T17:07:39Z,72.09 W, 43, 52554 MiB
2026-09-02T17:07:39Z,59.18 W, 43, 54134 MiB
2026-09-02T17:07:39Z,42.04 W, 42, 62744 MiB
2026-09-02T17:07:40Z,58.44 W, 43, 53484 MiB
2026-09-02T17:07:40Z,72.78 W, 43, 52554 MiB
2026-09-02T17:07:40Z,59.18 W, 43, 54134 MiB
2026-09-02T17:07:40Z,41.95 W, 42, 62744 MiB
2026-09-02T17:07:41Z,58.43 W, 43, 53484 MiB
2026-09-02T17:07:41Z,72.57 W, 43, 52554 MiB
2026-09-02T17:07:41Z,59.18 W, 43, 54134 MiB
2026-09-02T17:07:41Z,41.86 W, 41, 62744 MiB
2026-09-02T17:07:42Z,58.45 W, 43, 53484 MiB
2026-09-02T17:07:42Z,72.57 W, 43, 52554 MiB
2026-09-02T17:07:42Z,59.18 W, 43, 54134 MiB
2026-09-02T17:07:42Z,41.75 W, 41, 62744 MiB
2026-09-02T17:07:43Z,58.25 W, 43, 53484 MiB
2026-09-02T17:07:43Z,72.56 W, 43, 52554 MiB
2026-09-02T17:07:43Z,59.08 W, 42, 54134 MiB
2026-09-02T17:07:43Z,41.55 W, 41, 62744 MiB
2026-09-02T17:07:44Z,58.26 W, 43, 53484 MiB
2026-09-02T17:07:44Z,72.39 W, 43, 52554 MiB
2026-09-02T17:07:44Z,59.02 W, 42, 54134 MiB
2026-09-02T17:07:44Z,41.66 W, 41, 62744 MiB
2026-09-02T17:07:45Z,57.69 W, 42, 53484 MiB
2026-09-02T17:07:45Z,72.40 W, 43, 52554 MiB
2026-09-02T17:07:45Z,59.10 W, 42, 54134 MiB
2026-09-02T17:07:45Z,41.56 W, 41, 62744 MiB
2026-09-02T17:07:46Z,56.89 W, 42, 53484 MiB
2026-09-02T17:07:46Z,71.50 W, 43, 52554 MiB
2026-09-02T17:07:46Z,58.99 W, 42, 54134 MiB
2026-09-02T17:07:46Z,41.46 W, 41, 62744 MiB
2026-09-02T17:07:47Z,57.50 W, 42, 53484 MiB
2026-09-02T17:07:47Z,72.24 W, 43, 52554 MiB
2026-09-02T17:07:47Z,59.02 W, 42, 54134 MiB
2026-09-02T17:07:47Z,41.47 W, 40, 62744 MiB
2026-09-02T17:07:48Z,57.56 W, 42, 53484 MiB
2026-09-02T17:07:48Z,74.23 W, 43, 52554 MiB
2026-09-02T17:07:48Z,59.00 W, 42, 54134 MiB
2026-09-02T17:07:48Z,41.35 W, 40, 62744 MiB
2026-09-02T17:07:49Z,57.57 W, 42, 53484 MiB
2026-09-02T17:07:49Z,74.21 W, 43, 52554 MiB
2026-09-02T17:07:49Z,58.81 W, 42, 54134 MiB
2026-09-02T17:07:49Z,41.35 W, 40, 62744 MiB
2026-09-02T17:07:50Z,57.47 W, 42, 53484 MiB
2026-09-02T17:07:50Z,74.11 W, 43, 52554 MiB
2026-09-02T17:07:50Z,58.25 W, 42, 54134 MiB
2026-09-02T17:07:50Z,41.36 W, 40, 62744 MiB
2026-09-02T17:07:51Z,57.49 W, 42, 53484 MiB
2026-09-02T17:07:51Z,74.11 W, 42, 52554 MiB
2026-09-02T17:07:51Z,58.14 W, 42, 54134 MiB
2026-09-02T17:07:51Z,41.35 W, 40, 62744 MiB
2026-09-02T17:07:52Z,57.40 W, 42, 53484 MiB
2026-09-02T17:07:52Z,74.16 W, 42, 52554 MiB
2026-09-02T17:07:52Z,58.14 W, 42, 54134 MiB
2026-09-02T17:07:52Z,41.27 W, 40, 62744 MiB
2026-09-02T17:07:53Z,57.40 W, 42, 53484 MiB
2026-09-02T17:07:53Z,74.16 W, 42, 52554 MiB
2026-09-02T17:07:53Z,58.14 W, 42, 54134 MiB
2026-09-02T17:07:53Z,41.16 W, 40, 62744 MiB
2026-09-02T17:07:54Z,57.38 W, 42, 53484 MiB
2026-09-02T17:07:54Z,74.02 W, 42, 52554 MiB
2026-09-02T17:07:54Z,58.13 W, 42, 54134 MiB
2026-09-02T17:07:54Z,41.26 W, 39, 62744 MiB
2026-09-02T17:07:55Z,57.39 W, 42, 53484 MiB
2026-09-02T17:07:55Z,74.04 W, 42, 52554 MiB
2026-09-02T17:07:55Z,58.12 W, 42, 54134 MiB
2026-09-02T17:07:55Z,63.35 W, 40, 6 MiB
2026-09-02T17:07:56Z,57.37 W, 42, 53484 MiB
2026-09-02T17:07:56Z,74.02 W, 42, 52554 MiB
2026-09-02T17:07:56Z,58.11 W, 42, 54134 MiB
2026-09-02T17:07:56Z,63.35 W, 40, 6 MiB
2026-09-02T17:07:57Z,57.27 W, 42, 53484 MiB
2026-09-02T17:07:57Z,73.96 W, 42, 52554 MiB
2026-09-02T17:07:57Z,58.04 W, 42, 54134 MiB
2026-09-02T17:07:57Z,60.46 W, 40, 6 MiB
2026-09-02T17:07:58Z,57.28 W, 42, 53484 MiB
2026-09-02T17:07:58Z,73.93 W, 42, 52554 MiB
2026-09-02T17:07:58Z,58.11 W, 42, 54134 MiB
2026-09-02T17:07:58Z,36.47 W, 40, 6 MiB
2026-09-02T17:07:59Z,57.22 W, 42, 53484 MiB
2026-09-02T17:07:59Z,73.87 W, 42, 52554 MiB
2026-09-02T17:07:59Z,57.95 W, 41, 54134 MiB
2026-09-02T17:07:59Z,36.11 W, 39, 6 MiB
2026-09-02T17:08:00Z,57.20 W, 42, 53484 MiB
2026-09-02T17:08:00Z,73.86 W, 42, 52554 MiB
2026-09-02T17:08:00Z,57.95 W, 41, 54134 MiB
2026-09-02T17:08:00Z,36.19 W, 39, 6 MiB
2026-09-02T17:08:01Z,57.08 W, 41, 53484 MiB
2026-09-02T17:08:01Z,73.82 W, 42, 52554 MiB
2026-09-02T17:08:01Z,57.93 W, 41, 54134 MiB
2026-09-02T17:08:01Z,36.10 W, 39, 6 MiB
2026-09-02T17:08:02Z,57.20 W, 41, 53484 MiB
2026-09-02T17:08:02Z,73.76 W, 42, 52554 MiB
2026-09-02T17:08:02Z,57.95 W, 41, 54134 MiB
2026-09-02T17:08:02Z,36.10 W, 38, 6 MiB
2026-09-02T17:08:03Z,52.78 W, 41, 53484 MiB
2026-09-02T17:08:03Z,67.93 W, 42, 52554 MiB
2026-09-02T17:08:03Z,53.44 W, 41, 54134 MiB
2026-09-02T17:08:03Z,35.72 W, 38, 6 MiB
2026-09-02T17:08:04Z,54.96 W, 41, 6 MiB
2026-09-02T17:08:04Z,70.42 W, 41, 6 MiB
2026-09-02T17:08:04Z,55.73 W, 41, 6 MiB
2026-09-02T17:08:04Z,35.81 W, 38, 6 MiB
2026-09-02T17:08:05Z,54.09 W, 41, 6 MiB
2026-09-02T17:08:05Z,67.31 W, 41, 6 MiB
2026-09-02T17:08:05Z,56.19 W, 41, 6 MiB
2026-09-02T17:08:05Z,35.60 W, 38, 6 MiB
2026-09-02T17:08:06Z,52.26 W, 41, 6 MiB
2026-09-02T17:08:06Z,67.33 W, 41, 6 MiB
2026-09-02T17:08:06Z,53.41 W, 41, 6 MiB
2026-09-02T17:08:06Z,35.81 W, 38, 6 MiB
2026-09-02T17:08:07Z,52.19 W, 41, 6 MiB
2026-09-02T17:08:07Z,38.57 W, 40, 6 MiB
2026-09-02T17:08:07Z,53.42 W, 41, 6 MiB
2026-09-02T17:08:07Z,35.82 W, 38, 6 MiB
2026-09-02T17:08:08Z,34.10 W, 40, 1 MiB
2026-09-02T17:08:08Z,38.19 W, 39, 4 MiB
2026-09-02T17:08:08Z,34.70 W, 40, 6 MiB
2026-09-02T17:08:08Z,35.54 W, 38, 6 MiB
2026-09-02T17:08:09Z,34.23 W, 40, 0 MiB
2026-09-02T17:08:09Z,38.10 W, 39, 0 MiB
2026-09-02T17:08:09Z,34.34 W, 39, 0 MiB
2026-09-02T17:08:09Z,35.57 W, 38, 0 MiB
2026-09-02T17:08:10Z,34.01 W, 39, 0 MiB
2026-09-02T17:08:10Z,37.99 W, 39, 0 MiB
2026-09-02T17:08:10Z,34.41 W, 39, 0 MiB
2026-09-02T17:08:10Z,35.74 W, 38, 0 MiB
2026-09-02T17:08:11Z,34.20 W, 39, 0 MiB
2026-09-02T17:08:11Z,37.99 W, 39, 0 MiB
2026-09-02T17:08:11Z,34.32 W, 39, 0 MiB
2026-09-02T17:08:11Z,35.64 W, 37, 0 MiB
2026-09-02T17:08:12Z,33.90 W, 39, 0 MiB
2026-09-02T17:08:12Z,37.89 W, 39, 0 MiB
2026-09-02T17:08:12Z,34.12 W, 39, 0 MiB
2026-09-02T17:08:12Z,35.46 W, 37, 0 MiB
2026-09-02T17:08:13Z,34.01 W, 39, 0 MiB
2026-09-02T17:08:13Z,37.90 W, 38, 0 MiB
2026-09-02T17:08:13Z,34.42 W, 39, 0 MiB
2026-09-02T17:08:13Z,35.45 W, 37, 0 MiB
2026-09-02T17:08:14Z,33.81 W, 39, 0 MiB
2026-09-02T17:08:14Z,37.81 W, 38, 0 MiB
2026-09-02T17:08:14Z,34.14 W, 39, 0 MiB
2026-09-02T17:08:14Z,35.46 W, 37, 0 MiB
2026-09-02T17:08:15Z,34.10 W, 39, 0 MiB
2026-09-02T17:08:15Z,37.79 W, 38, 0 MiB
2026-09-02T17:08:15Z,34.12 W, 39, 0 MiB
2026-09-02T17:08:15Z,35.64 W, 37, 0 MiB
2026-09-02T17:08:16Z,34.01 W, 39, 0 MiB
2026-09-02T17:08:16Z,37.79 W, 38, 0 MiB
2026-09-02T17:08:16Z,34.03 W, 39, 0 MiB
2026-09-02T17:08:16Z,35.45 W, 37, 0 MiB
2026-09-02T17:08:17Z,33.78 W, 39, 0 MiB
2026-09-02T17:08:17Z,37.69 W, 38, 0 MiB
2026-09-02T17:08:17Z,34.03 W, 39, 0 MiB
2026-09-02T17:08:17Z,35.73 W, 37, 0 MiB
2026-09-02T17:08:18Z,34.01 W, 39, 0 MiB
2026-09-02T17:08:18Z,37.60 W, 38, 0 MiB
2026-09-02T17:08:18Z,34.22 W, 38, 0 MiB
2026-09-02T17:08:18Z,35.64 W, 37, 0 MiB
2026-09-02T17:08:19Z,33.69 W, 38, 0 MiB
2026-09-02T17:08:19Z,37.70 W, 38, 0 MiB
2026-09-02T17:08:19Z,33.93 W, 38, 0 MiB
2026-09-02T17:08:19Z,35.64 W, 37, 0 MiB
2026-09-02T17:08:20Z,33.90 W, 38, 0 MiB
2026-09-02T17:08:20Z,37.60 W, 38, 0 MiB
2026-09-02T17:08:20Z,34.03 W, 38, 0 MiB
2026-09-02T17:08:20Z,35.24 W, 37, 0 MiB
2026-09-02T17:08:21Z,33.62 W, 38, 0 MiB
2026-09-02T17:08:21Z,37.81 W, 37, 0 MiB
2026-09-02T17:08:21Z,34.04 W, 38, 0 MiB
2026-09-02T17:08:21Z,35.55 W, 36, 0 MiB
2026-09-02T17:08:22Z,33.82 W, 38, 0 MiB
2026-09-02T17:08:22Z,37.81 W, 37, 0 MiB
2026-09-02T17:08:22Z,34.13 W, 38, 0 MiB
2026-09-02T17:08:22Z,35.44 W, 36, 0 MiB
2026-09-02T17:08:23Z,33.62 W, 38, 0 MiB
2026-09-02T17:08:23Z,37.81 W, 37, 0 MiB
2026-09-02T17:08:23Z,34.04 W, 38, 0 MiB
2026-09-02T17:08:23Z,35.45 W, 36, 0 MiB
2026-09-02T17:08:24Z,33.90 W, 38, 0 MiB
2026-09-02T17:08:24Z,37.79 W, 37, 0 MiB
2026-09-02T17:08:24Z,33.93 W, 38, 0 MiB
2026-09-02T17:08:24Z,35.24 W, 36, 0 MiB
2026-09-02T17:08:25Z,33.61 W, 38, 0 MiB
2026-09-02T17:08:25Z,37.70 W, 37, 0 MiB
2026-09-02T17:08:25Z,33.93 W, 38, 0 MiB
2026-09-02T17:08:25Z,35.44 W, 36, 0 MiB
2026-09-02T17:08:26Z,33.80 W, 38, 0 MiB
2026-09-02T17:08:26Z,37.70 W, 37, 0 MiB
2026-09-02T17:08:26Z,33.84 W, 38, 0 MiB
2026-09-02T17:08:26Z,35.25 W, 36, 0 MiB
2026-09-02T17:08:27Z,33.69 W, 38, 0 MiB
2026-09-02T17:08:27Z,37.69 W, 37, 0 MiB
2026-09-02T17:08:27Z,34.13 W, 38, 0 MiB
2026-09-02T17:08:27Z,35.45 W, 36, 0 MiB
2026-09-02T17:08:28Z,33.50 W, 38, 0 MiB
2026-09-02T17:08:28Z,37.60 W, 37, 0 MiB
2026-09-02T17:08:28Z,33.93 W, 38, 0 MiB
2026-09-02T17:08:28Z,35.55 W, 36, 0 MiB
2026-09-02T17:08:29Z,33.70 W, 38, 0 MiB
2026-09-02T17:08:29Z,37.51 W, 37, 0 MiB
2026-09-02T17:08:29Z,33.85 W, 37, 0 MiB
2026-09-02T17:08:29Z,35.35 W, 36, 0 MiB
2026-09-02T17:08:30Z,33.41 W, 38, 0 MiB
2026-09-02T17:08:30Z,37.51 W, 37, 0 MiB
2026-09-02T17:08:30Z,33.75 W, 37, 0 MiB
2026-09-02T17:08:30Z,35.15 W, 36, 0 MiB
2026-09-02T17:08:31Z,33.50 W, 37, 0 MiB
2026-09-02T17:08:31Z,37.50 W, 36, 0 MiB
2026-09-02T17:08:31Z,34.02 W, 37, 0 MiB
2026-09-02T17:08:31Z,35.23 W, 36, 0 MiB
2026-09-02T17:08:32Z,33.70 W, 37, 0 MiB
2026-09-02T17:08:32Z,37.60 W, 36, 0 MiB
2026-09-02T17:08:32Z,33.75 W, 37, 0 MiB
2026-09-02T17:08:32Z,35.35 W, 36, 0 MiB
2026-09-02T17:08:33Z,33.69 W, 37, 0 MiB
2026-09-02T17:08:33Z,37.51 W, 36, 0 MiB
2026-09-02T17:08:33Z,33.74 W, 37, 0 MiB
2026-09-02T17:08:33Z,35.13 W, 36, 0 MiB
2026-09-02T17:08:34Z,33.60 W, 37, 0 MiB
2026-09-02T17:08:34Z,37.49 W, 36, 0 MiB
2026-09-02T17:08:34Z,33.63 W, 37, 0 MiB
2026-09-02T17:08:34Z,35.05 W, 36, 0 MiB
2026-09-02T17:08:35Z,33.61 W, 37, 0 MiB
2026-09-02T17:08:35Z,37.40 W, 36, 0 MiB
2026-09-02T17:08:35Z,34.13 W, 37, 0 MiB
2026-09-02T17:08:35Z,35.35 W, 35, 0 MiB
2026-09-02T17:08:36Z,33.61 W, 37, 0 MiB
2026-09-02T17:08:36Z,37.40 W, 36, 0 MiB
2026-09-02T17:08:36Z,33.93 W, 37, 0 MiB
2026-09-02T17:08:36Z,35.06 W, 35, 0 MiB
2026-09-02T17:08:37Z,33.51 W, 37, 0 MiB
2026-09-02T17:08:37Z,37.50 W, 36, 0 MiB
2026-09-02T17:08:37Z,33.93 W, 37, 0 MiB
2026-09-02T17:08:37Z,35.06 W, 35, 0 MiB
2026-09-02T17:08:38Z,33.58 W, 37, 0 MiB
2026-09-02T17:08:38Z,37.38 W, 36, 0 MiB
2026-09-02T17:08:38Z,33.93 W, 37, 0 MiB
2026-09-02T17:08:38Z,35.03 W, 35, 0 MiB
2026-09-02T17:08:39Z,33.61 W, 37, 0 MiB
2026-09-02T17:08:39Z,37.31 W, 36, 0 MiB
2026-09-02T17:08:39Z,33.93 W, 37, 0 MiB
2026-09-02T17:08:39Z,34.96 W, 35, 0 MiB
2026-09-02T17:08:40Z,33.51 W, 37, 0 MiB
2026-09-02T17:08:40Z,37.30 W, 36, 0 MiB
2026-09-02T17:08:40Z,33.85 W, 37, 0 MiB
2026-09-02T17:08:40Z,34.96 W, 35, 0 MiB
2026-09-02T17:08:41Z,33.50 W, 37, 0 MiB
2026-09-02T17:08:41Z,37.20 W, 36, 0 MiB
2026-09-02T17:08:41Z,33.93 W, 37, 0 MiB
2026-09-02T17:08:41Z,35.13 W, 35, 0 MiB
2026-09-02T17:08:42Z,33.50 W, 37, 0 MiB
2026-09-02T17:08:42Z,37.31 W, 36, 0 MiB
2026-09-02T17:08:42Z,33.95 W, 37, 0 MiB
2026-09-02T17:08:42Z,34.96 W, 35, 0 MiB
2026-09-02T17:08:43Z,33.40 W, 37, 0 MiB
2026-09-02T17:08:43Z,37.20 W, 36, 0 MiB
2026-09-02T17:08:43Z,33.85 W, 36, 0 MiB
2026-09-02T17:08:43Z,35.15 W, 35, 0 MiB
2026-09-02T17:08:44Z,33.40 W, 37, 0 MiB
2026-09-02T17:08:44Z,37.20 W, 35, 0 MiB
2026-09-02T17:08:44Z,33.74 W, 36, 0 MiB
2026-09-02T17:08:44Z,35.15 W, 35, 0 MiB
2026-09-02T17:08:45Z,33.37 W, 36, 0 MiB
2026-09-02T17:08:45Z,37.19 W, 35, 0 MiB
2026-09-02T17:08:45Z,33.83 W, 36, 0 MiB
2026-09-02T17:08:45Z,35.13 W, 35, 0 MiB
2026-09-02T17:08:46Z,33.30 W, 36, 0 MiB
2026-09-02T17:08:46Z,37.21 W, 35, 0 MiB
2026-09-02T17:08:46Z,33.84 W, 36, 0 MiB
2026-09-02T17:08:46Z,35.15 W, 35, 0 MiB
2026-09-02T17:08:47Z,33.40 W, 36, 0 MiB
2026-09-02T17:08:47Z,37.21 W, 35, 0 MiB
2026-09-02T17:08:47Z,33.75 W, 36, 0 MiB
2026-09-02T17:08:47Z,34.86 W, 35, 0 MiB
2026-09-02T17:08:48Z,33.39 W, 36, 0 MiB
2026-09-02T17:08:48Z,37.20 W, 35, 0 MiB
2026-09-02T17:08:48Z,33.83 W, 36, 0 MiB
2026-09-02T17:08:48Z,35.13 W, 35, 0 MiB
2026-09-02T17:08:49Z,33.30 W, 36, 0 MiB
2026-09-02T17:08:49Z,37.20 W, 35, 0 MiB
2026-09-02T17:08:49Z,33.74 W, 36, 0 MiB
2026-09-02T17:08:49Z,34.86 W, 35, 0 MiB
2026-09-02T17:08:50Z,33.30 W, 36, 0 MiB
2026-09-02T17:08:50Z,37.10 W, 35, 0 MiB
2026-09-02T17:08:50Z,33.75 W, 36, 0 MiB
2026-09-02T17:08:50Z,35.15 W, 35, 0 MiB
2026-09-02T17:08:51Z,33.31 W, 36, 0 MiB
2026-09-02T17:08:51Z,37.01 W, 35, 0 MiB
2026-09-02T17:08:51Z,33.75 W, 36, 0 MiB
2026-09-02T17:08:51Z,34.96 W, 35, 0 MiB
2026-09-02T17:08:52Z,33.37 W, 36, 0 MiB
2026-09-02T17:08:52Z,36.99 W, 35, 0 MiB
2026-09-02T17:08:52Z,33.74 W, 36, 0 MiB
2026-09-02T17:08:52Z,34.84 W, 34, 0 MiB
2026-09-02T17:08:53Z,33.40 W, 36, 0 MiB
2026-09-02T17:08:53Z,37.02 W, 35, 0 MiB
2026-09-02T17:08:53Z,33.75 W, 36, 0 MiB
2026-09-02T17:08:53Z,35.06 W, 34, 0 MiB
2026-09-02T17:08:54Z,33.30 W, 36, 0 MiB
2026-09-02T17:08:54Z,37.01 W, 35, 0 MiB
2026-09-02T17:08:54Z,33.64 W, 36, 0 MiB
2026-09-02T17:08:54Z,34.85 W, 34, 0 MiB
2026-09-02T17:08:55Z,33.30 W, 36, 0 MiB
2026-09-02T17:08:55Z,37.01 W, 35, 0 MiB
2026-09-02T17:08:55Z,33.74 W, 36, 0 MiB
2026-09-02T17:08:55Z,34.76 W, 34, 0 MiB
2026-09-02T17:08:56Z,33.51 W, 36, 0 MiB
2026-09-02T17:08:56Z,37.01 W, 35, 0 MiB
2026-09-02T17:08:56Z,33.64 W, 36, 0 MiB
2026-09-02T17:08:56Z,34.95 W, 34, 0 MiB
2026-09-02T17:08:57Z,33.22 W, 36, 0 MiB
2026-09-02T17:08:57Z,37.01 W, 35, 0 MiB
2026-09-02T17:08:57Z,33.64 W, 36, 0 MiB
2026-09-02T17:08:57Z,34.76 W, 34, 0 MiB
2026-09-02T17:08:58Z,33.21 W, 36, 0 MiB
2026-09-02T17:08:58Z,37.01 W, 35, 0 MiB
2026-09-02T17:08:58Z,33.74 W, 36, 0 MiB
2026-09-02T17:08:58Z,35.05 W, 34, 0 MiB
2026-09-02T17:08:59Z,33.19 W, 36, 0 MiB
2026-09-02T17:08:59Z,37.01 W, 35, 0 MiB
2026-09-02T17:08:59Z,33.74 W, 36, 0 MiB
2026-09-02T17:08:59Z,34.76 W, 34, 0 MiB
2026-09-02T17:09:00Z,33.22 W, 36, 0 MiB
2026-09-02T17:09:00Z,36.92 W, 34, 0 MiB
2026-09-02T17:09:00Z,33.75 W, 36, 0 MiB
2026-09-02T17:09:00Z,34.76 W, 34, 0 MiB
2026-09-02T17:09:01Z,33.21 W, 36, 0 MiB
2026-09-02T17:09:01Z,36.91 W, 34, 0 MiB
2026-09-02T17:09:01Z,33.64 W, 35, 0 MiB
2026-09-02T17:09:01Z,34.66 W, 34, 0 MiB
2026-09-02T17:09:02Z,33.30 W, 36, 0 MiB
2026-09-02T17:09:02Z,37.01 W, 34, 0 MiB
2026-09-02T17:09:02Z,33.63 W, 35, 0 MiB
2026-09-02T17:09:02Z,34.76 W, 34, 0 MiB
2026-09-02T17:09:03Z,33.21 W, 36, 0 MiB
2026-09-02T17:09:03Z,36.91 W, 34, 0 MiB
2026-09-02T17:09:03Z,33.63 W, 35, 0 MiB
2026-09-02T17:09:03Z,34.76 W, 34, 0 MiB
2026-09-02T17:09:04Z,33.22 W, 35, 0 MiB
2026-09-02T17:09:04Z,36.81 W, 34, 0 MiB
2026-09-02T17:09:04Z,33.54 W, 35, 0 MiB
2026-09-02T17:09:04Z,34.76 W, 34, 0 MiB
2026-09-02T17:09:05Z,33.21 W, 35, 0 MiB
2026-09-02T17:09:05Z,36.81 W, 34, 0 MiB
2026-09-02T17:09:05Z,33.64 W, 35, 0 MiB
2026-09-02T17:09:05Z,34.76 W, 34, 0 MiB
2026-09-02T17:09:06Z,33.10 W, 35, 0 MiB
2026-09-02T17:09:06Z,36.91 W, 34, 0 MiB
2026-09-02T17:09:06Z,33.64 W, 35, 0 MiB
2026-09-02T17:09:06Z,34.85 W, 34, 0 MiB
2026-09-02T17:09:07Z,33.11 W, 35, 0 MiB
2026-09-02T17:09:07Z,36.82 W, 34, 0 MiB
2026-09-02T17:09:07Z,33.54 W, 35, 0 MiB
2026-09-02T17:09:07Z,34.66 W, 34, 0 MiB
2026-09-02T17:09:08Z,33.11 W, 35, 0 MiB
2026-09-02T17:09:08Z,36.82 W, 34, 0 MiB
2026-09-02T17:09:08Z,33.54 W, 35, 0 MiB
2026-09-02T17:09:08Z,34.76 W, 34, 0 MiB
2026-09-02T17:09:09Z,33.11 W, 35, 0 MiB
2026-09-02T17:09:09Z,36.81 W, 34, 0 MiB
2026-09-02T17:09:09Z,33.53 W, 35, 0 MiB
2026-09-02T17:09:09Z,34.94 W, 34, 0 MiB
2026-09-02T17:09:10Z,33.11 W, 35, 0 MiB
2026-09-02T17:09:10Z,36.82 W, 34, 0 MiB
2026-09-02T17:09:10Z,33.54 W, 35, 0 MiB
2026-09-02T17:09:10Z,34.66 W, 34, 0 MiB
2026-09-02T17:09:11Z,33.10 W, 35, 0 MiB
2026-09-02T17:09:11Z,36.71 W, 34, 0 MiB
2026-09-02T17:09:11Z,33.53 W, 35, 0 MiB
2026-09-02T17:09:11Z,34.85 W, 34, 0 MiB
2026-09-02T17:09:12Z,33.21 W, 35, 0 MiB
2026-09-02T17:09:12Z,36.72 W, 34, 0 MiB
2026-09-02T17:09:12Z,33.54 W, 35, 0 MiB
2026-09-02T17:09:12Z,34.67 W, 34, 0 MiB
2026-09-02T17:09:13Z,33.20 W, 35, 0 MiB
2026-09-02T17:09:13Z,36.71 W, 34, 0 MiB
2026-09-02T17:09:13Z,33.53 W, 35, 0 MiB
2026-09-02T17:09:13Z,34.76 W, 34, 0 MiB
2026-09-02T17:09:14Z,33.01 W, 35, 0 MiB
2026-09-02T17:09:14Z,36.82 W, 34, 0 MiB
2026-09-02T17:09:14Z,33.44 W, 35, 0 MiB
2026-09-02T17:09:14Z,34.67 W, 34, 0 MiB
2026-09-02T17:09:15Z,33.11 W, 35, 0 MiB
2026-09-02T17:09:15Z,36.71 W, 34, 0 MiB
2026-09-02T17:09:15Z,33.44 W, 35, 0 MiB
2026-09-02T17:09:15Z,34.66 W, 34, 0 MiB
2026-09-02T17:09:16Z,33.01 W, 35, 0 MiB
2026-09-02T17:09:16Z,36.71 W, 34, 0 MiB
2026-09-02T17:09:16Z,33.44 W, 35, 0 MiB
2026-09-02T17:09:16Z,34.75 W, 34, 0 MiB
2026-09-02T17:09:17Z,33.01 W, 35, 0 MiB
2026-09-02T17:09:17Z,36.72 W, 34, 0 MiB
2026-09-02T17:09:17Z,33.36 W, 35, 0 MiB
2026-09-02T17:09:17Z,34.66 W, 34, 0 MiB
2026-09-02T17:09:18Z,33.01 W, 35, 0 MiB
2026-09-02T17:09:18Z,36.71 W, 34, 0 MiB
2026-09-02T17:09:18Z,33.44 W, 35, 0 MiB
2026-09-02T17:09:18Z,34.55 W, 33, 0 MiB
2026-09-02T17:09:19Z,33.03 W, 35, 0 MiB
2026-09-02T17:09:19Z,36.72 W, 34, 0 MiB
2026-09-02T17:09:19Z,33.35 W, 35, 0 MiB
2026-09-02T17:09:19Z,34.56 W, 33, 0 MiB
2026-09-02T17:09:20Z,32.82 W, 35, 0 MiB
2026-09-02T17:09:20Z,36.61 W, 34, 0 MiB
2026-09-02T17:09:20Z,33.44 W, 35, 0 MiB
2026-09-02T17:09:20Z,34.56 W, 33, 0 MiB
2026-09-02T17:09:21Z,33.21 W, 35, 0 MiB
2026-09-02T17:09:21Z,36.62 W, 34, 0 MiB
2026-09-02T17:09:21Z,33.34 W, 35, 0 MiB
2026-09-02T17:09:21Z,34.86 W, 33, 0 MiB
2026-09-02T17:09:22Z,33.01 W, 35, 0 MiB
2026-09-02T17:09:22Z,36.62 W, 34, 0 MiB
2026-09-02T17:09:22Z,33.44 W, 35, 0 MiB
2026-09-02T17:09:22Z,34.55 W, 33, 0 MiB
2026-09-02T17:09:23Z,32.92 W, 35, 0 MiB
2026-09-02T17:09:23Z,36.62 W, 34, 0 MiB
2026-09-02T17:09:23Z,33.34 W, 35, 0 MiB
2026-09-02T17:09:23Z,34.55 W, 33, 0 MiB
