timestamp, index, temperature.gpu, power.draw [W], clocks.current.sm [MHz], utilization.gpu [%], memory.used [MiB]
2026/10/03 12:02:03.576, 0, 49, 46.58 W, 1140 MHz, 0 %, 60458 MiB
2026/10/03 12:02:03.591, 1, 55, 57.25 W, 1350 MHz, 0 %, 60474 MiB
2026/10/03 12:02:03.601, 2, 44, 52.51 W, 1365 MHz, 0 %, 60761 MiB
2026/10/03 12:02:03.610, 3, 44, 41.56 W, 1140 MHz, 0 %, 60474 MiB
2026/10/03 12:02:05.624, 0, 50, 74.03 W, 1410 MHz, 39 %, 60458 MiB
2026/10/03 12:02:05.624, 1, 56, 92.84 W, 1410 MHz, 29 %, 60474 MiB
2026/10/03 12:02:05.624, 2, 46, 71.28 W, 1410 MHz, 39 %, 60458 MiB
2026/10/03 12:02:05.625, 3, 45, 66.65 W, 1410 MHz, 25 %, 60474 MiB
2026/10/03 12:02:07.625, 0, 50, 56.74 W, 1410 MHz, 37 %, 60458 MiB
2026/10/03 12:02:07.626, 1, 56, 91.98 W, 1410 MHz, 29 %, 60474 MiB
2026/10/03 12:02:07.626, 2, 46, 66.04 W, 1320 MHz, 27 %, 60458 MiB
2026/10/03 12:02:07.626, 3, 45, 65.35 W, 1335 MHz, 33 %, 60474 MiB
2026/10/03 12:02:09.627, 0, 50, 63.35 W, 1410 MHz, 37 %, 60458 MiB
2026/10/03 12:02:09.627, 1, 57, 68.28 W, 1410 MHz, 57 %, 60474 MiB
2026/10/03 12:02:09.627, 2, 46, 91.94 W, 1410 MHz, 38 %, 60458 MiB
2026/10/03 12:02:09.628, 3, 46, 61.36 W, 1410 MHz, 59 %, 60474 MiB
2026/10/03 12:02:11.628, 0, 50, 56.25 W, 1335 MHz, 27 %, 60458 MiB
2026/10/03 12:02:11.629, 1, 56, 86.64 W, 1380 MHz, 42 %, 60474 MiB
2026/10/03 12:02:11.629, 2, 46, 76.62 W, 1365 MHz, 41 %, 60458 MiB
2026/10/03 12:02:11.629, 3, 45, 61.16 W, 1320 MHz, 41 %, 60474 MiB
2026/10/03 12:02:13.630, 0, 50, 75.57 W, 1380 MHz, 39 %, 60458 MiB
2026/10/03 12:02:13.630, 1, 57, 68.48 W, 1410 MHz, 40 %, 60474 MiB
2026/10/03 12:02:13.630, 2, 47, 77.90 W, 1410 MHz, 40 %, 60458 MiB
2026/10/03 12:02:13.631, 3, 45, 47.25 W, 1320 MHz, 39 %, 60474 MiB
2026/10/03 12:02:15.631, 0, 51, 67.34 W, 1410 MHz, 41 %, 60458 MiB
2026/10/03 12:02:15.632, 1, 57, 70.20 W, 1410 MHz, 33 %, 60474 MiB
2026/10/03 12:02:15.632, 2, 47, 63.26 W, 1410 MHz, 33 %, 60458 MiB
2026/10/03 12:02:15.632, 3, 45, 47.72 W, 1305 MHz, 32 %, 60474 MiB
2026/10/03 12:02:17.633, 0, 51, 57.32 W, 1410 MHz, 40 %, 60458 MiB
2026/10/03 12:02:17.633, 1, 57, 76.33 W, 1410 MHz, 28 %, 60474 MiB
2026/10/03 12:02:17.633, 2, 47, 65.01 W, 1410 MHz, 36 %, 60458 MiB
2026/10/03 12:02:17.633, 3, 45, 55.04 W, 1320 MHz, 30 %, 60474 MiB
2026/10/03 12:02:19.634, 0, 51, 60.19 W, 1410 MHz, 24 %, 60458 MiB
2026/10/03 12:02:19.634, 1, 57, 90.85 W, 1410 MHz, 41 %, 60474 MiB
2026/10/03 12:02:19.634, 2, 47, 90.14 W, 1410 MHz, 26 %, 60458 MiB
2026/10/03 12:02:19.634, 3, 45, 59.91 W, 1320 MHz, 40 %, 60474 MiB
2026/10/03 12:02:21.635, 0, 51, 58.10 W, 1410 MHz, 26 %, 60458 MiB
2026/10/03 12:02:21.635, 1, 57, 91.17 W, 1410 MHz, 31 %, 60474 MiB
2026/10/03 12:02:21.635, 2, 47, 91.14 W, 1410 MHz, 32 %, 60458 MiB
2026/10/03 12:02:21.635, 3, 46, 56.94 W, 1305 MHz, 34 %, 60474 MiB
2026/10/03 12:02:23.636, 0, 51, 59.51 W, 1410 MHz, 26 %, 60458 MiB
2026/10/03 12:02:23.636, 1, 57, 84.82 W, 1410 MHz, 34 %, 60474 MiB
2026/10/03 12:02:23.636, 2, 47, 91.94 W, 1410 MHz, 32 %, 60458 MiB
2026/10/03 12:02:23.637, 3, 46, 56.76 W, 1320 MHz, 35 %, 60474 MiB
2026/10/03 12:02:25.637, 0, 51, 70.75 W, 1410 MHz, 39 %, 60458 MiB
2026/10/03 12:02:25.637, 1, 57, 69.03 W, 1410 MHz, 41 %, 60474 MiB
2026/10/03 12:02:25.638, 2, 47, 86.37 W, 1410 MHz, 41 %, 60458 MiB
2026/10/03 12:02:25.638, 3, 45, 45.99 W, 1290 MHz, 41 %, 60474 MiB
2026/10/03 12:02:27.638, 0, 51, 74.70 W, 1410 MHz, 41 %, 60458 MiB
2026/10/03 12:02:27.638, 1, 58, 69.91 W, 1410 MHz, 33 %, 60474 MiB
2026/10/03 12:02:27.639, 2, 47, 64.03 W, 1410 MHz, 37 %, 60458 MiB
2026/10/03 12:02:27.639, 3, 46, 47.24 W, 1305 MHz, 31 %, 60474 MiB
2026/10/03 12:02:29.639, 0, 51, 59.24 W, 1410 MHz, 26 %, 60458 MiB
2026/10/03 12:02:29.640, 1, 58, 90.82 W, 1410 MHz, 34 %, 60474 MiB
2026/10/03 12:02:29.640, 2, 47, 82.69 W, 1410 MHz, 34 %, 60458 MiB
2026/10/03 12:02:29.640, 3, 46, 65.01 W, 1320 MHz, 35 %, 60474 MiB
2026/10/03 12:02:31.640, 0, 51, 70.95 W, 1410 MHz, 41 %, 60458 MiB
2026/10/03 12:02:31.641, 1, 58, 69.82 W, 1410 MHz, 40 %, 60474 MiB
2026/10/03 12:02:31.641, 2, 48, 63.56 W, 1410 MHz, 41 %, 60458 MiB
2026/10/03 12:02:31.641, 3, 46, 47.24 W, 1305 MHz, 37 %, 60474 MiB
2026/10/03 12:02:33.641, 0, 51, 57.81 W, 1410 MHz, 40 %, 60458 MiB
2026/10/03 12:02:33.642, 1, 58, 79.38 W, 1410 MHz, 25 %, 60474 MiB
2026/10/03 12:02:33.642, 2, 48, 66.72 W, 1410 MHz, 26 %, 60458 MiB
2026/10/03 12:02:33.642, 3, 46, 58.61 W, 1320 MHz, 25 %, 60474 MiB
2026/10/03 12:02:35.642, 0, 51, 58.83 W, 1410 MHz, 35 %, 60458 MiB
2026/10/03 12:02:35.643, 1, 58, 94.91 W, 1410 MHz, 35 %, 60474 MiB
2026/10/03 12:02:35.643, 2, 48, 79.25 W, 1410 MHz, 35 %, 60458 MiB
2026/10/03 12:02:35.643, 3, 46, 65.12 W, 1320 MHz, 37 %, 60474 MiB
2026/10/03 12:02:37.643, 0, 51, 58.66 W, 1410 MHz, 34 %, 60458 MiB
2026/10/03 12:02:37.644, 1, 58, 92.62 W, 1410 MHz, 33 %, 60474 MiB
2026/10/03 12:02:37.644, 2, 48, 77.28 W, 1410 MHz, 34 %, 60458 MiB
2026/10/03 12:02:37.644, 3, 46, 65.30 W, 1320 MHz, 35 %, 60474 MiB
2026/10/03 12:02:39.644, 0, 52, 73.60 W, 1410 MHz, 34 %, 60458 MiB
2026/10/03 12:02:39.645, 1, 59, 70.29 W, 1410 MHz, 41 %, 60474 MiB
2026/10/03 12:02:39.645, 2, 48, 83.32 W, 1410 MHz, 41 %, 60458 MiB
2026/10/03 12:02:39.645, 3, 46, 46.56 W, 1305 MHz, 41 %, 60474 MiB
2026/10/03 12:02:41.646, 0, 51, 76.78 W, 1410 MHz, 41 %, 60458 MiB
2026/10/03 12:02:41.646, 1, 58, 70.10 W, 1410 MHz, 39 %, 60474 MiB
2026/10/03 12:02:41.646, 2, 48, 63.94 W, 1410 MHz, 41 %, 60458 MiB
2026/10/03 12:02:41.647, 3, 46, 47.81 W, 1320 MHz, 37 %, 60474 MiB
2026/10/03 12:02:43.647, 0, 51, 65.04 W, 1410 MHz, 40 %, 60458 MiB
2026/10/03 12:02:43.648, 1, 58, 73.65 W, 1410 MHz, 29 %, 60474 MiB
2026/10/03 12:02:43.648, 2, 48, 65.20 W, 1410 MHz, 29 %, 60458 MiB
2026/10/03 12:02:43.648, 3, 46, 49.94 W, 1275 MHz, 27 %, 60474 MiB
2026/10/03 12:02:45.648, 0, 52, 57.81 W, 1410 MHz, 40 %, 60458 MiB
2026/10/03 12:02:45.649, 1, 59, 77.10 W, 1410 MHz, 32 %, 60474 MiB
2026/10/03 12:02:45.649, 2, 48, 64.82 W, 1410 MHz, 28 %, 60458 MiB
2026/10/03 12:02:45.649, 3, 46, 53.22 W, 1320 MHz, 31 %, 60474 MiB
2026/10/03 12:02:47.649, 0, 52, 64.39 W, 1410 MHz, 41 %, 60458 MiB
2026/10/03 12:02:47.650, 1, 59, 75.56 W, 1410 MHz, 31 %, 60474 MiB
2026/10/03 12:02:47.650, 2, 48, 64.51 W, 1410 MHz, 29 %, 60458 MiB
2026/10/03 12:02:47.650, 3, 46, 46.76 W, 1275 MHz, 31 %, 60474 MiB
2026/10/03 12:02:49.651, 0, 52, 72.59 W, 1410 MHz, 40 %, 60458 MiB
2026/10/03 12:02:49.651, 1, 59, 71.43 W, 1410 MHz, 33 %, 60474 MiB
2026/10/03 12:02:49.651, 2, 49, 64.13 W, 1410 MHz, 33 %, 60458 MiB
2026/10/03 12:02:49.651, 3, 46, 47.62 W, 1320 MHz, 33 %, 60474 MiB
2026/10/03 12:02:51.652, 0, 53, 78.30 W, 1410 MHz, 98 %, 60458 MiB
2026/10/03 12:02:51.652, 1, 60, 101.36 W, 1410 MHz, 99 %, 60474 MiB
2026/10/03 12:02:51.652, 2, 49, 90.89 W, 1410 MHz, 99 %, 60458 MiB
2026/10/03 12:02:51.653, 3, 47, 72.91 W, 1410 MHz, 97 %, 60474 MiB
2026/10/03 12:02:53.653, 0, 53, 76.76 W, 1410 MHz, 98 %, 60458 MiB
2026/10/03 12:02:53.654, 1, 60, 99.95 W, 1410 MHz, 99 %, 60474 MiB
2026/10/03 12:02:53.654, 2, 50, 94.20 W, 1410 MHz, 98 %, 60458 MiB
2026/10/03 12:02:53.655, 3, 47, 73.46 W, 1410 MHz, 97 %, 60474 MiB
2026/10/03 12:02:55.655, 0, 53, 78.10 W, 1410 MHz, 98 %, 60458 MiB
2026/10/03 12:02:55.655, 1, 60, 100.10 W, 1410 MHz, 98 %, 60474 MiB
2026/10/03 12:02:55.655, 2, 50, 96.76 W, 1410 MHz, 99 %, 60458 MiB
2026/10/03 12:02:55.656, 3, 47, 72.79 W, 1410 MHz, 97 %, 60474 MiB
2026/10/03 12:02:57.656, 0, 53, 81.84 W, 1410 MHz, 98 %, 60458 MiB
2026/10/03 12:02:57.656, 1, 61, 100.29 W, 1410 MHz, 99 %, 60474 MiB
2026/10/03 12:02:57.656, 2, 50, 96.92 W, 1410 MHz, 99 %, 60458 MiB
2026/10/03 12:02:57.657, 3, 47, 72.22 W, 1410 MHz, 97 %, 60474 MiB
2026/10/03 12:02:59.657, 0, 53, 79.52 W, 1410 MHz, 98 %, 60458 MiB
2026/10/03 12:02:59.657, 1, 61, 99.82 W, 1410 MHz, 99 %, 60474 MiB
2026/10/03 12:02:59.657, 2, 51, 98.09 W, 1410 MHz, 99 %, 60458 MiB
2026/10/03 12:02:59.658, 3, 48, 74.17 W, 1410 MHz, 97 %, 60474 MiB
2026/10/03 12:03:01.658, 0, 53, 79.45 W, 1410 MHz, 98 %, 60458 MiB
2026/10/03 12:03:01.658, 1, 61, 101.21 W, 1410 MHz, 99 %, 60474 MiB
2026/10/03 12:03:01.658, 2, 51, 95.39 W, 1410 MHz, 99 %, 60458 MiB
2026/10/03 12:03:01.659, 3, 48, 74.72 W, 1410 MHz, 97 %, 60474 MiB
2026/10/03 12:03:03.659, 0, 53, 79.24 W, 1410 MHz, 98 %, 60458 MiB
2026/10/03 12:03:03.659, 1, 61, 98.17 W, 1410 MHz, 99 %, 60474 MiB
2026/10/03 12:03:03.659, 2, 51, 95.66 W, 1410 MHz, 99 %, 60458 MiB
2026/10/03 12:03:03.659, 3, 48, 74.48 W, 1410 MHz, 97 %, 60474 MiB
2026/10/03 12:03:05.660, 0, 54, 80.65 W, 1410 MHz, 98 %, 60458 MiB
2026/10/03 12:03:05.660, 1, 61, 103.49 W, 1410 MHz, 99 %, 60474 MiB
2026/10/03 12:03:05.660, 2, 51, 93.91 W, 1410 MHz, 99 %, 60458 MiB
2026/10/03 12:03:05.660, 3, 48, 74.55 W, 1410 MHz, 97 %, 60474 MiB
2026/10/03 12:03:07.661, 0, 54, 77.55 W, 1410 MHz, 98 %, 60458 MiB
2026/10/03 12:03:07.661, 1, 61, 100.15 W, 1410 MHz, 99 %, 60474 MiB
2026/10/03 12:03:07.661, 2, 51, 94.25 W, 1410 MHz, 99 %, 60458 MiB
2026/10/03 12:03:07.662, 3, 48, 72.94 W, 1410 MHz, 97 %, 60474 MiB
2026/10/03 12:03:09.662, 0, 54, 78.63 W, 1410 MHz, 98 %, 60458 MiB
2026/10/03 12:03:09.662, 1, 62, 99.85 W, 1410 MHz, 99 %, 60474 MiB
2026/10/03 12:03:09.662, 2, 51, 93.49 W, 1410 MHz, 99 %, 60458 MiB
2026/10/03 12:03:09.663, 3, 48, 75.07 W, 1410 MHz, 97 %, 60474 MiB
2026/10/03 12:03:11.663, 0, 54, 80.92 W, 1410 MHz, 98 %, 60458 MiB
2026/10/03 12:03:11.663, 1, 62, 104.93 W, 1410 MHz, 99 %, 60474 MiB
2026/10/03 12:03:11.663, 2, 52, 97.58 W, 1410 MHz, 99 %, 60458 MiB
2026/10/03 12:03:11.664, 3, 48, 74.22 W, 1410 MHz, 97 %, 60474 MiB
2026/10/03 12:03:13.664, 0, 54, 80.51 W, 1410 MHz, 98 %, 60458 MiB
2026/10/03 12:03:13.664, 1, 62, 103.35 W, 1410 MHz, 99 %, 60474 MiB
2026/10/03 12:03:13.664, 2, 52, 97.10 W, 1410 MHz, 99 %, 60458 MiB
2026/10/03 12:03:13.665, 3, 48, 73.87 W, 1410 MHz, 97 %, 60474 MiB
2026/10/03 12:03:15.665, 0, 54, 83.19 W, 1410 MHz, 98 %, 60458 MiB
2026/10/03 12:03:15.665, 1, 62, 101.38 W, 1410 MHz, 99 %, 60474 MiB
2026/10/03 12:03:15.665, 2, 52, 97.83 W, 1410 MHz, 99 %, 60458 MiB
2026/10/03 12:03:15.666, 3, 48, 73.56 W, 1410 MHz, 97 %, 60474 MiB
2026/10/03 12:03:17.666, 0, 54, 79.05 W, 1410 MHz, 98 %, 60458 MiB
2026/10/03 12:03:17.666, 1, 62, 101.56 W, 1410 MHz, 99 %, 60474 MiB
2026/10/03 12:03:17.666, 2, 52, 94.96 W, 1410 MHz, 99 %, 60458 MiB
2026/10/03 12:03:17.667, 3, 49, 72.41 W, 1410 MHz, 97 %, 60474 MiB
2026/10/03 12:03:19.667, 0, 54, 80.09 W, 1410 MHz, 98 %, 60458 MiB
2026/10/03 12:03:19.667, 1, 62, 99.44 W, 1410 MHz, 99 %, 60474 MiB
2026/10/03 12:03:19.667, 2, 52, 97.71 W, 1410 MHz, 99 %, 60458 MiB
2026/10/03 12:03:19.668, 3, 49, 72.60 W, 1410 MHz, 97 %, 60474 MiB
2026/10/03 12:03:21.668, 0, 54, 80.65 W, 1410 MHz, 98 %, 60458 MiB
2026/10/03 12:03:21.668, 1, 62, 103.29 W, 1410 MHz, 99 %, 60474 MiB
2026/10/03 12:03:21.668, 2, 52, 96.73 W, 1410 MHz, 99 %, 60458 MiB
2026/10/03 12:03:21.668, 3, 49, 74.09 W, 1410 MHz, 97 %, 60474 MiB
2026/10/03 12:03:23.669, 0, 53, 55.40 W, 1410 MHz, 49 %, 60458 MiB
2026/10/03 12:03:23.669, 1, 61, 79.59 W, 1410 MHz, 31 %, 60474 MiB
2026/10/03 12:03:23.669, 2, 51, 61.72 W, 1410 MHz, 48 %, 60458 MiB
2026/10/03 12:03:23.670, 3, 48, 48.21 W, 1410 MHz, 14 %, 60474 MiB
2026/10/03 12:03:25.670, 0, 54, 82.88 W, 1410 MHz, 38 %, 60458 MiB
2026/10/03 12:03:25.670, 1, 62, 79.66 W, 1410 MHz, 60 %, 60474 MiB
2026/10/03 12:03:25.670, 2, 52, 74.13 W, 1410 MHz, 52 %, 60458 MiB
2026/10/03 12:03:25.671, 3, 48, 72.89 W, 1410 MHz, 63 %, 60474 MiB
2026/10/03 12:03:27.671, 0, 53, 66.21 W, 1410 MHz, 38 %, 60458 MiB
2026/10/03 12:03:27.671, 1, 62, 83.12 W, 1410 MHz, 39 %, 60474 MiB
2026/10/03 12:03:27.672, 2, 51, 65.20 W, 1410 MHz, 39 %, 60458 MiB
2026/10/03 12:03:27.672, 3, 48, 51.95 W, 1410 MHz, 38 %, 60474 MiB
2026/10/03 12:03:29.672, 0, 54, 68.31 W, 1410 MHz, 34 %, 60458 MiB
2026/10/03 12:03:29.672, 1, 62, 82.54 W, 1410 MHz, 56 %, 60474 MiB
2026/10/03 12:03:29.673, 2, 51, 65.39 W, 1410 MHz, 35 %, 60458 MiB
2026/10/03 12:03:29.673, 3, 48, 52.05 W, 1410 MHz, 59 %, 60474 MiB
2026/10/03 12:03:31.673, 0, 53, 63.07 W, 1410 MHz, 42 %, 60458 MiB
2026/10/03 12:03:31.674, 1, 62, 78.63 W, 1410 MHz, 39 %, 60474 MiB
2026/10/03 12:03:31.674, 2, 51, 74.36 W, 1410 MHz, 39 %, 60458 MiB
2026/10/03 12:03:31.674, 3, 48, 71.52 W, 1410 MHz, 38 %, 60474 MiB
2026/10/03 12:03:33.675, 0, 54, 78.36 W, 1410 MHz, 40 %, 60458 MiB
2026/10/03 12:03:33.675, 1, 62, 73.07 W, 1410 MHz, 40 %, 60474 MiB
2026/10/03 12:03:33.675, 2, 51, 65.47 W, 1380 MHz, 30 %, 60458 MiB
2026/10/03 12:03:33.675, 3, 48, 48.10 W, 1305 MHz, 32 %, 60474 MiB
2026/10/03 12:03:35.676, 0, 53, 73.25 W, 1410 MHz, 39 %, 60458 MiB
2026/10/03 12:03:35.676, 1, 62, 75.44 W, 1410 MHz, 27 %, 60474 MiB
2026/10/03 12:03:35.676, 2, 51, 71.03 W, 1410 MHz, 40 %, 60458 MiB
2026/10/03 12:03:35.676, 3, 48, 60.87 W, 1395 MHz, 36 %, 60474 MiB
2026/10/03 12:03:37.677, 0, 53, 75.68 W, 1410 MHz, 39 %, 60458 MiB
2026/10/03 12:03:37.677, 1, 62, 75.37 W, 1410 MHz, 35 %, 60474 MiB
2026/10/03 12:03:37.678, 2, 51, 69.96 W, 1410 MHz, 35 %, 60458 MiB
2026/10/03 12:03:37.678, 3, 48, 59.16 W, 1410 MHz, 33 %, 60474 MiB
2026/10/03 12:03:39.678, 0, 54, 63.15 W, 1410 MHz, 43 %, 60458 MiB
2026/10/03 12:03:39.679, 1, 62, 101.57 W, 1410 MHz, 58 %, 60474 MiB
2026/10/03 12:03:39.679, 2, 51, 92.04 W, 1410 MHz, 59 %, 60458 MiB
2026/10/03 12:03:39.679, 3, 48, 63.69 W, 1410 MHz, 48 %, 60474 MiB
2026/10/03 12:03:41.680, 0, 54, 83.98 W, 1410 MHz, 76 %, 60458 MiB
2026/10/03 12:03:41.680, 1, 63, 103.28 W, 1410 MHz, 54 %, 60474 MiB
2026/10/03 12:03:41.680, 2, 52, 102.11 W, 1410 MHz, 43 %, 60458 MiB
2026/10/03 12:03:41.680, 3, 49, 82.22 W, 1410 MHz, 63 %, 60474 MiB
2026/10/03 12:03:43.681, 0, 55, 81.87 W, 1410 MHz, 98 %, 60458 MiB
2026/10/03 12:03:43.681, 1, 63, 102.90 W, 1410 MHz, 99 %, 60474 MiB
2026/10/03 12:03:43.681, 2, 52, 98.33 W, 1410 MHz, 98 %, 60458 MiB
2026/10/03 12:03:43.681, 3, 49, 77.21 W, 1410 MHz, 97 %, 60474 MiB
2026/10/03 12:03:45.682, 0, 55, 83.92 W, 1410 MHz, 98 %, 60458 MiB
2026/10/03 12:03:45.682, 1, 63, 104.78 W, 1410 MHz, 98 %, 60474 MiB
2026/10/03 12:03:45.682, 2, 53, 96.31 W, 1410 MHz, 98 %, 60458 MiB
2026/10/03 12:03:45.682, 3, 49, 74.14 W, 1410 MHz, 97 %, 60474 MiB
2026/10/03 12:03:47.683, 0, 55, 83.81 W, 1410 MHz, 98 %, 60458 MiB
2026/10/03 12:03:47.683, 1, 64, 104.45 W, 1410 MHz, 99 %, 60474 MiB
2026/10/03 12:03:47.683, 2, 53, 93.48 W, 1410 MHz, 99 %, 60458 MiB
2026/10/03 12:03:47.683, 3, 49, 73.70 W, 1410 MHz, 97 %, 60474 MiB
2026/10/03 12:03:49.684, 0, 55, 83.27 W, 1410 MHz, 98 %, 60458 MiB
2026/10/03 12:03:49.684, 1, 64, 105.91 W, 1410 MHz, 99 %, 60474 MiB
2026/10/03 12:03:49.684, 2, 53, 93.49 W, 1410 MHz, 98 %, 60458 MiB
2026/10/03 12:03:49.685, 3, 49, 76.36 W, 1410 MHz, 97 %, 60474 MiB
2026/10/03 12:03:51.685, 0, 55, 82.12 W, 1410 MHz, 98 %, 60458 MiB
2026/10/03 12:03:51.685, 1, 64, 102.60 W, 1410 MHz, 99 %, 60474 MiB
2026/10/03 12:03:51.685, 2, 53, 95.03 W, 1410 MHz, 99 %, 60458 MiB
2026/10/03 12:03:51.686, 3, 49, 75.53 W, 1410 MHz, 97 %, 60474 MiB
2026/10/03 12:03:53.686, 0, 55, 80.20 W, 1410 MHz, 98 %, 60458 MiB
2026/10/03 12:03:53.686, 1, 64, 101.85 W, 1410 MHz, 99 %, 60474 MiB
2026/10/03 12:03:53.686, 2, 53, 95.77 W, 1410 MHz, 99 %, 60458 MiB
2026/10/03 12:03:53.687, 3, 49, 76.47 W, 1410 MHz, 97 %, 60474 MiB
2026/10/03 12:03:55.687, 0, 54, 81.93 W, 1410 MHz, 98 %, 60458 MiB
2026/10/03 12:03:55.687, 1, 63, 75.46 W, 1410 MHz, 80 %, 60474 MiB
2026/10/03 12:03:55.687, 2, 52, 68.07 W, 1410 MHz, 98 %, 60458 MiB
2026/10/03 12:03:55.688, 3, 49, 56.24 W, 1410 MHz, 96 %, 60474 MiB
2026/10/03 12:03:57.688, 0, 54, 78.76 W, 1410 MHz, 38 %, 60458 MiB
2026/10/03 12:03:57.688, 1, 63, 75.08 W, 1410 MHz, 30 %, 60474 MiB
2026/10/03 12:03:57.689, 2, 52, 67.79 W, 1410 MHz, 30 %, 60458 MiB
2026/10/03 12:03:57.689, 3, 49, 56.18 W, 1410 MHz, 29 %, 60474 MiB
2026/10/03 12:03:59.689, 0, 54, 77.54 W, 1395 MHz, 40 %, 60458 MiB
2026/10/03 12:03:59.690, 1, 63, 71.63 W, 1380 MHz, 35 %, 60474 MiB
2026/10/03 12:03:59.690, 2, 52, 66.92 W, 1410 MHz, 27 %, 60458 MiB
2026/10/03 12:03:59.690, 3, 48, 50.40 W, 1320 MHz, 26 %, 60474 MiB
2026/10/03 12:04:01.690, 0, 54, 77.12 W, 1410 MHz, 38 %, 60458 MiB
2026/10/03 12:04:01.691, 1, 63, 75.82 W, 1410 MHz, 36 %, 60474 MiB
2026/10/03 12:04:01.691, 2, 52, 70.55 W, 1410 MHz, 39 %, 60458 MiB
2026/10/03 12:04:01.691, 3, 49, 59.62 W, 1410 MHz, 42 %, 60474 MiB
2026/10/03 12:04:03.692, 0, 54, 74.35 W, 1410 MHz, 38 %, 60458 MiB
2026/10/03 12:04:03.692, 1, 63, 75.92 W, 1410 MHz, 31 %, 60474 MiB
2026/10/03 12:04:03.693, 2, 52, 68.25 W, 1410 MHz, 35 %, 60458 MiB
2026/10/03 12:04:03.693, 3, 49, 61.46 W, 1410 MHz, 36 %, 60474 MiB
2026/10/03 12:04:05.693, 0, 54, 58.94 W, 1410 MHz, 32 %, 60458 MiB
2026/10/03 12:04:05.694, 1, 63, 97.52 W, 1410 MHz, 41 %, 60474 MiB
2026/10/03 12:04:05.694, 2, 52, 91.40 W, 1410 MHz, 40 %, 60458 MiB
2026/10/03 12:04:05.694, 3, 48, 64.22 W, 1320 MHz, 40 %, 60474 MiB
2026/10/03 12:04:07.695, 0, 54, 75.90 W, 1410 MHz, 41 %, 60458 MiB
2026/10/03 12:04:07.695, 1, 63, 74.50 W, 1410 MHz, 33 %, 60474 MiB
2026/10/03 12:04:07.695, 2, 52, 66.72 W, 1410 MHz, 32 %, 60458 MiB
2026/10/03 12:04:07.695, 3, 48, 48.29 W, 1290 MHz, 32 %, 60474 MiB
2026/10/03 12:04:09.696, 0, 54, 59.50 W, 1410 MHz, 32 %, 60458 MiB
2026/10/03 12:04:09.696, 1, 63, 100.33 W, 1410 MHz, 40 %, 60474 MiB
2026/10/03 12:04:09.696, 2, 52, 89.22 W, 1410 MHz, 40 %, 60458 MiB
2026/10/03 12:04:09.696, 3, 48, 61.38 W, 1320 MHz, 40 %, 60474 MiB
2026/10/03 12:04:11.697, 0, 54, 77.04 W, 1410 MHz, 41 %, 60458 MiB
2026/10/03 12:04:11.697, 1, 63, 77.48 W, 1410 MHz, 33 %, 60474 MiB
2026/10/03 12:04:11.697, 2, 52, 72.08 W, 1410 MHz, 41 %, 60458 MiB
2026/10/03 12:04:11.697, 3, 48, 53.59 W, 1290 MHz, 41 %, 60474 MiB
2026/10/03 12:04:13.698, 0, 54, 79.28 W, 1410 MHz, 38 %, 60458 MiB
2026/10/03 12:04:13.698, 1, 63, 79.06 W, 1410 MHz, 42 %, 60474 MiB
2026/10/03 12:04:13.699, 2, 52, 68.07 W, 1410 MHz, 43 %, 60458 MiB
2026/10/03 12:04:13.699, 3, 48, 54.35 W, 1410 MHz, 38 %, 60474 MiB
2026/10/03 12:04:15.699, 0, 54, 59.98 W, 1410 MHz, 44 %, 60458 MiB
2026/10/03 12:04:15.700, 1, 63, 95.22 W, 1380 MHz, 39 %, 60474 MiB
2026/10/03 12:04:15.700, 2, 52, 87.99 W, 1395 MHz, 40 %, 60458 MiB
2026/10/03 12:04:15.700, 3, 49, 66.82 W, 1350 MHz, 34 %, 60474 MiB
2026/10/03 12:04:17.700, 0, 54, 78.97 W, 1410 MHz, 38 %, 60458 MiB
2026/10/03 12:04:17.701, 1, 63, 75.65 W, 1410 MHz, 43 %, 60474 MiB
2026/10/03 12:04:17.701, 2, 52, 71.80 W, 1410 MHz, 32 %, 60458 MiB
2026/10/03 12:04:17.701, 3, 48, 59.94 W, 1410 MHz, 38 %, 60474 MiB
2026/10/03 12:04:19.701, 0, 54, 65.73 W, 1410 MHz, 36 %, 60458 MiB
2026/10/03 12:04:19.702, 1, 63, 92.62 W, 1410 MHz, 40 %, 60474 MiB
2026/10/03 12:04:19.702, 2, 52, 89.78 W, 1410 MHz, 41 %, 60458 MiB
2026/10/03 12:04:19.702, 3, 48, 64.03 W, 1320 MHz, 40 %, 60474 MiB
2026/10/03 12:04:21.703, 0, 54, 68.09 W, 1410 MHz, 40 %, 60458 MiB
2026/10/03 12:04:21.703, 1, 63, 74.40 W, 1410 MHz, 41 %, 60474 MiB
2026/10/03 12:04:21.703, 2, 52, 67.31 W, 1410 MHz, 30 %, 60458 MiB
2026/10/03 12:04:21.703, 3, 48, 50.03 W, 1320 MHz, 30 %, 60474 MiB
2026/10/03 12:04:23.704, 0, 54, 72.80 W, 1410 MHz, 40 %, 60458 MiB
2026/10/03 12:04:23.704, 1, 63, 74.50 W, 1410 MHz, 39 %, 60474 MiB
2026/10/03 12:04:23.704, 2, 52, 66.72 W, 1410 MHz, 27 %, 60458 MiB
2026/10/03 12:04:23.704, 3, 48, 49.05 W, 1320 MHz, 28 %, 60474 MiB
2026/10/03 12:04:25.705, 0, 54, 62.49 W, 1410 MHz, 41 %, 60458 MiB
2026/10/03 12:04:25.705, 1, 64, 88.86 W, 1410 MHz, 43 %, 60474 MiB
2026/10/03 12:04:25.706, 2, 52, 67.21 W, 1410 MHz, 32 %, 60458 MiB
2026/10/03 12:04:25.706, 3, 48, 50.32 W, 1395 MHz, 42 %, 60474 MiB
2026/10/03 12:04:27.706, 0, 54, 61.22 W, 1410 MHz, 29 %, 60458 MiB
2026/10/03 12:04:27.707, 1, 64, 94.38 W, 1410 MHz, 39 %, 60474 MiB
2026/10/03 12:04:27.707, 2, 52, 65.75 W, 1410 MHz, 33 %, 60458 MiB
2026/10/03 12:04:27.707, 3, 48, 52.05 W, 1410 MHz, 36 %, 60474 MiB
2026/10/03 12:04:29.708, 0, 54, 58.83 W, 1410 MHz, 52 %, 60458 MiB
2026/10/03 12:04:29.708, 1, 63, 102.80 W, 1410 MHz, 49 %, 60474 MiB
2026/10/03 12:04:29.708, 2, 52, 90.77 W, 1410 MHz, 49 %, 60458 MiB
2026/10/03 12:04:29.708, 3, 48, 66.44 W, 1410 MHz, 57 %, 60474 MiB
2026/10/03 12:04:31.709, 0, 54, 68.50 W, 1410 MHz, 38 %, 60458 MiB
2026/10/03 12:04:31.709, 1, 64, 90.46 W, 1410 MHz, 33 %, 60474 MiB
2026/10/03 12:04:31.709, 2, 52, 67.50 W, 1410 MHz, 32 %, 60458 MiB
2026/10/03 12:04:31.709, 3, 48, 53.98 W, 1410 MHz, 32 %, 60474 MiB
2026/10/03 12:04:33.710, 0, 54, 59.42 W, 1410 MHz, 52 %, 60458 MiB
2026/10/03 12:04:33.710, 1, 64, 104.03 W, 1410 MHz, 40 %, 60474 MiB
2026/10/03 12:04:33.710, 2, 52, 89.99 W, 1410 MHz, 58 %, 60458 MiB
2026/10/03 12:04:33.710, 3, 48, 67.99 W, 1410 MHz, 40 %, 60474 MiB
2026/10/03 12:04:35.711, 0, 54, 78.47 W, 1410 MHz, 38 %, 60458 MiB
2026/10/03 12:04:35.711, 1, 64, 76.99 W, 1410 MHz, 33 %, 60474 MiB
2026/10/03 12:04:35.711, 2, 52, 78.33 W, 1410 MHz, 39 %, 60458 MiB
2026/10/03 12:04:35.712, 3, 48, 54.54 W, 1410 MHz, 38 %, 60474 MiB
2026/10/03 12:04:37.719, 0, 55, 78.24 W, 1410 MHz, 98 %, 60458 MiB
2026/10/03 12:04:37.719, 1, 65, 107.59 W, 1410 MHz, 98 %, 60474 MiB
2026/10/03 12:04:37.719, 2, 53, 95.31 W, 1410 MHz, 98 %, 60458 MiB
2026/10/03 12:04:37.720, 3, 49, 75.03 W, 1410 MHz, 97 %, 60474 MiB
2026/10/03 12:04:39.720, 0, 55, 58.92 W, 1410 MHz, 98 %, 60458 MiB
2026/10/03 12:04:39.720, 1, 64, 83.59 W, 1410 MHz, 98 %, 60474 MiB
2026/10/03 12:04:39.721, 2, 52, 75.11 W, 1410 MHz, 90 %, 60458 MiB
2026/10/03 12:04:39.721, 3, 49, 57.41 W, 1410 MHz, 59 %, 60474 MiB
2026/10/03 12:04:41.721, 0, 54, 59.98 W, 1410 MHz, 39 %, 60458 MiB
2026/10/03 12:04:41.721, 1, 64, 96.29 W, 1410 MHz, 39 %, 60474 MiB
2026/10/03 12:04:41.722, 2, 52, 66.43 W, 1410 MHz, 42 %, 60458 MiB
2026/10/03 12:04:41.722, 3, 48, 52.24 W, 1410 MHz, 31 %, 60474 MiB
2026/10/03 12:04:43.722, 0, 54, 68.50 W, 1410 MHz, 38 %, 60458 MiB
2026/10/03 12:04:43.723, 1, 64, 82.34 W, 1410 MHz, 38 %, 60474 MiB
2026/10/03 12:04:43.723, 2, 52, 90.02 W, 1410 MHz, 38 %, 60458 MiB
2026/10/03 12:04:43.723, 3, 48, 72.03 W, 1410 MHz, 38 %, 60474 MiB
2026/10/03 12:04:45.723, 0, 55, 81.48 W, 1410 MHz, 98 %, 60458 MiB
2026/10/03 12:04:45.724, 1, 65, 105.50 W, 1410 MHz, 98 %, 60474 MiB
2026/10/03 12:04:45.724, 2, 53, 96.96 W, 1410 MHz, 98 %, 60458 MiB
2026/10/03 12:04:45.724, 3, 49, 74.80 W, 1410 MHz, 97 %, 60474 MiB
2026/10/03 12:04:47.724, 0, 54, 79.26 W, 1410 MHz, 39 %, 60458 MiB
2026/10/03 12:04:47.725, 1, 64, 76.92 W, 1410 MHz, 33 %, 60474 MiB
2026/10/03 12:04:47.725, 2, 52, 92.97 W, 1410 MHz, 39 %, 60458 MiB
2026/10/03 12:04:47.725, 3, 48, 73.74 W, 1410 MHz, 38 %, 60474 MiB
2026/10/03 12:04:49.725, 0, 54, 74.69 W, 1410 MHz, 38 %, 60458 MiB
2026/10/03 12:04:49.726, 1, 64, 75.75 W, 1410 MHz, 27 %, 60474 MiB
2026/10/03 12:04:49.726, 2, 52, 75.34 W, 1410 MHz, 38 %, 60458 MiB
2026/10/03 12:04:49.726, 3, 48, 63.10 W, 1410 MHz, 38 %, 60474 MiB
2026/10/03 12:04:51.726, 0, 54, 59.12 W, 1410 MHz, 32 %, 60458 MiB
2026/10/03 12:04:51.727, 1, 64, 99.69 W, 1410 MHz, 39 %, 60474 MiB
2026/10/03 12:04:51.727, 2, 52, 65.85 W, 1410 MHz, 33 %, 60458 MiB
2026/10/03 12:04:51.727, 3, 49, 52.05 W, 1410 MHz, 31 %, 60474 MiB
2026/10/03 12:04:53.727, 0, 54, 77.40 W, 1410 MHz, 39 %, 60458 MiB
2026/10/03 12:04:53.728, 1, 64, 85.31 W, 1410 MHz, 39 %, 60474 MiB
2026/10/03 12:04:53.728, 2, 52, 94.01 W, 1410 MHz, 39 %, 60458 MiB
2026/10/03 12:04:53.728, 3, 49, 69.89 W, 1410 MHz, 38 %, 60474 MiB
2026/10/03 12:04:55.729, 0, 54, 62.86 W, 1410 MHz, 48 %, 60458 MiB
2026/10/03 12:04:55.729, 1, 65, 104.15 W, 1410 MHz, 59 %, 60474 MiB
2026/10/03 12:04:55.729, 2, 53, 89.49 W, 1410 MHz, 40 %, 60458 MiB
2026/10/03 12:04:55.729, 3, 49, 63.93 W, 1410 MHz, 52 %, 60474 MiB
2026/10/03 12:04:57.730, 0, 54, 69.15 W, 1410 MHz, 38 %, 60458 MiB
2026/10/03 12:04:57.730, 1, 64, 75.46 W, 1410 MHz, 38 %, 60474 MiB
2026/10/03 12:04:57.730, 2, 52, 68.44 W, 1410 MHz, 39 %, 60458 MiB
2026/10/03 12:04:57.730, 3, 49, 55.12 W, 1410 MHz, 38 %, 60474 MiB
2026/10/03 12:04:59.731, 0, 55, 59.69 W, 1410 MHz, 73 %, 60458 MiB
2026/10/03 12:04:59.731, 1, 64, 87.43 W, 1410 MHz, 63 %, 60474 MiB
2026/10/03 12:04:59.731, 2, 52, 86.79 W, 1410 MHz, 39 %, 60458 MiB
2026/10/03 12:04:59.731, 3, 49, 63.09 W, 1410 MHz, 49 %, 60474 MiB
2026/10/03 12:05:01.732, 0, 55, 81.48 W, 1410 MHz, 56 %, 60458 MiB
2026/10/03 12:05:01.732, 1, 65, 82.26 W, 1410 MHz, 49 %, 60474 MiB
2026/10/03 12:05:01.732, 2, 53, 94.36 W, 1410 MHz, 45 %, 60458 MiB
2026/10/03 12:05:01.733, 3, 49, 71.71 W, 1410 MHz, 54 %, 60474 MiB
2026/10/03 12:05:03.733, 0, 55, 78.79 W, 1410 MHz, 38 %, 60458 MiB
2026/10/03 12:05:03.733, 1, 65, 80.76 W, 1410 MHz, 38 %, 60474 MiB
2026/10/03 12:05:03.733, 2, 53, 90.21 W, 1410 MHz, 38 %, 60458 MiB
2026/10/03 12:05:03.734, 3, 49, 73.11 W, 1410 MHz, 38 %, 60474 MiB
2026/10/03 12:05:05.734, 0, 54, 59.60 W, 1410 MHz, 56 %, 60458 MiB
2026/10/03 12:05:05.734, 1, 64, 93.29 W, 1410 MHz, 39 %, 60474 MiB
2026/10/03 12:05:05.735, 2, 52, 88.80 W, 1410 MHz, 47 %, 60458 MiB
2026/10/03 12:05:05.735, 3, 49, 69.21 W, 1410 MHz, 38 %, 60474 MiB
2026/10/03 12:05:07.735, 0, 55, 77.43 W, 1410 MHz, 38 %, 60458 MiB
2026/10/03 12:05:07.735, 1, 65, 83.60 W, 1410 MHz, 38 %, 60474 MiB
2026/10/03 12:05:07.736, 2, 52, 93.30 W, 1410 MHz, 39 %, 60458 MiB
2026/10/03 12:05:07.736, 3, 49, 71.18 W, 1410 MHz, 38 %, 60474 MiB
2026/10/03 12:05:09.736, 0, 55, 81.09 W, 1410 MHz, 99 %, 60458 MiB
2026/10/03 12:05:09.737, 1, 65, 105.38 W, 1410 MHz, 83 %, 60474 MiB
2026/10/03 12:05:09.737, 2, 53, 94.26 W, 1410 MHz, 99 %, 60458 MiB
2026/10/03 12:05:09.737, 3, 49, 76.21 W, 1410 MHz, 96 %, 60474 MiB
2026/10/03 12:05:11.737, 0, 55, 80.61 W, 1410 MHz, 98 %, 60458 MiB
2026/10/03 12:05:11.738, 1, 66, 106.31 W, 1410 MHz, 99 %, 60474 MiB
2026/10/03 12:05:11.738, 2, 54, 98.82 W, 1410 MHz, 99 %, 60458 MiB
2026/10/03 12:05:11.738, 3, 49, 75.10 W, 1410 MHz, 97 %, 60474 MiB
2026/10/03 12:05:13.738, 0, 56, 80.28 W, 1410 MHz, 98 %, 60458 MiB
2026/10/03 12:05:13.739, 1, 66, 105.79 W, 1410 MHz, 99 %, 60474 MiB
2026/10/03 12:05:13.739, 2, 54, 95.09 W, 1410 MHz, 98 %, 60458 MiB
2026/10/03 12:05:13.739, 3, 50, 75.69 W, 1410 MHz, 97 %, 60474 MiB
2026/10/03 12:05:15.739, 0, 55, 59.70 W, 1410 MHz, 39 %, 60458 MiB
2026/10/03 12:05:15.740, 1, 65, 100.38 W, 1410 MHz, 47 %, 60474 MiB
2026/10/03 12:05:15.740, 2, 53, 66.15 W, 1410 MHz, 36 %, 60458 MiB
2026/10/03 12:05:15.740, 3, 49, 52.33 W, 1410 MHz, 44 %, 60474 MiB
2026/10/03 12:05:17.740, 0, 55, 74.76 W, 1410 MHz, 39 %, 60458 MiB
2026/10/03 12:05:17.741, 1, 65, 80.27 W, 1410 MHz, 39 %, 60474 MiB
2026/10/03 12:05:17.741, 2, 53, 71.32 W, 1410 MHz, 39 %, 60458 MiB
2026/10/03 12:05:17.742, 3, 49, 59.34 W, 1410 MHz, 38 %, 60474 MiB
2026/10/03 12:05:19.743, 0, 55, 60.28 W, 1410 MHz, 40 %, 60458 MiB
2026/10/03 12:05:19.743, 1, 65, 99.81 W, 1410 MHz, 38 %, 60474 MiB
2026/10/03 12:05:19.743, 2, 52, 66.15 W, 1410 MHz, 43 %, 60458 MiB
2026/10/03 12:05:19.744, 3, 49, 52.33 W, 1410 MHz, 35 %, 60474 MiB
2026/10/03 12:05:21.744, 0, 55, 68.22 W, 1410 MHz, 39 %, 60458 MiB
2026/10/03 12:05:21.744, 1, 64, 68.57 W, 1320 MHz, 31 %, 60474 MiB
2026/10/03 12:05:21.744, 2, 53, 67.40 W, 1410 MHz, 32 %, 60458 MiB
2026/10/03 12:05:21.745, 3, 49, 53.95 W, 1410 MHz, 38 %, 60474 MiB
2026/10/03 12:05:23.745, 0, 55, 59.79 W, 1410 MHz, 40 %, 60458 MiB
2026/10/03 12:05:23.745, 1, 65, 94.05 W, 1410 MHz, 42 %, 60474 MiB
2026/10/03 12:05:23.745, 2, 52, 87.75 W, 1410 MHz, 48 %, 60458 MiB
2026/10/03 12:05:23.746, 3, 49, 62.79 W, 1410 MHz, 51 %, 60474 MiB
2026/10/03 12:05:25.746, 0, 55, 81.32 W, 1410 MHz, 61 %, 60458 MiB
2026/10/03 12:05:25.746, 1, 65, 82.54 W, 1410 MHz, 77 %, 60474 MiB
2026/10/03 12:05:25.747, 2, 53, 95.83 W, 1410 MHz, 70 %, 60458 MiB
2026/10/03 12:05:25.747, 3, 49, 75.45 W, 1410 MHz, 85 %, 60474 MiB
2026/10/03 12:05:27.747, 0, 55, 62.57 W, 1410 MHz, 38 %, 60458 MiB
2026/10/03 12:05:27.748, 1, 65, 75.75 W, 1410 MHz, 30 %, 60474 MiB
2026/10/03 12:05:27.748, 2, 53, 67.11 W, 1410 MHz, 39 %, 60458 MiB
2026/10/03 12:05:27.748, 3, 49, 53.29 W, 1410 MHz, 38 %, 60474 MiB
2026/10/03 12:05:29.748, 0, 55, 65.40 W, 1410 MHz, 32 %, 60458 MiB
2026/10/03 12:05:29.749, 1, 65, 92.14 W, 1410 MHz, 39 %, 60474 MiB
2026/10/03 12:05:29.749, 2, 53, 90.38 W, 1410 MHz, 39 %, 60458 MiB
2026/10/03 12:05:29.749, 3, 49, 70.68 W, 1410 MHz, 35 %, 60474 MiB
2026/10/03 12:05:31.750, 0, 55, 66.86 W, 1410 MHz, 39 %, 60458 MiB
2026/10/03 12:05:31.750, 1, 65, 90.72 W, 1410 MHz, 45 %, 60474 MiB
2026/10/03 12:05:31.750, 2, 53, 68.46 W, 1410 MHz, 39 %, 60458 MiB
2026/10/03 12:05:31.750, 3, 49, 55.21 W, 1410 MHz, 38 %, 60474 MiB
2026/10/03 12:05:33.751, 0, 55, 61.15 W, 1410 MHz, 46 %, 60458 MiB
2026/10/03 12:05:33.751, 1, 65, 86.79 W, 1410 MHz, 57 %, 60474 MiB
2026/10/03 12:05:33.751, 2, 52, 66.62 W, 1410 MHz, 41 %, 60458 MiB
2026/10/03 12:05:33.751, 3, 49, 52.73 W, 1410 MHz, 34 %, 60474 MiB
2026/10/03 12:05:35.752, 0, 55, 74.56 W, 1410 MHz, 60 %, 60458 MiB
2026/10/03 12:05:35.752, 1, 65, 77.95 W, 1410 MHz, 69 %, 60474 MiB
2026/10/03 12:05:35.752, 2, 53, 71.81 W, 1410 MHz, 52 %, 60458 MiB
2026/10/03 12:05:35.752, 3, 49, 58.18 W, 1410 MHz, 38 %, 60474 MiB
2026/10/03 12:05:37.753, 0, 55, 72.78 W, 1410 MHz, 26 %, 60458 MiB
2026/10/03 12:05:37.753, 1, 65, 100.69 W, 1410 MHz, 39 %, 60474 MiB
2026/10/03 12:05:37.753, 2, 53, 94.87 W, 1410 MHz, 38 %, 60458 MiB
2026/10/03 12:05:37.754, 3, 49, 70.20 W, 1410 MHz, 40 %, 60474 MiB
2026/10/03 12:05:39.754, 0, 55, 61.71 W, 1410 MHz, 98 %, 60458 MiB
2026/10/03 12:05:39.754, 1, 65, 105.15 W, 1410 MHz, 82 %, 60474 MiB
2026/10/03 12:05:39.754, 2, 53, 94.50 W, 1410 MHz, 98 %, 60458 MiB
2026/10/03 12:05:39.755, 3, 49, 74.57 W, 1410 MHz, 96 %, 60474 MiB
2026/10/03 12:05:41.755, 0, 55, 79.10 W, 1410 MHz, 76 %, 60458 MiB
2026/10/03 12:05:41.755, 1, 65, 95.94 W, 1410 MHz, 39 %, 60474 MiB
2026/10/03 12:05:41.755, 2, 53, 83.45 W, 1410 MHz, 88 %, 60458 MiB
2026/10/03 12:05:41.756, 3, 49, 66.70 W, 1410 MHz, 73 %, 60474 MiB
2026/10/03 12:05:43.756, 0, 56, 84.71 W, 1410 MHz, 99 %, 60458 MiB
2026/10/03 12:05:43.756, 1, 67, 110.72 W, 1410 MHz, 99 %, 60474 MiB
2026/10/03 12:05:43.757, 2, 54, 101.17 W, 1410 MHz, 99 %, 60458 MiB
2026/10/03 12:05:43.757, 3, 50, 76.62 W, 1410 MHz, 98 %, 60474 MiB
2026/10/03 12:05:45.757, 0, 56, 86.85 W, 1410 MHz, 99 %, 60458 MiB
2026/10/03 12:05:45.757, 1, 67, 111.00 W, 1410 MHz, 99 %, 60474 MiB
2026/10/03 12:05:45.758, 2, 54, 102.38 W, 1410 MHz, 99 %, 60458 MiB
2026/10/03 12:05:45.758, 3, 50, 79.27 W, 1410 MHz, 98 %, 60474 MiB
2026/10/03 12:05:47.758, 0, 56, 84.87 W, 1410 MHz, 99 %, 60458 MiB
2026/10/03 12:05:47.759, 1, 67, 111.81 W, 1410 MHz, 99 %, 60474 MiB
2026/10/03 12:05:47.759, 2, 55, 101.62 W, 1410 MHz, 99 %, 60458 MiB
2026/10/03 12:05:47.759, 3, 50, 77.81 W, 1410 MHz, 98 %, 60474 MiB
2026/10/03 12:05:49.759, 0, 56, 86.05 W, 1410 MHz, 99 %, 60458 MiB
2026/10/03 12:05:49.759, 1, 67, 110.88 W, 1410 MHz, 99 %, 60474 MiB
2026/10/03 12:05:49.760, 2, 55, 104.35 W, 1410 MHz, 99 %, 60458 MiB
2026/10/03 12:05:49.760, 3, 50, 77.48 W, 1410 MHz, 98 %, 60474 MiB
2026/10/03 12:05:51.760, 0, 56, 84.71 W, 1410 MHz, 99 %, 60458 MiB
2026/10/03 12:05:51.761, 1, 67, 112.08 W, 1410 MHz, 99 %, 60474 MiB
2026/10/03 12:05:51.761, 2, 55, 103.96 W, 1410 MHz, 99 %, 60458 MiB
2026/10/03 12:05:51.761, 3, 50, 79.51 W, 1410 MHz, 98 %, 60474 MiB
2026/10/03 12:05:53.761, 0, 56, 84.93 W, 1410 MHz, 99 %, 60458 MiB
2026/10/03 12:05:53.761, 1, 67, 113.92 W, 1410 MHz, 99 %, 60474 MiB
2026/10/03 12:05:53.762, 2, 55, 102.84 W, 1410 MHz, 99 %, 60458 MiB
2026/10/03 12:05:53.762, 3, 50, 76.65 W, 1410 MHz, 98 %, 60474 MiB
2026/10/03 12:05:55.762, 0, 57, 88.88 W, 1410 MHz, 99 %, 60458 MiB
2026/10/03 12:05:55.762, 1, 67, 110.69 W, 1410 MHz, 99 %, 60474 MiB
2026/10/03 12:05:55.763, 2, 55, 104.44 W, 1410 MHz, 99 %, 60458 MiB
2026/10/03 12:05:55.763, 3, 51, 79.77 W, 1410 MHz, 98 %, 60474 MiB
2026/10/03 12:05:57.763, 0, 57, 83.58 W, 1410 MHz, 99 %, 60458 MiB
2026/10/03 12:05:57.763, 1, 67, 111.59 W, 1410 MHz, 99 %, 60474 MiB
2026/10/03 12:05:57.764, 2, 55, 101.91 W, 1410 MHz, 99 %, 60458 MiB
2026/10/03 12:05:57.764, 3, 51, 78.18 W, 1410 MHz, 98 %, 60474 MiB
2026/10/03 12:05:59.764, 0, 57, 84.78 W, 1410 MHz, 99 %, 60458 MiB
2026/10/03 12:05:59.765, 1, 68, 112.94 W, 1410 MHz, 99 %, 60474 MiB
2026/10/03 12:05:59.765, 2, 55, 104.97 W, 1410 MHz, 99 %, 60458 MiB
2026/10/03 12:05:59.765, 3, 51, 78.55 W, 1410 MHz, 98 %, 60474 MiB
2026/10/03 12:06:01.765, 0, 57, 84.38 W, 1410 MHz, 99 %, 60458 MiB
2026/10/03 12:06:01.766, 1, 68, 112.80 W, 1410 MHz, 99 %, 60474 MiB
2026/10/03 12:06:01.766, 2, 56, 102.79 W, 1410 MHz, 99 %, 60458 MiB
2026/10/03 12:06:01.766, 3, 51, 77.59 W, 1410 MHz, 98 %, 60474 MiB
2026/10/03 12:06:03.766, 0, 57, 82.58 W, 1410 MHz, 99 %, 60458 MiB
2026/10/03 12:06:03.767, 1, 68, 114.23 W, 1410 MHz, 99 %, 60474 MiB
2026/10/03 12:06:03.767, 2, 55, 102.77 W, 1410 MHz, 99 %, 60458 MiB
2026/10/03 12:06:03.767, 3, 51, 78.93 W, 1410 MHz, 98 %, 60474 MiB
2026/10/03 12:06:05.767, 0, 57, 84.65 W, 1410 MHz, 99 %, 60458 MiB
2026/10/03 12:06:05.768, 1, 68, 111.41 W, 1410 MHz, 99 %, 60474 MiB
2026/10/03 12:06:05.768, 2, 56, 104.19 W, 1410 MHz, 99 %, 60458 MiB
2026/10/03 12:06:05.768, 3, 51, 79.58 W, 1410 MHz, 98 %, 60474 MiB
2026/10/03 12:06:07.768, 0, 57, 85.22 W, 1410 MHz, 99 %, 60458 MiB
2026/10/03 12:06:07.769, 1, 68, 111.52 W, 1410 MHz, 99 %, 60474 MiB
2026/10/03 12:06:07.769, 2, 56, 101.20 W, 1410 MHz, 99 %, 60458 MiB
2026/10/03 12:06:07.769, 3, 51, 78.72 W, 1410 MHz, 98 %, 60474 MiB
2026/10/03 12:06:09.769, 0, 57, 86.60 W, 1410 MHz, 99 %, 60458 MiB
2026/10/03 12:06:09.770, 1, 68, 114.99 W, 1410 MHz, 99 %, 60474 MiB
2026/10/03 12:06:09.770, 2, 56, 108.96 W, 1410 MHz, 99 %, 60458 MiB
2026/10/03 12:06:09.770, 3, 51, 77.29 W, 1410 MHz, 98 %, 60474 MiB
2026/10/03 12:06:11.770, 0, 57, 88.18 W, 1410 MHz, 99 %, 60458 MiB
2026/10/03 12:06:11.771, 1, 68, 109.71 W, 1410 MHz, 99 %, 60474 MiB
2026/10/03 12:06:11.771, 2, 56, 104.79 W, 1410 MHz, 99 %, 60458 MiB
2026/10/03 12:06:11.771, 3, 51, 78.01 W, 1410 MHz, 98 %, 60474 MiB
2026/10/03 12:06:13.771, 0, 57, 84.31 W, 1410 MHz, 99 %, 60458 MiB
2026/10/03 12:06:13.772, 1, 68, 115.65 W, 1410 MHz, 99 %, 60474 MiB
2026/10/03 12:06:13.772, 2, 56, 103.29 W, 1410 MHz, 99 %, 60458 MiB
2026/10/03 12:06:13.772, 3, 51, 78.26 W, 1410 MHz, 98 %, 60474 MiB
2026/10/03 12:06:15.772, 0, 57, 88.43 W, 1410 MHz, 99 %, 60458 MiB
2026/10/03 12:06:15.773, 1, 68, 113.95 W, 1410 MHz, 99 %, 60474 MiB
2026/10/03 12:06:15.773, 2, 56, 105.73 W, 1410 MHz, 99 %, 60458 MiB
2026/10/03 12:06:15.773, 3, 51, 80.82 W, 1410 MHz, 98 %, 60474 MiB
2026/10/03 12:06:17.773, 0, 57, 84.98 W, 1410 MHz, 99 %, 60458 MiB
2026/10/03 12:06:17.774, 1, 68, 111.55 W, 1410 MHz, 99 %, 60474 MiB
2026/10/03 12:06:17.774, 2, 56, 101.61 W, 1410 MHz, 99 %, 60458 MiB
2026/10/03 12:06:17.774, 3, 51, 77.07 W, 1410 MHz, 98 %, 60474 MiB
2026/10/03 12:06:19.774, 0, 57, 86.54 W, 1410 MHz, 99 %, 60458 MiB
2026/10/03 12:06:19.775, 1, 68, 111.42 W, 1410 MHz, 99 %, 60474 MiB
2026/10/03 12:06:19.775, 2, 56, 108.40 W, 1410 MHz, 99 %, 60458 MiB
2026/10/03 12:06:19.775, 3, 51, 76.90 W, 1410 MHz, 98 %, 60474 MiB
2026/10/03 12:06:21.775, 0, 57, 85.75 W, 1410 MHz, 99 %, 60458 MiB
2026/10/03 12:06:21.776, 1, 68, 112.85 W, 1410 MHz, 99 %, 60474 MiB
2026/10/03 12:06:21.776, 2, 56, 105.83 W, 1410 MHz, 99 %, 60458 MiB
2026/10/03 12:06:21.776, 3, 51, 79.94 W, 1410 MHz, 98 %, 60474 MiB
2026/10/03 12:06:23.776, 0, 57, 87.30 W, 1410 MHz, 94 %, 60458 MiB
2026/10/03 12:06:23.777, 1, 68, 110.78 W, 1410 MHz, 99 %, 60474 MiB
2026/10/03 12:06:23.777, 2, 56, 102.76 W, 1410 MHz, 97 %, 60458 MiB
2026/10/03 12:06:23.777, 3, 51, 79.02 W, 1410 MHz, 98 %, 60474 MiB
2026/10/03 12:06:25.777, 0, 58, 84.89 W, 1410 MHz, 99 %, 60458 MiB
2026/10/03 12:06:25.778, 1, 68, 111.33 W, 1410 MHz, 99 %, 60474 MiB
2026/10/03 12:06:25.778, 2, 56, 101.15 W, 1410 MHz, 99 %, 60458 MiB
2026/10/03 12:06:25.778, 3, 51, 78.36 W, 1410 MHz, 98 %, 60474 MiB
2026/10/03 12:06:27.778, 0, 58, 85.72 W, 1410 MHz, 99 %, 60458 MiB
2026/10/03 12:06:27.779, 1, 68, 112.29 W, 1410 MHz, 99 %, 60474 MiB
2026/10/03 12:06:27.779, 2, 57, 103.96 W, 1410 MHz, 99 %, 60458 MiB
2026/10/03 12:06:27.779, 3, 51, 79.18 W, 1410 MHz, 98 %, 60474 MiB
2026/10/03 12:06:29.779, 0, 58, 85.24 W, 1410 MHz, 99 %, 60458 MiB
2026/10/03 12:06:29.780, 1, 69, 113.00 W, 1410 MHz, 99 %, 60474 MiB
2026/10/03 12:06:29.780, 2, 57, 103.10 W, 1410 MHz, 99 %, 60458 MiB
2026/10/03 12:06:29.780, 3, 52, 78.60 W, 1410 MHz, 98 %, 60474 MiB
2026/10/03 12:06:31.780, 0, 58, 85.25 W, 1410 MHz, 99 %, 60458 MiB
2026/10/03 12:06:31.781, 1, 69, 115.63 W, 1410 MHz, 99 %, 60474 MiB
2026/10/03 12:06:31.781, 2, 57, 103.62 W, 1410 MHz, 99 %, 60458 MiB
2026/10/03 12:06:31.781, 3, 52, 78.48 W, 1410 MHz, 98 %, 60474 MiB
2026/10/03 12:06:33.781, 0, 58, 87.83 W, 1410 MHz, 99 %, 60458 MiB
2026/10/03 12:06:33.782, 1, 69, 108.02 W, 1410 MHz, 99 %, 60474 MiB
2026/10/03 12:06:33.782, 2, 57, 108.40 W, 1410 MHz, 99 %, 60458 MiB
2026/10/03 12:06:33.782, 3, 52, 80.14 W, 1410 MHz, 98 %, 60474 MiB
2026/10/03 12:06:35.782, 0, 58, 87.21 W, 1410 MHz, 99 %, 60458 MiB
2026/10/03 12:06:35.783, 1, 69, 113.27 W, 1410 MHz, 99 %, 60474 MiB
2026/10/03 12:06:35.783, 2, 57, 102.71 W, 1410 MHz, 99 %, 60458 MiB
2026/10/03 12:06:35.783, 3, 52, 77.48 W, 1410 MHz, 98 %, 60474 MiB
2026/10/03 12:06:37.783, 0, 58, 85.39 W, 1410 MHz, 99 %, 60458 MiB
2026/10/03 12:06:37.784, 1, 69, 110.54 W, 1410 MHz, 99 %, 60474 MiB
2026/10/03 12:06:37.784, 2, 57, 104.79 W, 1410 MHz, 99 %, 60458 MiB
2026/10/03 12:06:37.784, 3, 52, 78.05 W, 1410 MHz, 98 %, 60474 MiB
2026/10/03 12:06:39.784, 0, 58, 87.45 W, 1410 MHz, 99 %, 60458 MiB
2026/10/03 12:06:39.785, 1, 69, 114.70 W, 1410 MHz, 99 %, 60474 MiB
2026/10/03 12:06:39.785, 2, 57, 103.44 W, 1410 MHz, 99 %, 60458 MiB
2026/10/03 12:06:39.785, 3, 52, 76.71 W, 1410 MHz, 98 %, 60474 MiB
2026/10/03 12:06:41.785, 0, 58, 85.95 W, 1410 MHz, 99 %, 60458 MiB
2026/10/03 12:06:41.786, 1, 69, 114.77 W, 1410 MHz, 99 %, 60474 MiB
2026/10/03 12:06:41.786, 2, 57, 103.31 W, 1410 MHz, 99 %, 60458 MiB
2026/10/03 12:06:41.786, 3, 52, 76.98 W, 1410 MHz, 98 %, 60474 MiB
2026/10/03 12:06:43.786, 0, 57, 57.81 W, 1410 MHz, 92 %, 60458 MiB
2026/10/03 12:06:43.787, 1, 67, 73.75 W, 1410 MHz, 18 %, 60474 MiB
2026/10/03 12:06:43.787, 2, 55, 62.41 W, 1410 MHz, 85 %, 60458 MiB
2026/10/03 12:06:43.787, 3, 51, 49.35 W, 1410 MHz, 34 %, 60474 MiB
2026/10/03 12:06:45.788, 0, 58, 79.20 W, 1410 MHz, 76 %, 60458 MiB
2026/10/03 12:06:45.788, 1, 68, 115.38 W, 1410 MHz, 38 %, 60474 MiB
2026/10/03 12:06:45.788, 2, 57, 98.96 W, 1410 MHz, 75 %, 60458 MiB
2026/10/03 12:06:45.788, 3, 52, 78.67 W, 1410 MHz, 89 %, 60474 MiB
2026/10/03 12:06:47.789, 0, 58, 88.05 W, 1410 MHz, 99 %, 60458 MiB
2026/10/03 12:06:47.789, 1, 69, 117.19 W, 1410 MHz, 99 %, 60474 MiB
2026/10/03 12:06:47.789, 2, 57, 105.01 W, 1410 MHz, 99 %, 60458 MiB
2026/10/03 12:06:47.789, 3, 52, 80.57 W, 1410 MHz, 98 %, 60474 MiB
2026/10/03 12:06:49.790, 0, 58, 87.38 W, 1410 MHz, 99 %, 60458 MiB
2026/10/03 12:06:49.790, 1, 69, 112.07 W, 1410 MHz, 99 %, 60474 MiB
2026/10/03 12:06:49.790, 2, 57, 102.99 W, 1410 MHz, 99 %, 60458 MiB
2026/10/03 12:06:49.791, 3, 52, 80.12 W, 1410 MHz, 98 %, 60474 MiB
2026/10/03 12:06:51.791, 0, 58, 99.11 W, 1410 MHz, 56 %, 60458 MiB
2026/10/03 12:06:51.791, 1, 69, 126.43 W, 1410 MHz, 49 %, 60474 MiB
2026/10/03 12:06:51.791, 2, 57, 121.81 W, 1410 MHz, 55 %, 60458 MiB
2026/10/03 12:06:51.792, 3, 52, 81.51 W, 1410 MHz, 61 %, 60474 MiB
2026/10/03 12:06:53.792, 0, 58, 86.31 W, 1410 MHz, 99 %, 60458 MiB
2026/10/03 12:06:53.792, 1, 69, 111.27 W, 1410 MHz, 99 %, 60474 MiB
2026/10/03 12:06:53.792, 2, 57, 98.00 W, 1410 MHz, 99 %, 60458 MiB
2026/10/03 12:06:53.793, 3, 52, 76.65 W, 1410 MHz, 98 %, 60474 MiB
2026/10/03 12:06:55.793, 0, 58, 82.65 W, 1410 MHz, 99 %, 60458 MiB
2026/10/03 12:06:55.793, 1, 69, 112.22 W, 1410 MHz, 99 %, 60474 MiB
2026/10/03 12:06:55.793, 2, 57, 99.28 W, 1410 MHz, 99 %, 60458 MiB
2026/10/03 12:06:55.794, 3, 52, 77.54 W, 1410 MHz, 98 %, 60474 MiB
2026/10/03 12:06:57.794, 0, 58, 83.49 W, 1410 MHz, 97 %, 60458 MiB
2026/10/03 12:06:57.794, 1, 69, 108.68 W, 1410 MHz, 91 %, 60474 MiB
2026/10/03 12:06:57.795, 2, 57, 102.16 W, 1410 MHz, 91 %, 60458 MiB
2026/10/03 12:06:57.795, 3, 52, 75.80 W, 1410 MHz, 92 %, 60474 MiB
2026/10/03 12:06:59.795, 0, 58, 84.39 W, 1410 MHz, 99 %, 60458 MiB
2026/10/03 12:06:59.795, 1, 69, 111.13 W, 1410 MHz, 99 %, 60474 MiB
2026/10/03 12:06:59.796, 2, 57, 102.29 W, 1410 MHz, 99 %, 60458 MiB
2026/10/03 12:06:59.796, 3, 52, 76.47 W, 1410 MHz, 98 %, 60474 MiB
2026/10/03 12:07:01.796, 0, 58, 85.32 W, 1410 MHz, 99 %, 60458 MiB
2026/10/03 12:07:01.796, 1, 69, 111.88 W, 1410 MHz, 99 %, 60474 MiB
2026/10/03 12:07:01.797, 2, 57, 102.55 W, 1410 MHz, 99 %, 60458 MiB
2026/10/03 12:07:01.797, 3, 52, 73.95 W, 1410 MHz, 98 %, 60474 MiB
2026/10/03 12:07:03.797, 0, 58, 83.51 W, 1410 MHz, 98 %, 60458 MiB
2026/10/03 12:07:03.797, 1, 69, 109.83 W, 1410 MHz, 99 %, 60474 MiB
2026/10/03 12:07:03.798, 2, 57, 98.60 W, 1410 MHz, 98 %, 60458 MiB
2026/10/03 12:07:03.798, 3, 52, 74.85 W, 1410 MHz, 97 %, 60474 MiB
2026/10/03 12:07:05.798, 0, 58, 87.55 W, 1410 MHz, 76 %, 60458 MiB
2026/10/03 12:07:05.798, 1, 68, 100.36 W, 1410 MHz, 19 %, 60474 MiB
2026/10/03 12:07:05.799, 2, 56, 99.77 W, 1410 MHz, 75 %, 60458 MiB
2026/10/03 12:07:05.799, 3, 51, 75.32 W, 1410 MHz, 41 %, 60474 MiB
2026/10/03 12:07:07.799, 0, 58, 88.44 W, 1410 MHz, 99 %, 60458 MiB
2026/10/03 12:07:07.800, 1, 69, 117.43 W, 1410 MHz, 99 %, 60474 MiB
2026/10/03 12:07:07.800, 2, 57, 106.36 W, 1410 MHz, 99 %, 60458 MiB
2026/10/03 12:07:07.800, 3, 52, 80.49 W, 1410 MHz, 98 %, 60474 MiB
2026/10/03 12:07:09.800, 0, 57, 64.00 W, 1410 MHz, 34 %, 60458 MiB
2026/10/03 12:07:09.801, 1, 68, 113.64 W, 1410 MHz, 39 %, 60474 MiB
2026/10/03 12:07:09.801, 2, 56, 69.58 W, 1410 MHz, 40 %, 60458 MiB
2026/10/03 12:07:09.801, 3, 51, 53.88 W, 1410 MHz, 24 %, 60474 MiB
2026/10/03 12:07:11.801, 0, 57, 69.35 W, 1410 MHz, 49 %, 60458 MiB
2026/10/03 12:07:11.802, 1, 68, 115.74 W, 1410 MHz, 51 %, 60474 MiB
2026/10/03 12:07:11.802, 2, 56, 71.12 W, 1410 MHz, 51 %, 60458 MiB
2026/10/03 12:07:11.802, 3, 52, 53.69 W, 1410 MHz, 49 %, 60474 MiB
2026/10/03 12:07:13.802, 0, 57, 61.62 W, 1410 MHz, 29 %, 60458 MiB
2026/10/03 12:07:13.803, 1, 68, 86.95 W, 1410 MHz, 45 %, 60474 MiB
2026/10/03 12:07:13.803, 2, 56, 107.97 W, 1410 MHz, 25 %, 60458 MiB
2026/10/03 12:07:13.803, 3, 51, 83.29 W, 1410 MHz, 42 %, 60474 MiB
2026/10/03 12:07:15.803, 0, 57, 61.34 W, 1410 MHz, 24 %, 60458 MiB
2026/10/03 12:07:15.804, 1, 67, 79.21 W, 1410 MHz, 24 %, 60474 MiB
2026/10/03 12:07:15.804, 2, 55, 71.03 W, 1410 MHz, 24 %, 60458 MiB
2026/10/03 12:07:15.804, 3, 51, 55.12 W, 1410 MHz, 27 %, 60474 MiB
2026/10/03 12:07:17.804, 0, 57, 87.04 W, 1410 MHz, 54 %, 60458 MiB
2026/10/03 12:07:17.805, 1, 67, 77.57 W, 1410 MHz, 10 %, 60474 MiB
2026/10/03 12:07:17.805, 2, 56, 67.60 W, 1410 MHz, 47 %, 60458 MiB
2026/10/03 12:07:17.805, 3, 50, 46.94 W, 1275 MHz, 26 %, 60474 MiB
2026/10/03 12:07:19.806, 0, 57, 90.44 W, 1410 MHz, 25 %, 60458 MiB
2026/10/03 12:07:19.806, 1, 67, 78.43 W, 1410 MHz, 26 %, 60474 MiB
2026/10/03 12:07:19.806, 2, 55, 81.18 W, 1410 MHz, 25 %, 60458 MiB
2026/10/03 12:07:19.806, 3, 51, 57.05 W, 1350 MHz, 25 %, 60474 MiB
2026/10/03 12:07:21.807, 0, 57, 62.55 W, 1410 MHz, 24 %, 60458 MiB
2026/10/03 12:07:21.807, 1, 67, 78.63 W, 1410 MHz, 28 %, 60474 MiB
2026/10/03 12:07:21.807, 2, 55, 68.36 W, 1410 MHz, 22 %, 60458 MiB
2026/10/03 12:07:21.807, 3, 50, 46.16 W, 1140 MHz, 28 %, 60474 MiB
2026/10/03 12:07:23.808, 0, 56, 64.49 W, 1140 MHz, 10 %, 60458 MiB
2026/10/03 12:07:23.808, 1, 66, 56.28 W, 1140 MHz, 29 %, 60474 MiB
2026/10/03 12:07:23.808, 2, 54, 53.47 W, 1140 MHz, 3 %, 60458 MiB
2026/10/03 12:07:23.809, 3, 50, 47.71 W, 1140 MHz, 29 %, 60474 MiB
2026/10/03 12:07:25.809, 0, 56, 63.06 W, 1140 MHz, 29 %, 60458 MiB
2026/10/03 12:07:25.809, 1, 66, 78.87 W, 1140 MHz, 29 %, 60474 MiB
2026/10/03 12:07:25.809, 2, 54, 52.70 W, 1140 MHz, 23 %, 60458 MiB
2026/10/03 12:07:25.810, 3, 50, 47.13 W, 1140 MHz, 28 %, 60474 MiB
2026/10/03 12:07:27.810, 0, 57, 71.35 W, 1410 MHz, 25 %, 60458 MiB
2026/10/03 12:07:27.810, 1, 67, 109.32 W, 1410 MHz, 25 %, 60474 MiB
2026/10/03 12:07:27.811, 2, 55, 72.76 W, 1410 MHz, 25 %, 60458 MiB
2026/10/03 12:07:27.811, 3, 50, 51.38 W, 1380 MHz, 24 %, 60474 MiB
2026/10/03 12:07:29.811, 0, 56, 61.61 W, 1410 MHz, 13 %, 60458 MiB
2026/10/03 12:07:29.812, 1, 67, 102.94 W, 1410 MHz, 25 %, 60474 MiB
2026/10/03 12:07:29.812, 2, 55, 67.59 W, 1410 MHz, 12 %, 60458 MiB
2026/10/03 12:07:29.812, 3, 50, 80.42 W, 1410 MHz, 24 %, 60474 MiB
2026/10/03 12:07:31.812, 0, 57, 76.41 W, 1410 MHz, 33 %, 60458 MiB
2026/10/03 12:07:31.813, 1, 68, 108.93 W, 1410 MHz, 39 %, 60474 MiB
2026/10/03 12:07:31.813, 2, 55, 69.51 W, 1410 MHz, 40 %, 60458 MiB
2026/10/03 12:07:31.813, 3, 51, 53.29 W, 1410 MHz, 25 %, 60474 MiB
2026/10/03 12:07:33.813, 0, 57, 86.73 W, 1410 MHz, 54 %, 60458 MiB
2026/10/03 12:07:33.814, 1, 66, 61.28 W, 1230 MHz, 43 %, 60474 MiB
2026/10/03 12:07:33.814, 2, 55, 69.96 W, 1410 MHz, 29 %, 60458 MiB
2026/10/03 12:07:33.814, 3, 50, 46.94 W, 1140 MHz, 26 %, 60474 MiB
2026/10/03 12:07:35.814, 0, 56, 61.05 W, 1410 MHz, 26 %, 60458 MiB
2026/10/03 12:07:35.815, 1, 66, 78.05 W, 1410 MHz, 34 %, 60474 MiB
2026/10/03 12:07:35.815, 2, 55, 69.58 W, 1410 MHz, 36 %, 60458 MiB
2026/10/03 12:07:35.815, 3, 50, 53.29 W, 1410 MHz, 24 %, 60474 MiB
2026/10/03 12:07:37.815, 0, 56, 66.21 W, 1410 MHz, 26 %, 60458 MiB
2026/10/03 12:07:37.816, 1, 66, 77.95 W, 1410 MHz, 28 %, 60474 MiB
2026/10/03 12:07:37.816, 2, 55, 68.93 W, 1410 MHz, 26 %, 60458 MiB
2026/10/03 12:07:37.816, 3, 50, 49.23 W, 1320 MHz, 26 %, 60474 MiB
2026/10/03 12:07:39.816, 0, 56, 60.96 W, 1410 MHz, 16 %, 60458 MiB
2026/10/03 12:07:39.817, 1, 66, 88.58 W, 1410 MHz, 25 %, 60474 MiB
2026/10/03 12:07:39.817, 2, 54, 67.10 W, 1410 MHz, 7 %, 60458 MiB
2026/10/03 12:07:39.817, 3, 50, 52.44 W, 1410 MHz, 25 %, 60474 MiB
2026/10/03 12:07:41.818, 0, 56, 61.15 W, 1410 MHz, 28 %, 60458 MiB
2026/10/03 12:07:41.818, 1, 66, 80.27 W, 1410 MHz, 29 %, 60474 MiB
2026/10/03 12:07:41.818, 2, 53, 48.74 W, 1140 MHz, 28 %, 60458 MiB
2026/10/03 12:07:41.818, 3, 50, 45.70 W, 1140 MHz, 29 %, 60474 MiB
2026/10/03 12:07:43.819, 0, 56, 51.94 W, 1140 MHz, 26 %, 60458 MiB
2026/10/03 12:07:43.819, 1, 65, 55.69 W, 1140 MHz, 16 %, 60474 MiB
2026/10/03 12:07:43.819, 2, 54, 84.36 W, 1320 MHz, 26 %, 60458 MiB
2026/10/03 12:07:43.819, 3, 50, 49.26 W, 1335 MHz, 26 %, 60474 MiB
2026/10/03 12:07:45.820, 0, 55, 51.95 W, 1140 MHz, 25 %, 60458 MiB
2026/10/03 12:07:45.820, 1, 65, 55.40 W, 1140 MHz, 19 %, 60474 MiB
2026/10/03 12:07:45.820, 2, 53, 48.35 W, 1140 MHz, 29 %, 60458 MiB
2026/10/03 12:07:45.821, 3, 49, 45.61 W, 1140 MHz, 28 %, 60474 MiB
2026/10/03 12:07:47.821, 0, 55, 51.86 W, 1140 MHz, 29 %, 60458 MiB
2026/10/03 12:07:47.821, 1, 65, 55.41 W, 1140 MHz, 28 %, 60474 MiB
2026/10/03 12:07:47.821, 2, 53, 49.81 W, 1140 MHz, 22 %, 60458 MiB
2026/10/03 12:07:47.822, 3, 49, 46.06 W, 1140 MHz, 28 %, 60474 MiB
2026/10/03 12:07:49.822, 0, 56, 56.28 W, 1140 MHz, 29 %, 60458 MiB
2026/10/03 12:07:49.822, 1, 65, 78.92 W, 1140 MHz, 23 %, 60474 MiB
2026/10/03 12:07:49.823, 2, 53, 62.13 W, 1140 MHz, 29 %, 60458 MiB
2026/10/03 12:07:49.823, 3, 50, 65.52 W, 1140 MHz, 9 %, 60474 MiB
2026/10/03 12:07:51.823, 0, 55, 51.86 W, 1140 MHz, 29 %, 60458 MiB
2026/10/03 12:07:51.823, 1, 64, 55.51 W, 1140 MHz, 29 %, 60474 MiB
2026/10/03 12:07:51.824, 2, 52, 58.28 W, 1140 MHz, 23 %, 60458 MiB
2026/10/03 12:07:51.824, 3, 49, 48.10 W, 1140 MHz, 29 %, 60474 MiB
2026/10/03 12:07:53.825, 0, 56, 74.75 W, 1140 MHz, 39 %, 60458 MiB
2026/10/03 12:07:53.825, 1, 64, 55.12 W, 1140 MHz, 29 %, 60474 MiB
2026/10/03 12:07:53.825, 2, 53, 65.49 W, 1410 MHz, 51 %, 60458 MiB
2026/10/03 12:07:53.825, 3, 49, 45.50 W, 1140 MHz, 29 %, 60474 MiB
2026/10/03 12:07:55.826, 0, 56, 60.56 W, 1410 MHz, 42 %, 60458 MiB
2026/10/03 12:07:55.826, 1, 66, 86.18 W, 1410 MHz, 49 %, 60474 MiB
2026/10/03 12:07:55.826, 2, 54, 111.62 W, 1410 MHz, 40 %, 60458 MiB
2026/10/03 12:07:55.826, 3, 50, 85.60 W, 1410 MHz, 44 %, 60474 MiB
2026/10/03 12:07:57.827, 0, 56, 76.85 W, 1410 MHz, 27 %, 60458 MiB
2026/10/03 12:07:57.827, 1, 66, 84.09 W, 1410 MHz, 27 %, 60474 MiB
2026/10/03 12:07:57.828, 2, 53, 83.03 W, 1245 MHz, 27 %, 60458 MiB
2026/10/03 12:07:57.828, 3, 50, 61.92 W, 1215 MHz, 32 %, 60474 MiB
2026/10/03 12:07:59.829, 0, 55, 52.03 W, 1140 MHz, 3 %, 60458 MiB
2026/10/03 12:07:59.829, 1, 64, 58.49 W, 1140 MHz, 10 %, 60474 MiB
2026/10/03 12:07:59.829, 2, 52, 48.16 W, 1140 MHz, 18 %, 60458 MiB
2026/10/03 12:07:59.830, 3, 49, 62.51 W, 1140 MHz, 28 %, 60474 MiB
2026/10/03 12:08:01.830, 0, 56, 84.89 W, 1380 MHz, 28 %, 60458 MiB
2026/10/03 12:08:01.830, 1, 64, 77.05 W, 1140 MHz, 29 %, 60474 MiB
2026/10/03 12:08:01.830, 2, 53, 71.89 W, 1410 MHz, 13 %, 60458 MiB
2026/10/03 12:08:01.831, 3, 49, 50.19 W, 1140 MHz, 28 %, 60474 MiB
2026/10/03 12:08:03.831, 0, 56, 60.58 W, 1410 MHz, 17 %, 60458 MiB
2026/10/03 12:08:03.831, 1, 65, 77.48 W, 1410 MHz, 2 %, 60474 MiB
2026/10/03 12:08:03.832, 2, 53, 66.34 W, 1410 MHz, 25 %, 60458 MiB
2026/10/03 12:08:03.832, 3, 49, 53.49 W, 1410 MHz, 0 %, 60474 MiB
2026/10/03 12:08:05.832, 0, 55, 51.75 W, 1140 MHz, 38 %, 60458 MiB
2026/10/03 12:08:05.833, 1, 64, 55.69 W, 1140 MHz, 27 %, 60474 MiB
2026/10/03 12:08:05.833, 2, 52, 73.23 W, 1290 MHz, 37 %, 60458 MiB
2026/10/03 12:08:05.833, 3, 49, 54.35 W, 1395 MHz, 27 %, 60474 MiB
2026/10/03 12:08:07.833, 0, 55, 72.61 W, 1140 MHz, 27 %, 60458 MiB
2026/10/03 12:08:07.834, 1, 65, 55.31 W, 1140 MHz, 27 %, 60474 MiB
2026/10/03 12:08:07.834, 2, 52, 47.87 W, 1140 MHz, 12 %, 60458 MiB
2026/10/03 12:08:07.834, 3, 49, 45.89 W, 1140 MHz, 27 %, 60474 MiB
2026/10/03 12:08:09.834, 0, 55, 53.00 W, 1140 MHz, 29 %, 60458 MiB
2026/10/03 12:08:09.835, 1, 64, 68.37 W, 1140 MHz, 29 %, 60474 MiB
2026/10/03 12:08:09.835, 2, 52, 76.11 W, 1140 MHz, 15 %, 60458 MiB
2026/10/03 12:08:09.835, 3, 49, 69.86 W, 1140 MHz, 29 %, 60474 MiB
2026/10/03 12:08:11.835, 0, 56, 61.62 W, 1410 MHz, 26 %, 60458 MiB
2026/10/03 12:08:11.836, 1, 65, 99.48 W, 1410 MHz, 26 %, 60474 MiB
2026/10/03 12:08:11.836, 2, 53, 105.44 W, 1410 MHz, 22 %, 60458 MiB
2026/10/03 12:08:11.836, 3, 49, 49.64 W, 1350 MHz, 25 %, 60474 MiB
2026/10/03 12:08:13.837, 0, 57, 85.96 W, 1410 MHz, 99 %, 60458 MiB
2026/10/03 12:08:13.837, 1, 67, 115.29 W, 1410 MHz, 99 %, 60474 MiB
2026/10/03 12:08:13.837, 2, 55, 104.05 W, 1410 MHz, 99 %, 60458 MiB
2026/10/03 12:08:13.837, 3, 50, 78.97 W, 1410 MHz, 98 %, 60474 MiB
2026/10/03 12:08:15.838, 0, 57, 87.88 W, 1410 MHz, 99 %, 60458 MiB
2026/10/03 12:08:15.838, 1, 67, 112.95 W, 1410 MHz, 99 %, 60474 MiB
2026/10/03 12:08:15.838, 2, 55, 105.22 W, 1410 MHz, 99 %, 60458 MiB
2026/10/03 12:08:15.838, 3, 51, 76.81 W, 1410 MHz, 98 %, 60474 MiB
2026/10/03 12:08:17.839, 0, 57, 87.40 W, 1410 MHz, 99 %, 60458 MiB
2026/10/03 12:08:17.839, 1, 67, 112.99 W, 1410 MHz, 99 %, 60474 MiB
2026/10/03 12:08:17.839, 2, 55, 101.19 W, 1410 MHz, 99 %, 60458 MiB
2026/10/03 12:08:17.839, 3, 51, 80.08 W, 1410 MHz, 98 %, 60474 MiB
2026/10/03 12:08:19.840, 0, 57, 89.26 W, 1410 MHz, 99 %, 60458 MiB
2026/10/03 12:08:19.840, 1, 68, 116.62 W, 1410 MHz, 99 %, 60474 MiB
2026/10/03 12:08:19.840, 2, 55, 108.34 W, 1410 MHz, 99 %, 60458 MiB
2026/10/03 12:08:19.840, 3, 51, 79.39 W, 1410 MHz, 98 %, 60474 MiB
2026/10/03 12:08:21.841, 0, 56, 84.73 W, 1410 MHz, 24 %, 60458 MiB
2026/10/03 12:08:21.841, 1, 67, 85.19 W, 1410 MHz, 24 %, 60474 MiB
2026/10/03 12:08:21.841, 2, 54, 78.81 W, 1410 MHz, 32 %, 60458 MiB
2026/10/03 12:08:21.841, 3, 50, 53.67 W, 1410 MHz, 24 %, 60474 MiB
2026/10/03 12:08:23.842, 0, 57, 76.86 W, 1410 MHz, 51 %, 60458 MiB
2026/10/03 12:08:23.842, 1, 67, 111.60 W, 1410 MHz, 45 %, 60474 MiB
2026/10/03 12:08:23.842, 2, 55, 80.60 W, 1410 MHz, 37 %, 60458 MiB
2026/10/03 12:08:23.842, 3, 51, 82.08 W, 1410 MHz, 44 %, 60474 MiB
2026/10/03 12:08:25.843, 0, 56, 63.53 W, 1410 MHz, 32 %, 60458 MiB
2026/10/03 12:08:25.843, 1, 66, 118.48 W, 1410 MHz, 31 %, 60474 MiB
2026/10/03 12:08:25.843, 2, 54, 88.25 W, 1410 MHz, 24 %, 60458 MiB
2026/10/03 12:08:25.844, 3, 50, 52.54 W, 1410 MHz, 31 %, 60474 MiB
2026/10/03 12:08:27.844, 0, 57, 86.45 W, 1410 MHz, 66 %, 60458 MiB
2026/10/03 12:08:27.844, 1, 67, 100.41 W, 1410 MHz, 62 %, 60474 MiB
2026/10/03 12:08:27.844, 2, 55, 73.81 W, 1410 MHz, 66 %, 60458 MiB
2026/10/03 12:08:27.845, 3, 50, 53.29 W, 1410 MHz, 68 %, 60474 MiB
2026/10/03 12:08:29.845, 0, 56, 65.29 W, 1140 MHz, 25 %, 60458 MiB
2026/10/03 12:08:29.845, 1, 66, 82.32 W, 1140 MHz, 13 %, 60474 MiB
2026/10/03 12:08:29.846, 2, 53, 48.54 W, 1140 MHz, 25 %, 60458 MiB
2026/10/03 12:08:29.846, 3, 50, 45.88 W, 1140 MHz, 13 %, 60474 MiB
2026/10/03 12:08:31.846, 0, 55, 55.89 W, 1140 MHz, 34 %, 60458 MiB
2026/10/03 12:08:31.847, 1, 65, 80.54 W, 1140 MHz, 32 %, 60474 MiB
2026/10/03 12:08:31.847, 2, 52, 48.64 W, 1140 MHz, 29 %, 60458 MiB
2026/10/03 12:08:31.847, 3, 49, 45.59 W, 1140 MHz, 32 %, 60474 MiB
2026/10/03 12:08:33.847, 0, 56, 60.68 W, 1410 MHz, 35 %, 60458 MiB
2026/10/03 12:08:33.848, 1, 66, 87.70 W, 1410 MHz, 50 %, 60474 MiB
2026/10/03 12:08:33.848, 2, 54, 99.56 W, 1410 MHz, 27 %, 60458 MiB
2026/10/03 12:08:33.848, 3, 50, 85.47 W, 1410 MHz, 49 %, 60474 MiB
2026/10/03 12:08:35.848, 0, 56, 92.53 W, 1410 MHz, 30 %, 60458 MiB
2026/10/03 12:08:35.849, 1, 66, 110.18 W, 1410 MHz, 26 %, 60474 MiB
2026/10/03 12:08:35.849, 2, 54, 85.36 W, 1410 MHz, 49 %, 60458 MiB
2026/10/03 12:08:35.849, 3, 50, 52.73 W, 1410 MHz, 27 %, 60474 MiB
2026/10/03 12:08:37.850, 0, 57, 68.01 W, 1410 MHz, 53 %, 60458 MiB
2026/10/03 12:08:37.850, 1, 67, 120.96 W, 1410 MHz, 67 %, 60474 MiB
2026/10/03 12:08:37.850, 2, 54, 71.42 W, 1410 MHz, 75 %, 60458 MiB
2026/10/03 12:08:37.850, 3, 50, 88.03 W, 1410 MHz, 54 %, 60474 MiB
2026/10/03 12:08:39.851, 0, 56, 69.13 W, 1410 MHz, 74 %, 60458 MiB
2026/10/03 12:08:39.851, 1, 66, 119.37 W, 1410 MHz, 73 %, 60474 MiB
2026/10/03 12:08:39.851, 2, 54, 71.51 W, 1410 MHz, 49 %, 60458 MiB
2026/10/03 12:08:39.851, 3, 50, 80.67 W, 1410 MHz, 70 %, 60474 MiB
2026/10/03 12:08:41.852, 0, 56, 61.15 W, 1410 MHz, 0 %, 60458 MiB
2026/10/03 12:08:41.852, 1, 66, 82.26 W, 1410 MHz, 11 %, 60474 MiB
2026/10/03 12:08:41.852, 2, 53, 66.53 W, 1410 MHz, 16 %, 60458 MiB
2026/10/03 12:08:41.852, 3, 50, 49.64 W, 1140 MHz, 14 %, 60474 MiB
2026/10/03 12:08:43.853, 0, 56, 60.67 W, 1410 MHz, 42 %, 60458 MiB
2026/10/03 12:08:43.853, 1, 66, 77.67 W, 1410 MHz, 31 %, 60474 MiB
2026/10/03 12:08:43.853, 2, 54, 69.57 W, 1410 MHz, 25 %, 60458 MiB
2026/10/03 12:08:43.853, 3, 50, 83.71 W, 1410 MHz, 26 %, 60474 MiB
2026/10/03 12:08:45.854, 0, 56, 61.05 W, 1410 MHz, 3 %, 60458 MiB
2026/10/03 12:08:45.854, 1, 66, 77.48 W, 1410 MHz, 14 %, 60474 MiB
2026/10/03 12:08:45.854, 2, 54, 66.62 W, 1410 MHz, 10 %, 60458 MiB
2026/10/03 12:08:45.855, 3, 50, 52.35 W, 1410 MHz, 18 %, 60474 MiB
2026/10/03 12:08:47.855, 0, 56, 89.24 W, 1410 MHz, 26 %, 60458 MiB
2026/10/03 12:08:47.855, 1, 66, 77.67 W, 1410 MHz, 26 %, 60474 MiB
2026/10/03 12:08:47.856, 2, 53, 52.21 W, 1140 MHz, 14 %, 60458 MiB
2026/10/03 12:08:47.856, 3, 50, 49.94 W, 1350 MHz, 26 %, 60474 MiB
2026/10/03 12:08:49.856, 0, 56, 84.75 W, 1410 MHz, 24 %, 60458 MiB
2026/10/03 12:08:49.856, 1, 66, 78.83 W, 1410 MHz, 33 %, 60474 MiB
2026/10/03 12:08:49.857, 2, 54, 109.40 W, 1410 MHz, 24 %, 60458 MiB
2026/10/03 12:08:49.857, 3, 50, 54.35 W, 1410 MHz, 32 %, 60474 MiB
2026/10/03 12:08:51.857, 0, 57, 84.99 W, 1410 MHz, 92 %, 60458 MiB
2026/10/03 12:08:51.858, 1, 67, 117.72 W, 1410 MHz, 67 %, 60474 MiB
2026/10/03 12:08:51.858, 2, 55, 109.06 W, 1410 MHz, 79 %, 60458 MiB
2026/10/03 12:08:51.858, 3, 50, 77.09 W, 1410 MHz, 85 %, 60474 MiB
2026/10/03 12:08:53.858, 0, 57, 88.09 W, 1410 MHz, 99 %, 60458 MiB
2026/10/03 12:08:53.859, 1, 68, 115.89 W, 1410 MHz, 99 %, 60474 MiB
2026/10/03 12:08:53.859, 2, 55, 103.47 W, 1410 MHz, 99 %, 60458 MiB
2026/10/03 12:08:53.859, 3, 51, 79.72 W, 1410 MHz, 98 %, 60474 MiB
2026/10/03 12:08:55.859, 0, 58, 91.90 W, 1410 MHz, 99 %, 60458 MiB
2026/10/03 12:08:55.860, 1, 68, 119.95 W, 1410 MHz, 99 %, 60474 MiB
2026/10/03 12:08:55.860, 2, 56, 105.95 W, 1410 MHz, 99 %, 60458 MiB
2026/10/03 12:08:55.860, 3, 51, 82.90 W, 1410 MHz, 98 %, 60474 MiB
2026/10/03 12:08:57.860, 0, 58, 92.40 W, 1410 MHz, 99 %, 60458 MiB
2026/10/03 12:08:57.861, 1, 68, 116.86 W, 1410 MHz, 99 %, 60474 MiB
2026/10/03 12:08:57.861, 2, 56, 94.34 W, 1410 MHz, 99 %, 60458 MiB
2026/10/03 12:08:57.861, 3, 51, 83.93 W, 1410 MHz, 98 %, 60474 MiB
2026/10/03 12:08:59.861, 0, 57, 87.86 W, 1410 MHz, 99 %, 60458 MiB
2026/10/03 12:08:59.862, 1, 68, 101.78 W, 1410 MHz, 78 %, 60474 MiB
2026/10/03 12:08:59.862, 2, 55, 88.54 W, 1410 MHz, 72 %, 60458 MiB
2026/10/03 12:08:59.862, 3, 51, 58.86 W, 1410 MHz, 81 %, 60474 MiB
2026/10/03 12:09:01.863, 0, 56, 60.86 W, 1410 MHz, 24 %, 60458 MiB
2026/10/03 12:09:01.863, 1, 67, 113.36 W, 1410 MHz, 24 %, 60474 MiB
2026/10/03 12:09:01.863, 2, 55, 66.91 W, 1410 MHz, 24 %, 60458 MiB
2026/10/03 12:09:01.863, 3, 50, 78.48 W, 1410 MHz, 24 %, 60474 MiB
2026/10/03 12:09:03.864, 0, 57, 86.10 W, 1410 MHz, 46 %, 60458 MiB
2026/10/03 12:09:03.864, 1, 68, 119.18 W, 1410 MHz, 48 %, 60474 MiB
2026/10/03 12:09:03.864, 2, 55, 109.12 W, 1410 MHz, 67 %, 60458 MiB
2026/10/03 12:09:03.864, 3, 51, 82.36 W, 1410 MHz, 48 %, 60474 MiB
2026/10/03 12:09:05.865, 0, 57, 75.28 W, 1410 MHz, 38 %, 60458 MiB
2026/10/03 12:09:05.865, 1, 68, 122.10 W, 1410 MHz, 56 %, 60474 MiB
2026/10/03 12:09:05.865, 2, 56, 109.57 W, 1410 MHz, 50 %, 60458 MiB
2026/10/03 12:09:05.865, 3, 51, 85.78 W, 1410 MHz, 56 %, 60474 MiB
2026/10/03 12:09:07.866, 0, 57, 63.43 W, 1410 MHz, 48 %, 60458 MiB
2026/10/03 12:09:07.866, 1, 68, 115.19 W, 1410 MHz, 47 %, 60474 MiB
2026/10/03 12:09:07.866, 2, 55, 67.49 W, 1410 MHz, 41 %, 60458 MiB
2026/10/03 12:09:07.866, 3, 51, 82.12 W, 1410 MHz, 45 %, 60474 MiB
2026/10/03 12:09:09.867, 0, 57, 61.24 W, 1410 MHz, 24 %, 60458 MiB
2026/10/03 12:09:09.867, 1, 67, 77.19 W, 1410 MHz, 24 %, 60474 MiB
2026/10/03 12:09:09.867, 2, 54, 67.00 W, 1410 MHz, 24 %, 60458 MiB
2026/10/03 12:09:09.868, 3, 50, 54.34 W, 1410 MHz, 24 %, 60474 MiB
2026/10/03 12:09:11.868, 0, 57, 60.96 W, 1410 MHz, 22 %, 60458 MiB
2026/10/03 12:09:11.868, 1, 67, 88.08 W, 1410 MHz, 50 %, 60474 MiB
2026/10/03 12:09:11.869, 2, 55, 111.04 W, 1410 MHz, 45 %, 60458 MiB
2026/10/03 12:09:11.869, 3, 51, 66.52 W, 1410 MHz, 48 %, 60474 MiB
2026/10/03 12:09:13.869, 0, 56, 93.21 W, 1410 MHz, 31 %, 60458 MiB
2026/10/03 12:09:13.870, 1, 67, 78.43 W, 1410 MHz, 49 %, 60474 MiB
2026/10/03 12:09:13.870, 2, 55, 112.17 W, 1410 MHz, 35 %, 60458 MiB
2026/10/03 12:09:13.870, 3, 51, 52.73 W, 1410 MHz, 24 %, 60474 MiB
2026/10/03 12:09:15.870, 0, 56, 73.33 W, 1410 MHz, 44 %, 60458 MiB
2026/10/03 12:09:15.871, 1, 67, 119.37 W, 1410 MHz, 41 %, 60474 MiB
2026/10/03 12:09:15.871, 2, 55, 74.29 W, 1410 MHz, 50 %, 60458 MiB
2026/10/03 12:09:15.871, 3, 51, 82.45 W, 1410 MHz, 40 %, 60474 MiB
2026/10/03 12:09:17.871, 0, 56, 90.58 W, 1410 MHz, 34 %, 60458 MiB
2026/10/03 12:09:17.872, 1, 67, 78.43 W, 1410 MHz, 43 %, 60474 MiB
2026/10/03 12:09:17.872, 2, 54, 67.00 W, 1410 MHz, 24 %, 60458 MiB
2026/10/03 12:09:17.872, 3, 50, 53.02 W, 1410 MHz, 42 %, 60474 MiB
2026/10/03 12:09:19.872, 0, 57, 81.38 W, 1410 MHz, 49 %, 60458 MiB
2026/10/03 12:09:19.873, 1, 68, 120.96 W, 1410 MHz, 46 %, 60474 MiB
2026/10/03 12:09:19.873, 2, 55, 78.01 W, 1410 MHz, 66 %, 60458 MiB
2026/10/03 12:09:19.873, 3, 51, 84.72 W, 1410 MHz, 45 %, 60474 MiB
2026/10/03 12:09:21.873, 0, 57, 61.71 W, 1410 MHz, 46 %, 60458 MiB
2026/10/03 12:09:21.874, 1, 67, 83.02 W, 1410 MHz, 49 %, 60474 MiB
2026/10/03 12:09:21.874, 2, 55, 105.90 W, 1410 MHz, 36 %, 60458 MiB
2026/10/03 12:09:21.874, 3, 51, 56.37 W, 1410 MHz, 48 %, 60474 MiB
2026/10/03 12:09:23.875, 0, 56, 61.05 W, 1410 MHz, 49 %, 60458 MiB
2026/10/03 12:09:23.875, 1, 67, 79.21 W, 1410 MHz, 25 %, 60474 MiB
2026/10/03 12:09:23.875, 2, 55, 112.45 W, 1410 MHz, 44 %, 60458 MiB
2026/10/03 12:09:23.875, 3, 51, 53.31 W, 1410 MHz, 25 %, 60474 MiB
2026/10/03 12:09:25.876, 0, 57, 89.02 W, 1410 MHz, 29 %, 60458 MiB
2026/10/03 12:09:25.876, 1, 67, 106.43 W, 1410 MHz, 25 %, 60474 MiB
2026/10/03 12:09:25.876, 2, 54, 67.30 W, 1410 MHz, 25 %, 60458 MiB
2026/10/03 12:09:25.876, 3, 50, 73.70 W, 1410 MHz, 24 %, 60474 MiB
2026/10/03 12:09:27.877, 0, 56, 59.31 W, 1410 MHz, 50 %, 60458 MiB
2026/10/03 12:09:27.877, 1, 66, 79.47 W, 1410 MHz, 29 %, 60474 MiB
2026/10/03 12:09:27.877, 2, 55, 91.56 W, 1410 MHz, 49 %, 60458 MiB
2026/10/03 12:09:27.878, 3, 50, 45.97 W, 1410 MHz, 29 %, 60474 MiB
2026/10/03 12:09:29.878, 0, 56, 60.37 W, 1410 MHz, 0 %, 60458 MiB
2026/10/03 12:09:29.878, 1, 66, 76.61 W, 1410 MHz, 0 %, 60474 MiB
2026/10/03 12:09:29.878, 2, 54, 66.43 W, 1410 MHz, 0 %, 60458 MiB
2026/10/03 12:09:29.879, 3, 50, 52.15 W, 1410 MHz, 0 %, 60474 MiB
2026/10/03 12:09:31.879, 0, 55, 51.56 W, 1140 MHz, 0 %, 60458 MiB
2026/10/03 12:09:31.879, 1, 65, 55.31 W, 1140 MHz, 0 %, 60474 MiB
2026/10/03 12:09:31.880, 2, 53, 48.06 W, 1140 MHz, 0 %, 60458 MiB
2026/10/03 12:09:31.880, 3, 49, 45.40 W, 1140 MHz, 0 %, 60474 MiB
2026/10/03 12:09:33.880, 0, 55, 51.26 W, 1140 MHz, 0 %, 60458 MiB
2026/10/03 12:09:33.881, 1, 64, 55.21 W, 1140 MHz, 0 %, 60474 MiB
2026/10/03 12:09:33.881, 2, 52, 47.97 W, 1140 MHz, 0 %, 60458 MiB
2026/10/03 12:09:33.881, 3, 49, 45.31 W, 1140 MHz, 0 %, 60474 MiB
2026/10/03 12:09:35.881, 0, 55, 51.26 W, 1140 MHz, 0 %, 60458 MiB
2026/10/03 12:09:35.882, 1, 64, 55.02 W, 1140 MHz, 0 %, 60474 MiB
2026/10/03 12:09:35.882, 2, 52, 47.78 W, 1140 MHz, 0 %, 60458 MiB
2026/10/03 12:09:35.882, 3, 49, 45.31 W, 1140 MHz, 0 %, 60474 MiB
2026/10/03 12:09:37.882, 0, 55, 51.26 W, 1140 MHz, 0 %, 60458 MiB
2026/10/03 12:09:37.883, 1, 64, 54.83 W, 1140 MHz, 0 %, 60474 MiB
2026/10/03 12:09:37.883, 2, 52, 47.78 W, 1140 MHz, 0 %, 60458 MiB
2026/10/03 12:09:37.883, 3, 49, 45.12 W, 1140 MHz, 0 %, 60474 MiB
2026/10/03 12:09:39.884, 0, 54, 51.07 W, 1140 MHz, 0 %, 60458 MiB
2026/10/03 12:09:39.884, 1, 64, 54.74 W, 1140 MHz, 0 %, 60474 MiB
2026/10/03 12:09:39.884, 2, 52, 47.68 W, 1140 MHz, 0 %, 60458 MiB
2026/10/03 12:09:39.884, 3, 49, 45.21 W, 1140 MHz, 0 %, 60474 MiB
2026/10/03 12:09:41.885, 0, 54, 51.07 W, 1140 MHz, 0 %, 60458 MiB
2026/10/03 12:09:41.885, 1, 64, 54.63 W, 1140 MHz, 0 %, 60474 MiB
2026/10/03 12:09:41.885, 2, 51, 47.59 W, 1140 MHz, 0 %, 60458 MiB
2026/10/03 12:09:41.886, 3, 49, 45.21 W, 1140 MHz, 0 %, 60474 MiB
2026/10/03 12:09:43.886, 0, 54, 51.07 W, 1140 MHz, 0 %, 60458 MiB
2026/10/03 12:09:43.886, 1, 63, 54.53 W, 1140 MHz, 0 %, 60474 MiB
2026/10/03 12:09:43.887, 2, 51, 47.59 W, 1140 MHz, 0 %, 60458 MiB
2026/10/03 12:09:43.887, 3, 49, 45.12 W, 1140 MHz, 0 %, 60474 MiB
2026/10/03 12:09:45.887, 0, 54, 50.97 W, 1140 MHz, 0 %, 60458 MiB
2026/10/03 12:09:45.887, 1, 63, 54.43 W, 1140 MHz, 0 %, 60474 MiB
2026/10/03 12:09:45.888, 2, 51, 47.40 W, 1140 MHz, 0 %, 60458 MiB
2026/10/03 12:09:45.888, 3, 49, 45.12 W, 1140 MHz, 0 %, 60474 MiB
2026/10/03 12:09:47.888, 0, 54, 50.89 W, 1140 MHz, 0 %, 60458 MiB
2026/10/03 12:09:47.889, 1, 63, 54.43 W, 1140 MHz, 0 %, 60474 MiB
2026/10/03 12:09:47.889, 2, 51, 47.40 W, 1140 MHz, 0 %, 60458 MiB
2026/10/03 12:09:47.889, 3, 48, 45.12 W, 1140 MHz, 0 %, 60474 MiB
2026/10/03 12:09:49.890, 0, 54, 50.89 W, 1140 MHz, 0 %, 60458 MiB
2026/10/03 12:09:49.890, 1, 63, 54.24 W, 1140 MHz, 0 %, 60474 MiB
2026/10/03 12:09:49.890, 2, 51, 47.30 W, 1140 MHz, 0 %, 60458 MiB
2026/10/03 12:09:49.890, 3, 48, 44.93 W, 1140 MHz, 0 %, 60474 MiB
2026/10/03 12:09:51.891, 0, 54, 50.81 W, 1140 MHz, 0 %, 60458 MiB
2026/10/03 12:09:51.891, 1, 63, 54.24 W, 1140 MHz, 0 %, 60474 MiB
2026/10/03 12:09:51.891, 2, 50, 47.19 W, 1140 MHz, 0 %, 60458 MiB
2026/10/03 12:09:51.892, 3, 48, 44.93 W, 1140 MHz, 0 %, 60474 MiB
2026/10/03 12:09:53.892, 0, 54, 50.80 W, 1140 MHz, 0 %, 60458 MiB
2026/10/03 12:09:53.892, 1, 63, 54.04 W, 1140 MHz, 0 %, 60474 MiB
2026/10/03 12:09:53.892, 2, 50, 47.19 W, 1140 MHz, 0 %, 60458 MiB
2026/10/03 12:09:53.893, 3, 48, 45.02 W, 1140 MHz, 0 %, 60474 MiB
2026/10/03 12:09:55.893, 0, 54, 50.70 W, 1140 MHz, 0 %, 60458 MiB
2026/10/03 12:09:55.893, 1, 63, 54.04 W, 1140 MHz, 0 %, 60474 MiB
2026/10/03 12:09:55.894, 2, 50, 47.19 W, 1140 MHz, 0 %, 60458 MiB
2026/10/03 12:09:55.894, 3, 48, 44.93 W, 1140 MHz, 0 %, 60474 MiB
2026/10/03 12:09:57.894, 0, 54, 50.61 W, 1140 MHz, 0 %, 60458 MiB
2026/10/03 12:09:57.894, 1, 63, 53.85 W, 1140 MHz, 0 %, 60474 MiB
2026/10/03 12:09:57.895, 2, 50, 47.10 W, 1140 MHz, 0 %, 60458 MiB
2026/10/03 12:09:57.895, 3, 48, 44.83 W, 1140 MHz, 0 %, 60474 MiB
2026/10/03 12:09:59.895, 0, 54, 50.61 W, 1140 MHz, 0 %, 60458 MiB
2026/10/03 12:09:59.896, 1, 62, 53.85 W, 1140 MHz, 0 %, 60474 MiB
2026/10/03 12:09:59.896, 2, 50, 47.00 W, 1140 MHz, 0 %, 60458 MiB
2026/10/03 12:09:59.896, 3, 48, 44.83 W, 1140 MHz, 0 %, 60474 MiB
2026/10/03 12:10:01.896, 0, 53, 50.61 W, 1140 MHz, 0 %, 60458 MiB
2026/10/03 12:10:01.897, 1, 62, 53.76 W, 1140 MHz, 0 %, 60474 MiB
2026/10/03 12:10:01.897, 2, 50, 47.00 W, 1140 MHz, 0 %, 60458 MiB
2026/10/03 12:10:01.897, 3, 48, 44.93 W, 1140 MHz, 0 %, 60474 MiB
2026/10/03 12:10:03.898, 0, 53, 50.50 W, 1140 MHz, 0 %, 60458 MiB
2026/10/03 12:10:03.898, 1, 62, 53.57 W, 1140 MHz, 0 %, 60474 MiB
2026/10/03 12:10:03.898, 2, 50, 46.91 W, 1140 MHz, 0 %, 60458 MiB
2026/10/03 12:10:03.898, 3, 48, 44.83 W, 1140 MHz, 0 %, 60474 MiB
2026/10/03 12:10:05.899, 0, 53, 50.50 W, 1140 MHz, 0 %, 60458 MiB
2026/10/03 12:10:05.899, 1, 62, 53.47 W, 1140 MHz, 0 %, 60474 MiB
2026/10/03 12:10:05.899, 2, 50, 46.92 W, 1140 MHz, 0 %, 60458 MiB
2026/10/03 12:10:05.899, 3, 48, 44.83 W, 1140 MHz, 0 %, 60474 MiB
2026/10/03 12:10:07.900, 0, 53, 50.40 W, 1140 MHz, 0 %, 60458 MiB
2026/10/03 12:10:07.901, 1, 62, 53.47 W, 1140 MHz, 0 %, 60474 MiB
2026/10/03 12:10:07.902, 2, 49, 46.91 W, 1140 MHz, 0 %, 60458 MiB
2026/10/03 12:10:07.902, 3, 48, 44.83 W, 1140 MHz, 0 %, 60474 MiB
2026/10/03 12:10:09.902, 0, 53, 50.40 W, 1140 MHz, 0 %, 60458 MiB
2026/10/03 12:10:09.903, 1, 62, 53.47 W, 1140 MHz, 0 %, 60474 MiB
2026/10/03 12:10:09.903, 2, 49, 46.82 W, 1140 MHz, 0 %, 60458 MiB
2026/10/03 12:10:09.903, 3, 48, 44.83 W, 1140 MHz, 0 %, 60474 MiB
2026/10/03 12:10:11.903, 0, 54, 55.69 W, 1410 MHz, 0 %, 61580 MiB
2026/10/03 12:10:11.904, 1, 62, 66.56 W, 1410 MHz, 94 %, 61596 MiB
2026/10/03 12:10:11.904, 2, 50, 59.13 W, 1410 MHz, 77 %, 61580 MiB
2026/10/03 12:10:11.904, 3, 48, 48.87 W, 1410 MHz, 94 %, 61596 MiB
2026/10/03 12:10:13.904, 0, 56, 98.16 W, 1410 MHz, 92 %, 61580 MiB
2026/10/03 12:10:13.905, 1, 65, 124.94 W, 1365 MHz, 93 %, 61596 MiB
2026/10/03 12:10:13.905, 2, 53, 149.11 W, 1410 MHz, 74 %, 61580 MiB
2026/10/03 12:10:13.905, 3, 50, 59.72 W, 1410 MHz, 96 %, 61596 MiB
2026/10/03 12:10:15.905, 0, 56, 63.72 W, 1410 MHz, 97 %, 61580 MiB
2026/10/03 12:10:15.906, 1, 65, 72.30 W, 1395 MHz, 97 %, 61596 MiB
2026/10/03 12:10:15.906, 2, 53, 180.47 W, 1395 MHz, 97 %, 61580 MiB
2026/10/03 12:10:15.906, 3, 50, 59.38 W, 1410 MHz, 96 %, 61596 MiB
2026/10/03 12:10:17.906, 0, 57, 135.35 W, 1410 MHz, 98 %, 61720 MiB
2026/10/03 12:10:17.907, 1, 66, 105.08 W, 1260 MHz, 97 %, 61736 MiB
2026/10/03 12:10:17.907, 2, 54, 197.85 W, 1245 MHz, 97 %, 61720 MiB
2026/10/03 12:10:17.907, 3, 51, 128.45 W, 1410 MHz, 98 %, 61736 MiB
2026/10/03 12:10:19.908, 0, 57, 130.24 W, 1410 MHz, 98 %, 61720 MiB
2026/10/03 12:10:19.908, 1, 66, 172.26 W, 1380 MHz, 98 %, 61736 MiB
2026/10/03 12:10:19.908, 2, 54, 79.35 W, 1380 MHz, 96 %, 61720 MiB
2026/10/03 12:10:19.908, 3, 51, 109.78 W, 1410 MHz, 98 %, 61736 MiB
2026/10/03 12:10:21.909, 0, 56, 81.91 W, 1410 MHz, 98 %, 61720 MiB
2026/10/03 12:10:21.909, 1, 66, 109.11 W, 1410 MHz, 99 %, 61736 MiB
2026/10/03 12:10:21.909, 2, 53, 96.64 W, 1410 MHz, 99 %, 61720 MiB
2026/10/03 12:10:21.909, 3, 50, 72.86 W, 1410 MHz, 97 %, 61736 MiB
2026/10/03 12:10:23.910, 0, 56, 84.76 W, 1410 MHz, 98 %, 61720 MiB
2026/10/03 12:10:23.910, 1, 66, 106.38 W, 1410 MHz, 98 %, 61736 MiB
2026/10/03 12:10:23.910, 2, 53, 97.50 W, 1410 MHz, 98 %, 61720 MiB
2026/10/03 12:10:23.910, 3, 50, 73.60 W, 1410 MHz, 97 %, 61736 MiB
2026/10/03 12:10:25.911, 0, 56, 83.42 W, 1410 MHz, 98 %, 61720 MiB
2026/10/03 12:10:25.911, 1, 66, 106.93 W, 1410 MHz, 98 %, 61736 MiB
2026/10/03 12:10:25.911, 2, 53, 95.95 W, 1410 MHz, 99 %, 61720 MiB
2026/10/03 12:10:25.911, 3, 50, 74.52 W, 1410 MHz, 97 %, 61736 MiB
2026/10/03 12:10:27.912, 0, 56, 83.36 W, 1410 MHz, 98 %, 61720 MiB
2026/10/03 12:10:27.912, 1, 66, 103.51 W, 1410 MHz, 98 %, 61736 MiB
2026/10/03 12:10:27.912, 2, 54, 99.79 W, 1410 MHz, 99 %, 61720 MiB
2026/10/03 12:10:27.912, 3, 50, 72.83 W, 1410 MHz, 97 %, 61736 MiB
2026/10/03 12:10:29.913, 0, 56, 84.34 W, 1410 MHz, 98 %, 61720 MiB
2026/10/03 12:10:29.913, 1, 66, 107.17 W, 1410 MHz, 98 %, 61736 MiB
2026/10/03 12:10:29.913, 2, 54, 96.40 W, 1410 MHz, 99 %, 61720 MiB
2026/10/03 12:10:29.913, 3, 50, 74.42 W, 1410 MHz, 97 %, 61736 MiB
2026/10/03 12:10:31.914, 0, 56, 81.87 W, 1410 MHz, 98 %, 61720 MiB
2026/10/03 12:10:31.914, 1, 66, 106.48 W, 1410 MHz, 99 %, 61736 MiB
2026/10/03 12:10:31.914, 2, 54, 95.61 W, 1410 MHz, 99 %, 61720 MiB
2026/10/03 12:10:31.914, 3, 50, 73.54 W, 1410 MHz, 97 %, 61736 MiB
2026/10/03 12:10:33.915, 0, 56, 83.44 W, 1410 MHz, 98 %, 61720 MiB
2026/10/03 12:10:33.915, 1, 66, 110.44 W, 1410 MHz, 99 %, 61736 MiB
2026/10/03 12:10:33.915, 2, 54, 99.26 W, 1410 MHz, 98 %, 61720 MiB
2026/10/03 12:10:33.916, 3, 51, 76.47 W, 1410 MHz, 97 %, 61736 MiB
2026/10/03 12:10:35.916, 0, 57, 82.63 W, 1410 MHz, 98 %, 61720 MiB
2026/10/03 12:10:35.916, 1, 67, 105.33 W, 1410 MHz, 98 %, 61736 MiB
2026/10/03 12:10:35.916, 2, 54, 99.12 W, 1410 MHz, 99 %, 61720 MiB
2026/10/03 12:10:35.916, 3, 51, 74.35 W, 1410 MHz, 97 %, 61736 MiB
2026/10/03 12:10:37.917, 0, 57, 81.46 W, 1410 MHz, 98 %, 61720 MiB
2026/10/03 12:10:37.917, 1, 67, 108.26 W, 1410 MHz, 99 %, 61736 MiB
2026/10/03 12:10:37.917, 2, 54, 97.33 W, 1410 MHz, 98 %, 61720 MiB
2026/10/03 12:10:37.918, 3, 51, 74.96 W, 1410 MHz, 97 %, 61736 MiB
2026/10/03 12:10:39.918, 0, 57, 83.02 W, 1410 MHz, 98 %, 61720 MiB
2026/10/03 12:10:39.918, 1, 67, 106.99 W, 1410 MHz, 99 %, 61736 MiB
2026/10/03 12:10:39.918, 2, 54, 95.72 W, 1410 MHz, 99 %, 61720 MiB
2026/10/03 12:10:39.919, 3, 51, 74.33 W, 1410 MHz, 97 %, 61736 MiB
2026/10/03 12:10:41.919, 0, 57, 84.40 W, 1410 MHz, 98 %, 61720 MiB
2026/10/03 12:10:41.919, 1, 67, 106.20 W, 1410 MHz, 99 %, 61736 MiB
2026/10/03 12:10:41.919, 2, 54, 98.82 W, 1410 MHz, 99 %, 61720 MiB
2026/10/03 12:10:41.920, 3, 51, 74.84 W, 1410 MHz, 97 %, 61736 MiB
2026/10/03 12:10:43.920, 0, 57, 85.14 W, 1410 MHz, 98 %, 61720 MiB
2026/10/03 12:10:43.920, 1, 67, 107.48 W, 1410 MHz, 99 %, 61736 MiB
2026/10/03 12:10:43.920, 2, 55, 97.77 W, 1410 MHz, 99 %, 61720 MiB
2026/10/03 12:10:43.921, 3, 51, 72.69 W, 1410 MHz, 97 %, 61736 MiB
2026/10/03 12:10:45.921, 0, 57, 82.14 W, 1410 MHz, 98 %, 61720 MiB
2026/10/03 12:10:45.921, 1, 67, 107.05 W, 1410 MHz, 99 %, 61736 MiB
2026/10/03 12:10:45.921, 2, 55, 101.04 W, 1410 MHz, 99 %, 61720 MiB
2026/10/03 12:10:45.922, 3, 51, 74.64 W, 1410 MHz, 97 %, 61736 MiB
2026/10/03 12:10:47.922, 0, 57, 82.87 W, 1410 MHz, 98 %, 61720 MiB
2026/10/03 12:10:47.922, 1, 67, 107.58 W, 1410 MHz, 99 %, 61736 MiB
2026/10/03 12:10:47.922, 2, 55, 97.89 W, 1410 MHz, 99 %, 61720 MiB
2026/10/03 12:10:47.923, 3, 51, 75.60 W, 1410 MHz, 97 %, 61736 MiB
2026/10/03 12:10:49.923, 0, 57, 84.29 W, 1410 MHz, 98 %, 61720 MiB
2026/10/03 12:10:49.923, 1, 67, 110.58 W, 1410 MHz, 99 %, 61736 MiB
2026/10/03 12:10:49.923, 2, 55, 98.77 W, 1410 MHz, 99 %, 61720 MiB
2026/10/03 12:10:49.924, 3, 51, 75.34 W, 1410 MHz, 97 %, 61736 MiB
2026/10/03 12:10:51.924, 0, 57, 85.29 W, 1410 MHz, 98 %, 61720 MiB
2026/10/03 12:10:51.924, 1, 67, 110.43 W, 1410 MHz, 99 %, 61736 MiB
2026/10/03 12:10:51.924, 2, 55, 99.80 W, 1410 MHz, 99 %, 61720 MiB
2026/10/03 12:10:51.925, 3, 51, 72.64 W, 1410 MHz, 97 %, 61736 MiB
2026/10/03 12:10:53.925, 0, 57, 84.75 W, 1410 MHz, 98 %, 61720 MiB
2026/10/03 12:10:53.925, 1, 67, 110.07 W, 1410 MHz, 99 %, 61736 MiB
2026/10/03 12:10:53.925, 2, 55, 95.58 W, 1410 MHz, 98 %, 61720 MiB
2026/10/03 12:10:53.926, 3, 51, 73.14 W, 1410 MHz, 97 %, 61736 MiB
2026/10/03 12:10:55.926, 0, 57, 83.49 W, 1410 MHz, 98 %, 61720 MiB
2026/10/03 12:10:55.926, 1, 67, 110.52 W, 1410 MHz, 99 %, 61736 MiB
2026/10/03 12:10:55.926, 2, 55, 98.40 W, 1410 MHz, 99 %, 61720 MiB
2026/10/03 12:10:55.927, 3, 51, 74.96 W, 1410 MHz, 97 %, 61736 MiB
2026/10/03 12:10:57.927, 0, 57, 81.93 W, 1410 MHz, 98 %, 61720 MiB
2026/10/03 12:10:57.927, 1, 68, 105.35 W, 1410 MHz, 98 %, 61736 MiB
2026/10/03 12:10:57.927, 2, 55, 98.46 W, 1410 MHz, 99 %, 61720 MiB
2026/10/03 12:10:57.928, 3, 51, 75.34 W, 1410 MHz, 97 %, 61736 MiB
2026/10/03 12:10:59.928, 0, 57, 82.27 W, 1410 MHz, 98 %, 61720 MiB
2026/10/03 12:10:59.928, 1, 68, 107.39 W, 1410 MHz, 99 %, 61736 MiB
2026/10/03 12:10:59.929, 2, 55, 94.76 W, 1410 MHz, 98 %, 61720 MiB
2026/10/03 12:10:59.929, 3, 51, 75.64 W, 1410 MHz, 97 %, 61736 MiB
2026/10/03 12:11:01.929, 0, 57, 81.21 W, 1410 MHz, 98 %, 61720 MiB
2026/10/03 12:11:01.929, 1, 68, 110.86 W, 1410 MHz, 99 %, 61736 MiB
2026/10/03 12:11:01.930, 2, 55, 98.69 W, 1410 MHz, 99 %, 61720 MiB
2026/10/03 12:11:01.930, 3, 51, 73.98 W, 1410 MHz, 97 %, 61736 MiB
2026/10/03 12:11:03.930, 0, 57, 81.67 W, 1410 MHz, 98 %, 61720 MiB
2026/10/03 12:11:03.931, 1, 68, 109.52 W, 1410 MHz, 99 %, 61736 MiB
2026/10/03 12:11:03.931, 2, 55, 97.77 W, 1410 MHz, 99 %, 61720 MiB
2026/10/03 12:11:03.931, 3, 51, 73.72 W, 1410 MHz, 97 %, 61736 MiB
2026/10/03 12:11:05.931, 0, 57, 84.77 W, 1410 MHz, 98 %, 61720 MiB
2026/10/03 12:11:05.931, 1, 68, 107.58 W, 1410 MHz, 99 %, 61736 MiB
2026/10/03 12:11:05.932, 2, 55, 96.62 W, 1410 MHz, 98 %, 61720 MiB
2026/10/03 12:11:05.932, 3, 51, 74.28 W, 1410 MHz, 97 %, 61736 MiB
2026/10/03 12:11:07.932, 0, 57, 85.15 W, 1410 MHz, 98 %, 61720 MiB
2026/10/03 12:11:07.932, 1, 68, 108.22 W, 1410 MHz, 98 %, 61736 MiB
2026/10/03 12:11:07.933, 2, 55, 95.13 W, 1410 MHz, 99 %, 61720 MiB
2026/10/03 12:11:07.933, 3, 51, 73.84 W, 1410 MHz, 97 %, 61736 MiB
2026/10/03 12:11:09.933, 0, 57, 82.07 W, 1410 MHz, 98 %, 61720 MiB
2026/10/03 12:11:09.933, 1, 68, 108.32 W, 1410 MHz, 98 %, 61736 MiB
2026/10/03 12:11:09.934, 2, 55, 94.65 W, 1410 MHz, 99 %, 61720 MiB
2026/10/03 12:11:09.934, 3, 51, 74.47 W, 1410 MHz, 97 %, 61736 MiB
2026/10/03 12:11:11.934, 0, 57, 83.24 W, 1410 MHz, 98 %, 61720 MiB
2026/10/03 12:11:11.934, 1, 68, 108.66 W, 1410 MHz, 98 %, 61736 MiB
2026/10/03 12:11:11.935, 2, 56, 100.10 W, 1410 MHz, 98 %, 61720 MiB
2026/10/03 12:11:11.935, 3, 51, 75.47 W, 1410 MHz, 97 %, 61736 MiB
2026/10/03 12:11:13.935, 0, 58, 84.34 W, 1410 MHz, 98 %, 61720 MiB
2026/10/03 12:11:13.936, 1, 68, 112.60 W, 1410 MHz, 98 %, 61736 MiB
2026/10/03 12:11:13.936, 2, 56, 97.76 W, 1410 MHz, 99 %, 61720 MiB
2026/10/03 12:11:13.936, 3, 52, 74.06 W, 1410 MHz, 97 %, 61736 MiB
2026/10/03 12:11:15.936, 0, 58, 83.18 W, 1410 MHz, 98 %, 61720 MiB
2026/10/03 12:11:15.937, 1, 68, 107.35 W, 1410 MHz, 98 %, 61736 MiB
2026/10/03 12:11:15.937, 2, 56, 97.64 W, 1410 MHz, 98 %, 61720 MiB
2026/10/03 12:11:15.937, 3, 52, 74.99 W, 1410 MHz, 97 %, 61736 MiB
2026/10/03 12:11:17.937, 0, 58, 83.71 W, 1410 MHz, 98 %, 61720 MiB
2026/10/03 12:11:17.938, 1, 68, 106.84 W, 1410 MHz, 98 %, 61736 MiB
2026/10/03 12:11:17.938, 2, 56, 98.68 W, 1410 MHz, 99 %, 61720 MiB
2026/10/03 12:11:17.938, 3, 52, 77.39 W, 1410 MHz, 97 %, 61736 MiB
2026/10/03 12:11:19.938, 0, 58, 81.63 W, 1410 MHz, 98 %, 61720 MiB
2026/10/03 12:11:19.939, 1, 68, 107.98 W, 1410 MHz, 98 %, 61736 MiB
2026/10/03 12:11:19.939, 2, 56, 100.63 W, 1410 MHz, 98 %, 61720 MiB
2026/10/03 12:11:19.939, 3, 52, 73.18 W, 1410 MHz, 97 %, 61736 MiB
2026/10/03 12:11:21.939, 0, 58, 82.58 W, 1410 MHz, 98 %, 61720 MiB
2026/10/03 12:11:21.940, 1, 68, 106.43 W, 1410 MHz, 98 %, 61736 MiB
2026/10/03 12:11:21.940, 2, 56, 98.51 W, 1410 MHz, 98 %, 61720 MiB
2026/10/03 12:11:21.940, 3, 52, 76.47 W, 1410 MHz, 97 %, 61736 MiB
2026/10/03 12:11:23.940, 0, 58, 84.70 W, 1410 MHz, 98 %, 61720 MiB
2026/10/03 12:11:23.941, 1, 68, 109.86 W, 1410 MHz, 98 %, 61736 MiB
2026/10/03 12:11:23.941, 2, 56, 95.87 W, 1410 MHz, 99 %, 61720 MiB
2026/10/03 12:11:23.941, 3, 52, 73.53 W, 1410 MHz, 97 %, 61736 MiB
2026/10/03 12:11:25.941, 0, 58, 81.81 W, 1410 MHz, 98 %, 61720 MiB
2026/10/03 12:11:25.942, 1, 68, 110.10 W, 1410 MHz, 98 %, 61736 MiB
2026/10/03 12:11:25.942, 2, 56, 98.54 W, 1410 MHz, 99 %, 61720 MiB
2026/10/03 12:11:25.942, 3, 52, 76.90 W, 1410 MHz, 97 %, 61736 MiB
2026/10/03 12:11:27.942, 0, 58, 84.66 W, 1410 MHz, 98 %, 61720 MiB
2026/10/03 12:11:27.943, 1, 68, 108.65 W, 1410 MHz, 99 %, 61736 MiB
2026/10/03 12:11:27.943, 2, 56, 100.18 W, 1410 MHz, 99 %, 61720 MiB
2026/10/03 12:11:27.943, 3, 52, 74.52 W, 1410 MHz, 97 %, 61736 MiB
2026/10/03 12:11:29.943, 0, 58, 83.11 W, 1410 MHz, 98 %, 61720 MiB
2026/10/03 12:11:29.944, 1, 68, 105.09 W, 1410 MHz, 98 %, 61736 MiB
2026/10/03 12:11:29.944, 2, 56, 100.44 W, 1410 MHz, 99 %, 61720 MiB
2026/10/03 12:11:29.944, 3, 52, 75.82 W, 1410 MHz, 97 %, 61736 MiB
2026/10/03 12:11:31.944, 0, 58, 82.34 W, 1410 MHz, 98 %, 61720 MiB
2026/10/03 12:11:31.945, 1, 68, 108.67 W, 1410 MHz, 98 %, 61736 MiB
2026/10/03 12:11:31.945, 2, 56, 99.41 W, 1410 MHz, 99 %, 61720 MiB
2026/10/03 12:11:31.945, 3, 52, 74.59 W, 1410 MHz, 97 %, 61736 MiB
2026/10/03 12:11:33.945, 0, 58, 83.59 W, 1410 MHz, 98 %, 61720 MiB
2026/10/03 12:11:33.946, 1, 69, 109.90 W, 1410 MHz, 99 %, 61736 MiB
2026/10/03 12:11:33.946, 2, 56, 97.32 W, 1410 MHz, 99 %, 61720 MiB
2026/10/03 12:11:33.946, 3, 52, 75.93 W, 1410 MHz, 97 %, 61736 MiB
2026/10/03 12:11:35.946, 0, 58, 83.70 W, 1410 MHz, 98 %, 61720 MiB
2026/10/03 12:11:35.947, 1, 69, 111.08 W, 1410 MHz, 98 %, 61736 MiB
2026/10/03 12:11:35.947, 2, 56, 97.07 W, 1410 MHz, 99 %, 61720 MiB
2026/10/03 12:11:35.947, 3, 52, 75.39 W, 1410 MHz, 97 %, 61736 MiB
2026/10/03 12:11:37.947, 0, 58, 82.75 W, 1410 MHz, 98 %, 61720 MiB
2026/10/03 12:11:37.948, 1, 69, 108.61 W, 1410 MHz, 99 %, 61736 MiB
2026/10/03 12:11:37.948, 2, 56, 100.50 W, 1410 MHz, 99 %, 61720 MiB
2026/10/03 12:11:37.948, 3, 52, 76.06 W, 1410 MHz, 97 %, 61736 MiB
2026/10/03 12:11:39.948, 0, 58, 83.40 W, 1410 MHz, 98 %, 61720 MiB
2026/10/03 12:11:39.949, 1, 69, 109.34 W, 1410 MHz, 98 %, 61736 MiB
2026/10/03 12:11:39.949, 2, 56, 101.38 W, 1410 MHz, 98 %, 61720 MiB
2026/10/03 12:11:39.949, 3, 52, 75.34 W, 1410 MHz, 97 %, 61736 MiB
2026/10/03 12:11:41.949, 0, 58, 81.14 W, 1410 MHz, 98 %, 61720 MiB
2026/10/03 12:11:41.950, 1, 69, 108.35 W, 1410 MHz, 99 %, 61736 MiB
2026/10/03 12:11:41.950, 2, 56, 97.93 W, 1410 MHz, 99 %, 61720 MiB
2026/10/03 12:11:41.950, 3, 52, 74.33 W, 1410 MHz, 97 %, 61736 MiB
2026/10/03 12:11:43.951, 0, 58, 83.08 W, 1410 MHz, 98 %, 61720 MiB
2026/10/03 12:11:43.951, 1, 69, 106.87 W, 1410 MHz, 99 %, 61736 MiB
2026/10/03 12:11:43.951, 2, 57, 101.50 W, 1410 MHz, 99 %, 61720 MiB
2026/10/03 12:11:43.952, 3, 52, 74.83 W, 1410 MHz, 97 %, 61736 MiB
2026/10/03 12:11:45.952, 0, 58, 84.00 W, 1410 MHz, 98 %, 61720 MiB
2026/10/03 12:11:45.953, 1, 69, 107.37 W, 1410 MHz, 99 %, 61736 MiB
2026/10/03 12:11:45.953, 2, 56, 99.58 W, 1410 MHz, 98 %, 61720 MiB
2026/10/03 12:11:45.953, 3, 52, 76.18 W, 1410 MHz, 97 %, 61736 MiB
2026/10/03 12:11:47.954, 0, 58, 83.10 W, 1410 MHz, 98 %, 61720 MiB
2026/10/03 12:11:47.954, 1, 69, 112.94 W, 1410 MHz, 99 %, 61736 MiB
2026/10/03 12:11:47.954, 2, 56, 98.67 W, 1410 MHz, 99 %, 61720 MiB
2026/10/03 12:11:47.954, 3, 52, 76.39 W, 1410 MHz, 97 %, 61736 MiB
2026/10/03 12:11:49.955, 0, 58, 83.01 W, 1410 MHz, 98 %, 61720 MiB
2026/10/03 12:11:49.955, 1, 69, 109.77 W, 1410 MHz, 98 %, 61736 MiB
2026/10/03 12:11:49.955, 2, 57, 99.12 W, 1410 MHz, 98 %, 61720 MiB
2026/10/03 12:11:49.955, 3, 52, 75.31 W, 1410 MHz, 97 %, 61736 MiB
2026/10/03 12:11:51.956, 0, 58, 82.82 W, 1410 MHz, 98 %, 61720 MiB
2026/10/03 12:11:51.956, 1, 69, 107.73 W, 1410 MHz, 98 %, 61736 MiB
2026/10/03 12:11:51.956, 2, 57, 100.00 W, 1410 MHz, 98 %, 61720 MiB
2026/10/03 12:11:51.956, 3, 52, 75.53 W, 1410 MHz, 97 %, 61736 MiB
2026/10/03 12:11:53.957, 0, 58, 84.94 W, 1410 MHz, 98 %, 61720 MiB
2026/10/03 12:11:53.957, 1, 69, 109.81 W, 1410 MHz, 98 %, 61736 MiB
2026/10/03 12:11:53.957, 2, 57, 95.44 W, 1410 MHz, 99 %, 61720 MiB
2026/10/03 12:11:53.957, 3, 52, 76.28 W, 1410 MHz, 97 %, 61736 MiB
2026/10/03 12:11:55.958, 0, 58, 84.43 W, 1410 MHz, 98 %, 61720 MiB
2026/10/03 12:11:55.958, 1, 69, 108.14 W, 1410 MHz, 99 %, 61736 MiB
2026/10/03 12:11:55.958, 2, 57, 103.89 W, 1410 MHz, 99 %, 61720 MiB
2026/10/03 12:11:55.959, 3, 52, 73.77 W, 1410 MHz, 97 %, 61736 MiB
2026/10/03 12:11:57.959, 0, 58, 84.38 W, 1410 MHz, 98 %, 61720 MiB
2026/10/03 12:11:57.959, 1, 69, 110.64 W, 1410 MHz, 99 %, 61736 MiB
2026/10/03 12:11:57.959, 2, 57, 99.87 W, 1410 MHz, 99 %, 61720 MiB
2026/10/03 12:11:57.960, 3, 52, 75.08 W, 1410 MHz, 97 %, 61736 MiB
2026/10/03 12:11:59.960, 0, 58, 84.86 W, 1410 MHz, 98 %, 61720 MiB
2026/10/03 12:11:59.960, 1, 69, 109.98 W, 1410 MHz, 98 %, 61736 MiB
2026/10/03 12:11:59.961, 2, 57, 100.51 W, 1410 MHz, 99 %, 61720 MiB
2026/10/03 12:11:59.961, 3, 52, 76.08 W, 1410 MHz, 97 %, 61736 MiB
2026/10/03 12:12:01.961, 0, 58, 83.63 W, 1410 MHz, 98 %, 61720 MiB
2026/10/03 12:12:01.961, 1, 69, 111.65 W, 1410 MHz, 99 %, 61736 MiB
2026/10/03 12:12:01.962, 2, 57, 101.20 W, 1410 MHz, 99 %, 61720 MiB
2026/10/03 12:12:01.962, 3, 52, 74.85 W, 1410 MHz, 97 %, 61736 MiB
2026/10/03 12:12:03.962, 0, 58, 83.10 W, 1410 MHz, 98 %, 61720 MiB
2026/10/03 12:12:03.962, 1, 69, 112.36 W, 1410 MHz, 99 %, 61736 MiB
2026/10/03 12:12:03.963, 2, 57, 97.67 W, 1410 MHz, 99 %, 61720 MiB
2026/10/03 12:12:03.963, 3, 52, 75.77 W, 1410 MHz, 97 %, 61736 MiB
2026/10/03 12:12:05.963, 0, 58, 83.54 W, 1410 MHz, 98 %, 61720 MiB
2026/10/03 12:12:05.964, 1, 69, 107.74 W, 1410 MHz, 98 %, 61736 MiB
2026/10/03 12:12:05.964, 2, 57, 98.42 W, 1410 MHz, 98 %, 61720 MiB
2026/10/03 12:12:05.964, 3, 52, 75.32 W, 1410 MHz, 97 %, 61736 MiB
2026/10/03 12:12:07.964, 0, 58, 84.10 W, 1410 MHz, 98 %, 61720 MiB
2026/10/03 12:12:07.965, 1, 69, 110.69 W, 1410 MHz, 98 %, 61736 MiB
2026/10/03 12:12:07.965, 2, 57, 97.64 W, 1410 MHz, 99 %, 61720 MiB
2026/10/03 12:12:07.965, 3, 52, 73.67 W, 1410 MHz, 97 %, 61736 MiB
2026/10/03 12:12:09.965, 0, 58, 85.75 W, 1410 MHz, 98 %, 61720 MiB
2026/10/03 12:12:09.966, 1, 69, 108.44 W, 1410 MHz, 98 %, 61736 MiB
2026/10/03 12:12:09.966, 2, 57, 98.48 W, 1410 MHz, 99 %, 61720 MiB
2026/10/03 12:12:09.966, 3, 52, 74.07 W, 1410 MHz, 97 %, 61736 MiB
2026/10/03 12:12:11.966, 0, 58, 84.69 W, 1410 MHz, 98 %, 61720 MiB
2026/10/03 12:12:11.967, 1, 69, 111.56 W, 1410 MHz, 99 %, 61736 MiB
2026/10/03 12:12:11.967, 2, 57, 99.24 W, 1410 MHz, 99 %, 61720 MiB
2026/10/03 12:12:11.967, 3, 52, 74.47 W, 1410 MHz, 97 %, 61736 MiB
2026/10/03 12:12:13.967, 0, 58, 82.32 W, 1410 MHz, 98 %, 61720 MiB
2026/10/03 12:12:13.968, 1, 69, 110.93 W, 1410 MHz, 98 %, 61736 MiB
2026/10/03 12:12:13.968, 2, 57, 96.57 W, 1410 MHz, 99 %, 61720 MiB
2026/10/03 12:12:13.968, 3, 52, 76.06 W, 1410 MHz, 97 %, 61736 MiB
2026/10/03 12:12:15.968, 0, 58, 84.74 W, 1410 MHz, 98 %, 61720 MiB
2026/10/03 12:12:15.969, 1, 69, 108.11 W, 1410 MHz, 99 %, 61736 MiB
2026/10/03 12:12:15.969, 2, 57, 97.71 W, 1410 MHz, 99 %, 61720 MiB
2026/10/03 12:12:15.969, 3, 52, 75.32 W, 1410 MHz, 97 %, 61736 MiB
2026/10/03 12:12:17.970, 0, 59, 83.96 W, 1410 MHz, 98 %, 61720 MiB
2026/10/03 12:12:17.970, 1, 69, 108.74 W, 1410 MHz, 99 %, 61736 MiB
2026/10/03 12:12:17.970, 2, 57, 97.91 W, 1410 MHz, 99 %, 61720 MiB
2026/10/03 12:12:17.970, 3, 52, 74.35 W, 1410 MHz, 97 %, 61736 MiB
2026/10/03 12:12:19.971, 0, 59, 82.91 W, 1410 MHz, 98 %, 61720 MiB
2026/10/03 12:12:19.971, 1, 69, 111.15 W, 1410 MHz, 99 %, 61736 MiB
2026/10/03 12:12:19.971, 2, 57, 99.57 W, 1410 MHz, 99 %, 61720 MiB
2026/10/03 12:12:19.971, 3, 52, 73.32 W, 1410 MHz, 97 %, 61736 MiB
2026/10/03 12:12:21.972, 0, 59, 84.25 W, 1410 MHz, 98 %, 61720 MiB
2026/10/03 12:12:21.972, 1, 69, 106.99 W, 1410 MHz, 98 %, 61736 MiB
2026/10/03 12:12:21.972, 2, 57, 97.89 W, 1410 MHz, 99 %, 61720 MiB
2026/10/03 12:12:21.972, 3, 52, 77.10 W, 1410 MHz, 97 %, 61736 MiB
2026/10/03 12:12:23.973, 0, 59, 82.82 W, 1410 MHz, 98 %, 61720 MiB
2026/10/03 12:12:23.973, 1, 69, 110.74 W, 1410 MHz, 99 %, 61736 MiB
2026/10/03 12:12:23.973, 2, 57, 101.99 W, 1410 MHz, 99 %, 61720 MiB
2026/10/03 12:12:23.973, 3, 52, 74.40 W, 1410 MHz, 97 %, 61736 MiB
2026/10/03 12:12:25.974, 0, 59, 84.64 W, 1410 MHz, 98 %, 61720 MiB
2026/10/03 12:12:25.974, 1, 69, 109.68 W, 1410 MHz, 99 %, 61736 MiB
2026/10/03 12:12:25.974, 2, 57, 99.20 W, 1410 MHz, 98 %, 61720 MiB
2026/10/03 12:12:25.974, 3, 52, 74.75 W, 1410 MHz, 97 %, 61736 MiB
2026/10/03 12:12:27.975, 0, 59, 84.98 W, 1410 MHz, 98 %, 61720 MiB
2026/10/03 12:12:27.975, 1, 69, 109.18 W, 1410 MHz, 98 %, 61736 MiB
2026/10/03 12:12:27.975, 2, 57, 99.56 W, 1410 MHz, 99 %, 61720 MiB
2026/10/03 12:12:27.976, 3, 52, 75.39 W, 1410 MHz, 97 %, 61736 MiB
2026/10/03 12:12:29.976, 0, 59, 83.43 W, 1410 MHz, 98 %, 61720 MiB
2026/10/03 12:12:29.976, 1, 70, 109.66 W, 1410 MHz, 99 %, 61736 MiB
2026/10/03 12:12:29.976, 2, 57, 99.19 W, 1410 MHz, 98 %, 61720 MiB
2026/10/03 12:12:29.977, 3, 53, 75.80 W, 1410 MHz, 97 %, 61736 MiB
2026/10/03 12:12:31.977, 0, 59, 84.68 W, 1410 MHz, 98 %, 61720 MiB
2026/10/03 12:12:31.977, 1, 70, 108.68 W, 1410 MHz, 99 %, 61736 MiB
2026/10/03 12:12:31.977, 2, 57, 100.43 W, 1410 MHz, 98 %, 61720 MiB
2026/10/03 12:12:31.978, 3, 52, 75.91 W, 1410 MHz, 97 %, 61736 MiB
2026/10/03 12:12:33.978, 0, 59, 83.33 W, 1410 MHz, 98 %, 61720 MiB
2026/10/03 12:12:33.978, 1, 70, 108.48 W, 1410 MHz, 99 %, 61736 MiB
2026/10/03 12:12:33.978, 2, 57, 96.93 W, 1410 MHz, 99 %, 61720 MiB
2026/10/03 12:12:33.979, 3, 53, 75.97 W, 1410 MHz, 97 %, 61736 MiB
2026/10/03 12:12:35.979, 0, 59, 83.49 W, 1410 MHz, 98 %, 61720 MiB
2026/10/03 12:12:35.979, 1, 70, 111.67 W, 1410 MHz, 99 %, 61736 MiB
2026/10/03 12:12:35.979, 2, 57, 99.66 W, 1410 MHz, 98 %, 61720 MiB
2026/10/03 12:12:35.980, 3, 53, 74.83 W, 1410 MHz, 97 %, 61736 MiB
2026/10/03 12:12:37.980, 0, 59, 84.38 W, 1410 MHz, 98 %, 61720 MiB
2026/10/03 12:12:37.980, 1, 70, 108.81 W, 1410 MHz, 99 %, 61736 MiB
2026/10/03 12:12:37.980, 2, 57, 95.36 W, 1410 MHz, 99 %, 61720 MiB
2026/10/03 12:12:37.981, 3, 53, 76.91 W, 1410 MHz, 97 %, 61736 MiB
2026/10/03 12:12:39.981, 0, 59, 84.25 W, 1410 MHz, 98 %, 61720 MiB
2026/10/03 12:12:39.981, 1, 69, 108.03 W, 1410 MHz, 99 %, 61736 MiB
2026/10/03 12:12:39.982, 2, 57, 97.18 W, 1410 MHz, 99 %, 61720 MiB
2026/10/03 12:12:39.982, 3, 53, 76.20 W, 1410 MHz, 97 %, 61736 MiB
2026/10/03 12:12:41.982, 0, 59, 87.33 W, 1410 MHz, 98 %, 61720 MiB
2026/10/03 12:12:41.982, 1, 69, 111.48 W, 1410 MHz, 98 %, 61736 MiB
2026/10/03 12:12:41.983, 2, 57, 99.75 W, 1410 MHz, 99 %, 61720 MiB
2026/10/03 12:12:41.983, 3, 53, 78.08 W, 1410 MHz, 97 %, 61736 MiB
2026/10/03 12:12:43.983, 0, 59, 85.18 W, 1410 MHz, 98 %, 61720 MiB
2026/10/03 12:12:43.983, 1, 69, 106.66 W, 1410 MHz, 99 %, 61736 MiB
2026/10/03 12:12:43.984, 2, 57, 96.67 W, 1410 MHz, 99 %, 61720 MiB
2026/10/03 12:12:43.984, 3, 53, 75.90 W, 1410 MHz, 97 %, 61736 MiB
2026/10/03 12:12:45.984, 0, 59, 84.74 W, 1410 MHz, 98 %, 61720 MiB
2026/10/03 12:12:45.985, 1, 69, 109.07 W, 1410 MHz, 98 %, 61736 MiB
2026/10/03 12:12:45.985, 2, 57, 98.19 W, 1410 MHz, 99 %, 61720 MiB
2026/10/03 12:12:45.985, 3, 53, 75.15 W, 1410 MHz, 97 %, 61736 MiB
2026/10/03 12:12:47.985, 0, 58, 63.53 W, 1410 MHz, 57 %, 61720 MiB
2026/10/03 12:12:47.986, 1, 69, 106.65 W, 1410 MHz, 34 %, 61736 MiB
2026/10/03 12:12:47.986, 2, 57, 89.64 W, 1410 MHz, 99 %, 61720 MiB
2026/10/03 12:12:47.986, 3, 52, 71.90 W, 1410 MHz, 67 %, 61736 MiB
2026/10/03 12:12:49.986, 0, 59, 84.76 W, 1410 MHz, 98 %, 61720 MiB
2026/10/03 12:12:49.987, 1, 69, 111.57 W, 1410 MHz, 98 %, 61736 MiB
2026/10/03 12:12:49.987, 2, 57, 100.00 W, 1410 MHz, 99 %, 61720 MiB
2026/10/03 12:12:49.987, 3, 53, 75.71 W, 1410 MHz, 97 %, 61736 MiB
2026/10/03 12:12:51.988, 0, 59, 84.38 W, 1410 MHz, 98 %, 61720 MiB
2026/10/03 12:12:51.988, 1, 70, 109.34 W, 1410 MHz, 98 %, 61736 MiB
2026/10/03 12:12:51.988, 2, 58, 99.74 W, 1410 MHz, 99 %, 61720 MiB
2026/10/03 12:12:51.988, 3, 53, 76.18 W, 1410 MHz, 97 %, 61736 MiB
2026/10/03 12:12:53.989, 0, 59, 83.76 W, 1410 MHz, 98 %, 61720 MiB
2026/10/03 12:12:53.989, 1, 70, 110.84 W, 1410 MHz, 98 %, 61736 MiB
2026/10/03 12:12:53.989, 2, 58, 100.13 W, 1410 MHz, 99 %, 61720 MiB
2026/10/03 12:12:53.989, 3, 53, 76.77 W, 1410 MHz, 97 %, 61736 MiB
2026/10/03 12:12:55.990, 0, 59, 82.17 W, 1410 MHz, 98 %, 61720 MiB
2026/10/03 12:12:55.990, 1, 70, 111.57 W, 1410 MHz, 98 %, 61736 MiB
2026/10/03 12:12:55.990, 2, 58, 99.02 W, 1410 MHz, 99 %, 61720 MiB
2026/10/03 12:12:55.990, 3, 53, 74.03 W, 1410 MHz, 97 %, 61736 MiB
2026/10/03 12:12:57.991, 0, 59, 85.31 W, 1410 MHz, 98 %, 61720 MiB
2026/10/03 12:12:57.991, 1, 69, 106.10 W, 1410 MHz, 98 %, 61736 MiB
2026/10/03 12:12:57.991, 2, 58, 100.25 W, 1410 MHz, 99 %, 61720 MiB
2026/10/03 12:12:57.991, 3, 53, 74.26 W, 1410 MHz, 97 %, 61736 MiB
2026/10/03 12:12:59.992, 0, 59, 81.95 W, 1410 MHz, 98 %, 61720 MiB
2026/10/03 12:12:59.992, 1, 70, 112.42 W, 1410 MHz, 98 %, 61736 MiB
2026/10/03 12:12:59.992, 2, 58, 96.22 W, 1410 MHz, 98 %, 61720 MiB
2026/10/03 12:12:59.993, 3, 53, 75.02 W, 1410 MHz, 97 %, 61736 MiB
2026/10/03 12:13:01.993, 0, 59, 84.97 W, 1410 MHz, 98 %, 61720 MiB
2026/10/03 12:13:01.993, 1, 70, 109.55 W, 1410 MHz, 99 %, 61736 MiB
2026/10/03 12:13:01.993, 2, 58, 100.53 W, 1410 MHz, 99 %, 61720 MiB
2026/10/03 12:13:01.994, 3, 53, 74.72 W, 1410 MHz, 97 %, 61736 MiB
2026/10/03 12:13:03.994, 0, 59, 83.92 W, 1410 MHz, 98 %, 61720 MiB
2026/10/03 12:13:03.994, 1, 69, 111.35 W, 1410 MHz, 98 %, 61736 MiB
2026/10/03 12:13:03.995, 2, 58, 100.65 W, 1410 MHz, 99 %, 61720 MiB
2026/10/03 12:13:03.995, 3, 53, 73.96 W, 1410 MHz, 97 %, 61736 MiB
2026/10/03 12:13:05.995, 0, 59, 84.06 W, 1410 MHz, 98 %, 61720 MiB
2026/10/03 12:13:05.995, 1, 69, 107.33 W, 1410 MHz, 99 %, 61736 MiB
2026/10/03 12:13:05.996, 2, 58, 100.57 W, 1410 MHz, 99 %, 61720 MiB
2026/10/03 12:13:05.996, 3, 53, 77.44 W, 1410 MHz, 97 %, 61736 MiB
2026/10/03 12:13:07.996, 0, 59, 84.15 W, 1410 MHz, 98 %, 61720 MiB
2026/10/03 12:13:07.996, 1, 70, 108.67 W, 1410 MHz, 99 %, 61736 MiB
2026/10/03 12:13:07.997, 2, 58, 100.33 W, 1410 MHz, 99 %, 61720 MiB
2026/10/03 12:13:07.997, 3, 53, 76.76 W, 1410 MHz, 97 %, 61736 MiB
2026/10/03 12:13:09.997, 0, 59, 83.87 W, 1410 MHz, 98 %, 61720 MiB
2026/10/03 12:13:09.997, 1, 70, 111.45 W, 1410 MHz, 98 %, 61736 MiB
2026/10/03 12:13:09.998, 2, 58, 100.50 W, 1410 MHz, 99 %, 61720 MiB
2026/10/03 12:13:09.998, 3, 53, 74.61 W, 1410 MHz, 97 %, 61736 MiB
2026/10/03 12:13:11.998, 0, 59, 84.52 W, 1410 MHz, 98 %, 61720 MiB
2026/10/03 12:13:11.999, 1, 70, 109.63 W, 1410 MHz, 99 %, 61736 MiB
2026/10/03 12:13:11.999, 2, 58, 98.17 W, 1410 MHz, 99 %, 61720 MiB
2026/10/03 12:13:11.999, 3, 53, 76.79 W, 1410 MHz, 97 %, 61736 MiB
2026/10/03 12:13:13.999, 0, 59, 83.25 W, 1410 MHz, 98 %, 61720 MiB
2026/10/03 12:13:14.000, 1, 70, 111.53 W, 1410 MHz, 98 %, 61736 MiB
2026/10/03 12:13:14.000, 2, 58, 100.71 W, 1410 MHz, 99 %, 61720 MiB
2026/10/03 12:13:14.000, 3, 53, 74.80 W, 1410 MHz, 97 %, 61736 MiB
2026/10/03 12:13:16.000, 0, 59, 83.54 W, 1410 MHz, 98 %, 61720 MiB
2026/10/03 12:13:16.001, 1, 69, 110.06 W, 1410 MHz, 98 %, 61736 MiB
2026/10/03 12:13:16.001, 2, 58, 99.97 W, 1410 MHz, 99 %, 61720 MiB
2026/10/03 12:13:16.001, 3, 53, 77.37 W, 1410 MHz, 97 %, 61736 MiB
2026/10/03 12:13:18.001, 0, 59, 82.00 W, 1410 MHz, 98 %, 61720 MiB
2026/10/03 12:13:18.002, 1, 70, 108.90 W, 1410 MHz, 98 %, 61736 MiB
2026/10/03 12:13:18.002, 2, 58, 100.37 W, 1410 MHz, 99 %, 61720 MiB
2026/10/03 12:13:18.002, 3, 53, 74.82 W, 1410 MHz, 97 %, 61736 MiB
2026/10/03 12:13:20.002, 0, 59, 87.53 W, 1410 MHz, 98 %, 61720 MiB
2026/10/03 12:13:20.003, 1, 69, 108.93 W, 1410 MHz, 99 %, 61736 MiB
2026/10/03 12:13:20.003, 2, 58, 100.40 W, 1410 MHz, 98 %, 61720 MiB
2026/10/03 12:13:20.003, 3, 53, 73.92 W, 1410 MHz, 97 %, 61736 MiB
2026/10/03 12:13:22.003, 0, 59, 84.83 W, 1410 MHz, 98 %, 61720 MiB
2026/10/03 12:13:22.004, 1, 70, 110.86 W, 1410 MHz, 98 %, 61736 MiB
2026/10/03 12:13:22.004, 2, 58, 99.65 W, 1410 MHz, 99 %, 61720 MiB
2026/10/03 12:13:22.004, 3, 53, 75.29 W, 1410 MHz, 97 %, 61736 MiB
2026/10/03 12:13:24.004, 0, 59, 85.19 W, 1410 MHz, 98 %, 61720 MiB
2026/10/03 12:13:24.005, 1, 70, 113.54 W, 1410 MHz, 98 %, 61736 MiB
2026/10/03 12:13:24.005, 2, 58, 102.68 W, 1410 MHz, 99 %, 61720 MiB
2026/10/03 12:13:24.005, 3, 53, 75.29 W, 1410 MHz, 97 %, 61736 MiB
2026/10/03 12:13:26.006, 0, 59, 84.58 W, 1410 MHz, 98 %, 61720 MiB
2026/10/03 12:13:26.006, 1, 69, 110.09 W, 1410 MHz, 98 %, 61736 MiB
2026/10/03 12:13:26.006, 2, 58, 99.97 W, 1410 MHz, 99 %, 61720 MiB
2026/10/03 12:13:26.006, 3, 53, 75.73 W, 1410 MHz, 97 %, 61736 MiB
2026/10/03 12:13:28.007, 0, 59, 84.99 W, 1410 MHz, 98 %, 61720 MiB
2026/10/03 12:13:28.007, 1, 69, 110.57 W, 1410 MHz, 98 %, 61736 MiB
2026/10/03 12:13:28.007, 2, 58, 102.57 W, 1410 MHz, 98 %, 61720 MiB
2026/10/03 12:13:28.007, 3, 53, 76.51 W, 1410 MHz, 97 %, 61736 MiB
2026/10/03 12:13:30.008, 0, 57, 58.16 W, 1410 MHz, 0 %, 61720 MiB
2026/10/03 12:13:30.008, 1, 67, 72.98 W, 1410 MHz, 0 %, 61736 MiB
2026/10/03 12:13:30.008, 2, 56, 62.59 W, 1140 MHz, 0 %, 61720 MiB
2026/10/03 12:13:30.008, 3, 51, 49.66 W, 1410 MHz, 0 %, 61736 MiB
2026/10/03 12:13:32.009, 0, 57, 50.31 W, 1140 MHz, 0 %, 61720 MiB
2026/10/03 12:13:32.009, 1, 66, 53.57 W, 1140 MHz, 0 %, 61736 MiB
2026/10/03 12:13:32.009, 2, 54, 46.33 W, 1140 MHz, 0 %, 61720 MiB
2026/10/03 12:13:32.010, 3, 51, 43.79 W, 1140 MHz, 0 %, 61736 MiB
2026/10/03 12:13:34.010, 0, 56, 50.23 W, 1140 MHz, 0 %, 61720 MiB
2026/10/03 12:13:34.010, 1, 66, 53.36 W, 1140 MHz, 0 %, 61736 MiB
2026/10/03 12:13:34.011, 2, 54, 46.24 W, 1140 MHz, 0 %, 61720 MiB
2026/10/03 12:13:34.011, 3, 51, 43.69 W, 1140 MHz, 0 %, 61736 MiB
2026/10/03 12:13:36.011, 0, 56, 50.12 W, 1140 MHz, 0 %, 61720 MiB
2026/10/03 12:13:36.012, 1, 65, 53.17 W, 1140 MHz, 0 %, 61736 MiB
2026/10/03 12:13:36.012, 2, 54, 46.03 W, 1140 MHz, 0 %, 61720 MiB
2026/10/03 12:13:36.012, 3, 51, 43.69 W, 1140 MHz, 0 %, 61736 MiB
2026/10/03 12:13:38.012, 0, 56, 50.03 W, 1140 MHz, 0 %, 61720 MiB
2026/10/03 12:13:38.013, 1, 65, 53.08 W, 1140 MHz, 0 %, 61736 MiB
2026/10/03 12:13:38.013, 2, 53, 45.75 W, 1140 MHz, 0 %, 61720 MiB
2026/10/03 12:13:38.013, 3, 50, 43.50 W, 1140 MHz, 0 %, 61736 MiB
2026/10/03 12:13:40.014, 0, 56, 50.12 W, 1140 MHz, 0 %, 61720 MiB
2026/10/03 12:13:40.014, 1, 65, 53.08 W, 1140 MHz, 0 %, 61736 MiB
2026/10/03 12:13:40.014, 2, 53, 45.94 W, 1140 MHz, 0 %, 61720 MiB
2026/10/03 12:13:40.015, 3, 50, 43.50 W, 1140 MHz, 0 %, 61736 MiB
2026/10/03 12:13:42.015, 0, 56, 50.03 W, 1140 MHz, 0 %, 61720 MiB
2026/10/03 12:13:42.015, 1, 64, 52.89 W, 1140 MHz, 0 %, 61736 MiB
2026/10/03 12:13:42.016, 2, 53, 45.65 W, 1140 MHz, 0 %, 61720 MiB
2026/10/03 12:13:42.016, 3, 50, 43.59 W, 1140 MHz, 0 %, 61736 MiB
2026/10/03 12:13:44.016, 0, 56, 49.93 W, 1140 MHz, 0 %, 61720 MiB
2026/10/03 12:13:44.017, 1, 64, 52.70 W, 1140 MHz, 0 %, 61736 MiB
2026/10/03 12:13:44.017, 2, 53, 46.03 W, 1140 MHz, 0 %, 61720 MiB
2026/10/03 12:13:44.017, 3, 50, 43.40 W, 1140 MHz, 0 %, 61736 MiB
2026/10/03 12:13:46.017, 0, 56, 49.74 W, 1140 MHz, 0 %, 61720 MiB
2026/10/03 12:13:46.018, 1, 64, 52.51 W, 1140 MHz, 0 %, 61736 MiB
2026/10/03 12:13:46.018, 2, 53, 45.75 W, 1140 MHz, 0 %, 61720 MiB
2026/10/03 12:13:46.018, 3, 50, 43.29 W, 1140 MHz, 0 %, 61736 MiB
2026/10/03 12:13:48.018, 0, 55, 49.74 W, 1140 MHz, 0 %, 61720 MiB
2026/10/03 12:13:48.019, 1, 64, 52.41 W, 1140 MHz, 0 %, 61736 MiB
2026/10/03 12:13:48.019, 2, 52, 45.56 W, 1140 MHz, 0 %, 61720 MiB
2026/10/03 12:13:48.020, 3, 50, 43.20 W, 1140 MHz, 0 %, 61736 MiB
2026/10/03 12:13:50.020, 0, 55, 49.64 W, 1140 MHz, 0 %, 61720 MiB
2026/10/03 12:13:50.020, 1, 64, 52.21 W, 1140 MHz, 0 %, 61736 MiB
2026/10/03 12:13:50.021, 2, 52, 45.46 W, 1140 MHz, 0 %, 61720 MiB
2026/10/03 12:13:50.021, 3, 50, 43.10 W, 1140 MHz, 0 %, 61736 MiB
2026/10/03 12:13:52.021, 0, 55, 49.45 W, 1140 MHz, 0 %, 61720 MiB
2026/10/03 12:13:52.022, 1, 64, 52.12 W, 1140 MHz, 0 %, 61736 MiB
2026/10/03 12:13:52.022, 2, 52, 45.37 W, 1140 MHz, 0 %, 61720 MiB
2026/10/03 12:13:52.023, 3, 49, 42.99 W, 1140 MHz, 0 %, 61736 MiB
2026/10/03 12:13:54.023, 0, 55, 49.26 W, 1140 MHz, 0 %, 61720 MiB
2026/10/03 12:13:54.023, 1, 63, 52.02 W, 1140 MHz, 0 %, 61736 MiB
2026/10/03 12:13:54.024, 2, 52, 45.17 W, 1140 MHz, 0 %, 61720 MiB
2026/10/03 12:13:54.024, 3, 49, 42.90 W, 1140 MHz, 0 %, 61736 MiB
2026/10/03 12:13:56.024, 0, 55, 49.26 W, 1140 MHz, 0 %, 61720 MiB
2026/10/03 12:13:56.025, 1, 63, 51.54 W, 1140 MHz, 0 %, 61736 MiB
2026/10/03 12:13:56.025, 2, 52, 44.99 W, 1140 MHz, 0 %, 61720 MiB
2026/10/03 12:13:56.025, 3, 49, 43.00 W, 1140 MHz, 0 %, 61736 MiB
2026/10/03 12:13:58.026, 0, 55, 49.07 W, 1140 MHz, 0 %, 61720 MiB
2026/10/03 12:13:58.026, 1, 63, 51.91 W, 1140 MHz, 0 %, 61736 MiB
2026/10/03 12:13:58.027, 2, 51, 44.98 W, 1140 MHz, 0 %, 61720 MiB
2026/10/03 12:13:58.027, 3, 49, 42.89 W, 1140 MHz, 0 %, 61736 MiB
2026/10/03 12:14:00.027, 0, 55, 49.36 W, 1140 MHz, 0 %, 61720 MiB
2026/10/03 12:14:00.028, 1, 63, 51.64 W, 1140 MHz, 0 %, 61736 MiB
2026/10/03 12:14:00.028, 2, 51, 44.78 W, 1140 MHz, 0 %, 61720 MiB
2026/10/03 12:14:00.028, 3, 49, 42.91 W, 1140 MHz, 0 %, 61736 MiB
2026/10/03 12:14:02.029, 0, 55, 49.17 W, 1140 MHz, 0 %, 61720 MiB
2026/10/03 12:14:02.029, 1, 63, 51.63 W, 1140 MHz, 0 %, 61736 MiB
2026/10/03 12:14:02.029, 2, 51, 44.89 W, 1140 MHz, 0 %, 61720 MiB
2026/10/03 12:14:02.030, 3, 49, 43.09 W, 1140 MHz, 0 %, 61736 MiB
2026/10/03 12:14:04.030, 0, 55, 48.88 W, 1140 MHz, 0 %, 61720 MiB
2026/10/03 12:14:04.031, 1, 63, 51.44 W, 1140 MHz, 0 %, 61736 MiB
2026/10/03 12:14:04.031, 2, 51, 44.89 W, 1140 MHz, 0 %, 61720 MiB
2026/10/03 12:14:04.031, 3, 49, 42.99 W, 1140 MHz, 0 %, 61736 MiB
2026/10/03 12:14:06.032, 0, 54, 48.88 W, 1140 MHz, 0 %, 61720 MiB
2026/10/03 12:14:06.032, 1, 63, 51.35 W, 1140 MHz, 0 %, 61736 MiB
2026/10/03 12:14:06.032, 2, 51, 44.79 W, 1140 MHz, 0 %, 61720 MiB
2026/10/03 12:14:06.032, 3, 49, 42.90 W, 1140 MHz, 0 %, 61736 MiB
2026/10/03 12:14:08.033, 0, 54, 48.88 W, 1140 MHz, 0 %, 61720 MiB
2026/10/03 12:14:08.033, 1, 62, 51.25 W, 1140 MHz, 0 %, 61736 MiB
2026/10/03 12:14:08.034, 2, 51, 44.59 W, 1140 MHz, 0 %, 61720 MiB
2026/10/03 12:14:08.034, 3, 49, 42.72 W, 1140 MHz, 0 %, 61736 MiB
2026/10/03 12:14:10.034, 0, 54, 48.77 W, 1140 MHz, 0 %, 61720 MiB
2026/10/03 12:14:10.034, 1, 62, 51.16 W, 1140 MHz, 0 %, 61736 MiB
2026/10/03 12:14:10.035, 2, 50, 44.49 W, 1140 MHz, 0 %, 61720 MiB
2026/10/03 12:14:10.035, 3, 49, 42.72 W, 1140 MHz, 0 %, 61736 MiB
2026/10/03 12:14:12.035, 0, 54, 48.68 W, 1140 MHz, 0 %, 61720 MiB
2026/10/03 12:14:12.036, 1, 62, 51.16 W, 1140 MHz, 0 %, 61736 MiB
2026/10/03 12:14:12.036, 2, 50, 44.49 W, 1140 MHz, 0 %, 61720 MiB
2026/10/03 12:14:12.036, 3, 48, 42.81 W, 1140 MHz, 0 %, 61736 MiB
2026/10/03 12:14:14.036, 0, 54, 48.68 W, 1140 MHz, 0 %, 61720 MiB
2026/10/03 12:14:14.037, 1, 62, 50.97 W, 1140 MHz, 0 %, 61736 MiB
2026/10/03 12:14:14.037, 2, 50, 44.59 W, 1140 MHz, 0 %, 61720 MiB
2026/10/03 12:14:14.037, 3, 48, 42.72 W, 1140 MHz, 0 %, 61736 MiB
2026/10/03 12:14:16.038, 0, 54, 48.58 W, 1140 MHz, 0 %, 61720 MiB
2026/10/03 12:14:16.038, 1, 62, 50.97 W, 1140 MHz, 0 %, 61736 MiB
2026/10/03 12:14:16.038, 2, 50, 44.40 W, 1140 MHz, 0 %, 61720 MiB
2026/10/03 12:14:16.039, 3, 48, 42.72 W, 1140 MHz, 0 %, 61736 MiB
2026/10/03 12:14:18.039, 0, 54, 48.58 W, 1140 MHz, 0 %, 61720 MiB
2026/10/03 12:14:18.040, 1, 62, 51.16 W, 1140 MHz, 0 %, 61736 MiB
2026/10/03 12:14:18.040, 2, 50, 44.40 W, 1140 MHz, 0 %, 61720 MiB
2026/10/03 12:14:18.040, 3, 48, 42.72 W, 1140 MHz, 0 %, 61736 MiB
2026/10/03 12:14:20.040, 0, 54, 48.78 W, 1140 MHz, 0 %, 61720 MiB
2026/10/03 12:14:20.041, 1, 62, 51.07 W, 1140 MHz, 0 %, 61736 MiB
2026/10/03 12:14:20.041, 2, 50, 44.30 W, 1140 MHz, 0 %, 61720 MiB
2026/10/03 12:14:20.041, 3, 48, 42.62 W, 1140 MHz, 0 %, 61736 MiB
2026/10/03 12:14:22.042, 0, 54, 48.68 W, 1140 MHz, 0 %, 61720 MiB
2026/10/03 12:14:22.042, 1, 62, 50.78 W, 1140 MHz, 0 %, 61736 MiB
2026/10/03 12:14:22.043, 2, 50, 44.69 W, 1140 MHz, 0 %, 61720 MiB
2026/10/03 12:14:22.043, 3, 48, 42.80 W, 1140 MHz, 0 %, 61736 MiB
2026/10/03 12:14:24.043, 0, 54, 48.49 W, 1140 MHz, 0 %, 61720 MiB
2026/10/03 12:14:24.044, 1, 61, 50.78 W, 1140 MHz, 0 %, 61736 MiB
2026/10/03 12:14:24.044, 2, 49, 44.49 W, 1140 MHz, 0 %, 61720 MiB
2026/10/03 12:14:24.044, 3, 48, 42.62 W, 1140 MHz, 0 %, 61736 MiB
2026/10/03 12:14:26.045, 0, 56, 120.59 W, 1410 MHz, 87 %, 62260 MiB
2026/10/03 12:14:26.045, 1, 65, 141.88 W, 1365 MHz, 95 %, 62276 MiB
2026/10/03 12:14:26.045, 2, 52, 65.45 W, 1395 MHz, 99 %, 62260 MiB
2026/10/03 12:14:26.045, 3, 50, 58.63 W, 1410 MHz, 99 %, 62276 MiB
2026/10/03 12:14:28.046, 0, 57, 119.87 W, 1410 MHz, 83 %, 62320 MiB
2026/10/03 12:14:28.046, 1, 65, 70.16 W, 1380 MHz, 99 %, 62336 MiB
2026/10/03 12:14:28.046, 2, 53, 143.47 W, 1350 MHz, 99 %, 62320 MiB
2026/10/03 12:14:28.046, 3, 51, 159.30 W, 1410 MHz, 99 %, 62336 MiB
2026/10/03 12:14:30.047, 0, 58, 120.87 W, 1410 MHz, 94 %, 62320 MiB
2026/10/03 12:14:30.047, 1, 66, 73.94 W, 1200 MHz, 99 %, 62336 MiB
2026/10/03 12:14:30.047, 2, 54, 153.89 W, 1275 MHz, 97 %, 62320 MiB
2026/10/03 12:14:30.047, 3, 52, 61.41 W, 1410 MHz, 99 %, 62336 MiB
2026/10/03 12:14:32.048, 0, 55, 56.35 W, 1410 MHz, 0 %, 62320 MiB
2026/10/03 12:14:32.048, 1, 63, 70.01 W, 1410 MHz, 0 %, 62336 MiB
2026/10/03 12:14:32.048, 2, 51, 59.90 W, 1410 MHz, 0 %, 62320 MiB
2026/10/03 12:14:32.048, 3, 49, 48.58 W, 1410 MHz, 0 %, 62336 MiB
2026/10/03 12:14:34.049, 0, 54, 48.78 W, 1140 MHz, 0 %, 62320 MiB
2026/10/03 12:14:34.049, 1, 62, 51.16 W, 1140 MHz, 0 %, 62336 MiB
2026/10/03 12:14:34.049, 2, 50, 44.59 W, 1140 MHz, 0 %, 62320 MiB
2026/10/03 12:14:34.050, 3, 49, 42.91 W, 1140 MHz, 0 %, 62336 MiB
2026/10/03 12:14:36.050, 0, 54, 48.78 W, 1140 MHz, 0 %, 62320 MiB
2026/10/03 12:14:36.051, 1, 62, 50.97 W, 1140 MHz, 0 %, 62336 MiB
2026/10/03 12:14:36.051, 2, 50, 44.69 W, 1140 MHz, 0 %, 62320 MiB
2026/10/03 12:14:36.051, 3, 48, 43.21 W, 1140 MHz, 0 %, 62336 MiB
2026/10/03 12:14:38.052, 0, 54, 48.88 W, 1140 MHz, 0 %, 62320 MiB
2026/10/03 12:14:38.052, 1, 62, 50.86 W, 1140 MHz, 0 %, 62336 MiB
2026/10/03 12:14:38.052, 2, 50, 44.49 W, 1140 MHz, 0 %, 62320 MiB
2026/10/03 12:14:38.053, 3, 48, 42.91 W, 1140 MHz, 0 %, 62336 MiB
2026/10/03 12:14:40.053, 0, 54, 48.68 W, 1140 MHz, 0 %, 62320 MiB
2026/10/03 12:14:40.054, 1, 62, 50.87 W, 1140 MHz, 0 %, 62336 MiB
2026/10/03 12:14:40.054, 2, 49, 44.31 W, 1140 MHz, 0 %, 62320 MiB
2026/10/03 12:14:40.054, 3, 48, 42.81 W, 1140 MHz, 0 %, 62336 MiB
2026/10/03 12:14:42.054, 0, 54, 48.49 W, 1140 MHz, 0 %, 62320 MiB
2026/10/03 12:14:42.055, 1, 61, 50.76 W, 1140 MHz, 0 %, 62336 MiB
2026/10/03 12:14:42.055, 2, 49, 44.21 W, 1140 MHz, 0 %, 62320 MiB
2026/10/03 12:14:42.055, 3, 48, 42.91 W, 1140 MHz, 0 %, 62336 MiB
2026/10/03 12:14:44.055, 0, 54, 48.49 W, 1140 MHz, 0 %, 62320 MiB
2026/10/03 12:14:44.056, 1, 61, 50.57 W, 1140 MHz, 0 %, 62336 MiB
2026/10/03 12:14:44.056, 2, 49, 44.30 W, 1140 MHz, 0 %, 62320 MiB
2026/10/03 12:14:44.056, 3, 48, 42.72 W, 1140 MHz, 0 %, 62336 MiB
2026/10/03 12:14:46.057, 0, 53, 48.39 W, 1140 MHz, 0 %, 62320 MiB
2026/10/03 12:14:46.057, 1, 61, 50.57 W, 1140 MHz, 0 %, 62336 MiB
2026/10/03 12:14:46.057, 2, 49, 44.21 W, 1140 MHz, 0 %, 62320 MiB
2026/10/03 12:14:46.058, 3, 48, 42.72 W, 1140 MHz, 0 %, 62336 MiB
2026/10/03 12:14:48.058, 0, 53, 48.39 W, 1140 MHz, 0 %, 62320 MiB
2026/10/03 12:14:48.058, 1, 61, 50.38 W, 1140 MHz, 0 %, 62336 MiB
2026/10/03 12:14:48.059, 2, 49, 44.21 W, 1140 MHz, 0 %, 62320 MiB
2026/10/03 12:14:48.059, 3, 48, 42.52 W, 1140 MHz, 0 %, 62336 MiB
2026/10/03 12:14:50.059, 0, 53, 48.39 W, 1140 MHz, 0 %, 62320 MiB
2026/10/03 12:14:50.060, 1, 61, 50.67 W, 1140 MHz, 0 %, 62336 MiB
2026/10/03 12:14:50.060, 2, 49, 44.21 W, 1140 MHz, 0 %, 62320 MiB
2026/10/03 12:14:50.060, 3, 48, 42.62 W, 1140 MHz, 0 %, 62336 MiB
2026/10/03 12:14:52.060, 0, 53, 48.29 W, 1140 MHz, 0 %, 62320 MiB
2026/10/03 12:14:52.061, 1, 61, 50.38 W, 1140 MHz, 0 %, 62336 MiB
2026/10/03 12:14:52.061, 2, 49, 44.11 W, 1140 MHz, 0 %, 62320 MiB
2026/10/03 12:14:52.061, 3, 48, 42.53 W, 1140 MHz, 0 %, 62336 MiB
2026/10/03 12:14:54.062, 0, 53, 48.20 W, 1140 MHz, 0 %, 62320 MiB
2026/10/03 12:14:54.062, 1, 61, 50.38 W, 1140 MHz, 0 %, 62336 MiB
2026/10/03 12:14:54.062, 2, 49, 44.40 W, 1140 MHz, 0 %, 62320 MiB
2026/10/03 12:14:54.063, 3, 48, 42.53 W, 1140 MHz, 0 %, 62336 MiB
2026/10/03 12:14:56.063, 0, 53, 48.39 W, 1140 MHz, 0 %, 62320 MiB
2026/10/03 12:14:56.063, 1, 60, 50.20 W, 1140 MHz, 0 %, 62336 MiB
2026/10/03 12:14:56.064, 2, 48, 44.21 W, 1140 MHz, 0 %, 62320 MiB
2026/10/03 12:14:56.064, 3, 47, 42.62 W, 1140 MHz, 0 %, 62336 MiB
2026/10/03 12:14:58.064, 0, 53, 48.09 W, 1140 MHz, 0 %, 62320 MiB
2026/10/03 12:14:58.065, 1, 60, 50.21 W, 1140 MHz, 0 %, 62336 MiB
2026/10/03 12:14:58.065, 2, 48, 44.10 W, 1140 MHz, 0 %, 62320 MiB
2026/10/03 12:14:58.065, 3, 47, 42.53 W, 1140 MHz, 0 %, 62336 MiB
2026/10/03 12:15:00.065, 0, 53, 47.91 W, 1140 MHz, 0 %, 62320 MiB
2026/10/03 12:15:00.066, 1, 60, 50.02 W, 1140 MHz, 0 %, 62336 MiB
2026/10/03 12:15:00.066, 2, 48, 44.01 W, 1140 MHz, 0 %, 62320 MiB
2026/10/03 12:15:00.066, 3, 47, 42.43 W, 1140 MHz, 0 %, 62336 MiB
2026/10/03 12:15:02.067, 0, 53, 47.91 W, 1140 MHz, 5 %, 62320 MiB
2026/10/03 12:15:02.067, 1, 60, 50.02 W, 1140 MHz, 0 %, 62336 MiB
2026/10/03 12:15:02.067, 2, 48, 44.59 W, 1140 MHz, 0 %, 62320 MiB
2026/10/03 12:15:02.067, 3, 47, 42.24 W, 1140 MHz, 0 %, 62336 MiB
2026/10/03 12:15:04.068, 0, 53, 47.91 W, 1140 MHz, 0 %, 62320 MiB
2026/10/03 12:15:04.068, 1, 60, 49.82 W, 1140 MHz, 0 %, 62336 MiB
2026/10/03 12:15:04.068, 2, 48, 43.72 W, 1140 MHz, 0 %, 62320 MiB
2026/10/03 12:15:04.069, 3, 47, 42.33 W, 1140 MHz, 0 %, 62336 MiB
2026/10/03 12:15:06.069, 0, 53, 47.81 W, 1140 MHz, 0 %, 62320 MiB
2026/10/03 12:15:06.069, 1, 60, 49.82 W, 1140 MHz, 0 %, 62336 MiB
2026/10/03 12:15:06.070, 2, 48, 43.72 W, 1140 MHz, 0 %, 62320 MiB
2026/10/03 12:15:06.070, 3, 47, 42.24 W, 1140 MHz, 0 %, 62336 MiB
2026/10/03 12:15:08.070, 0, 52, 47.81 W, 1140 MHz, 0 %, 62320 MiB
2026/10/03 12:15:08.070, 1, 60, 49.62 W, 1140 MHz, 0 %, 62336 MiB
2026/10/03 12:15:08.071, 2, 48, 43.62 W, 1140 MHz, 0 %, 62320 MiB
2026/10/03 12:15:08.071, 3, 47, 42.33 W, 1140 MHz, 0 %, 62336 MiB
2026/10/03 12:15:10.071, 0, 52, 47.71 W, 1140 MHz, 0 %, 62320 MiB
2026/10/03 12:15:10.072, 1, 60, 49.92 W, 1140 MHz, 0 %, 62336 MiB
2026/10/03 12:15:10.072, 2, 48, 43.71 W, 1140 MHz, 0 %, 62320 MiB
2026/10/03 12:15:10.072, 3, 47, 42.14 W, 1140 MHz, 0 %, 62336 MiB
2026/10/03 12:15:12.072, 0, 52, 47.63 W, 1140 MHz, 0 %, 62320 MiB
2026/10/03 12:15:12.073, 1, 60, 49.73 W, 1140 MHz, 0 %, 62336 MiB
2026/10/03 12:15:12.073, 2, 48, 44.00 W, 1140 MHz, 0 %, 62320 MiB
2026/10/03 12:15:12.073, 3, 47, 42.24 W, 1140 MHz, 0 %, 62336 MiB
2026/10/03 12:15:14.074, 0, 52, 47.63 W, 1140 MHz, 0 %, 62320 MiB
2026/10/03 12:15:14.074, 1, 60, 49.42 W, 1140 MHz, 0 %, 62336 MiB
2026/10/03 12:15:14.074, 2, 48, 43.81 W, 1140 MHz, 0 %, 62320 MiB
2026/10/03 12:15:14.074, 3, 47, 42.24 W, 1140 MHz, 0 %, 62336 MiB
2026/10/03 12:15:16.075, 0, 52, 47.91 W, 1140 MHz, 0 %, 62320 MiB
2026/10/03 12:15:16.075, 1, 59, 49.52 W, 1140 MHz, 0 %, 62336 MiB
2026/10/03 12:15:16.075, 2, 47, 43.62 W, 1140 MHz, 0 %, 62320 MiB
2026/10/03 12:15:16.075, 3, 47, 42.43 W, 1140 MHz, 0 %, 62336 MiB
2026/10/03 12:15:18.076, 0, 52, 47.72 W, 1140 MHz, 0 %, 62320 MiB
2026/10/03 12:15:18.076, 1, 59, 49.42 W, 1140 MHz, 0 %, 62336 MiB
2026/10/03 12:15:18.076, 2, 47, 43.52 W, 1140 MHz, 0 %, 62320 MiB
2026/10/03 12:15:18.077, 3, 47, 42.43 W, 1140 MHz, 0 %, 62336 MiB
2026/10/03 12:15:20.077, 0, 52, 47.63 W, 1140 MHz, 0 %, 62320 MiB
2026/10/03 12:15:20.077, 1, 59, 49.32 W, 1140 MHz, 0 %, 62336 MiB
2026/10/03 12:15:20.078, 2, 47, 43.52 W, 1140 MHz, 0 %, 62320 MiB
2026/10/03 12:15:20.078, 3, 47, 42.33 W, 1140 MHz, 0 %, 62336 MiB
2026/10/03 12:15:22.078, 0, 52, 47.52 W, 1140 MHz, 0 %, 62320 MiB
2026/10/03 12:15:22.079, 1, 59, 49.33 W, 1140 MHz, 0 %, 62336 MiB
2026/10/03 12:15:22.079, 2, 47, 43.42 W, 1140 MHz, 0 %, 62320 MiB
2026/10/03 12:15:22.079, 3, 47, 42.13 W, 1140 MHz, 0 %, 62336 MiB
2026/10/03 12:15:24.079, 0, 52, 47.52 W, 1140 MHz, 0 %, 62320 MiB
2026/10/03 12:15:24.080, 1, 59, 49.32 W, 1140 MHz, 0 %, 62336 MiB
2026/10/03 12:15:24.080, 2, 47, 43.42 W, 1140 MHz, 0 %, 62320 MiB
2026/10/03 12:15:24.080, 3, 47, 42.14 W, 1140 MHz, 0 %, 62336 MiB
2026/10/03 12:15:26.081, 0, 52, 47.52 W, 1140 MHz, 0 %, 62320 MiB
2026/10/03 12:15:26.081, 1, 59, 49.32 W, 1140 MHz, 0 %, 62336 MiB
2026/10/03 12:15:26.081, 2, 47, 43.42 W, 1140 MHz, 0 %, 62320 MiB
2026/10/03 12:15:26.082, 3, 47, 42.14 W, 1140 MHz, 0 %, 62336 MiB
2026/10/03 12:15:28.082, 0, 52, 47.42 W, 1140 MHz, 0 %, 62320 MiB
2026/10/03 12:15:28.082, 1, 59, 49.23 W, 1140 MHz, 0 %, 62336 MiB
2026/10/03 12:15:28.083, 2, 47, 43.52 W, 1140 MHz, 0 %, 62320 MiB
2026/10/03 12:15:28.083, 3, 47, 42.05 W, 1140 MHz, 0 %, 62336 MiB
2026/10/03 12:15:30.084, 0, 52, 47.42 W, 1140 MHz, 0 %, 62320 MiB
2026/10/03 12:15:30.084, 1, 59, 49.42 W, 1140 MHz, 0 %, 62336 MiB
2026/10/03 12:15:30.084, 2, 47, 43.43 W, 1140 MHz, 0 %, 62320 MiB
2026/10/03 12:15:30.084, 3, 47, 42.24 W, 1140 MHz, 0 %, 62336 MiB
2026/10/03 12:15:32.085, 0, 52, 47.34 W, 1140 MHz, 0 %, 62320 MiB
2026/10/03 12:15:32.085, 1, 59, 49.23 W, 1140 MHz, 0 %, 62336 MiB
2026/10/03 12:15:32.085, 2, 47, 43.72 W, 1140 MHz, 0 %, 62320 MiB
2026/10/03 12:15:32.085, 3, 46, 42.14 W, 1140 MHz, 0 %, 62336 MiB
2026/10/03 12:15:34.086, 0, 54, 78.82 W, 1410 MHz, 99 %, 62720 MiB
2026/10/03 12:15:34.086, 1, 62, 173.45 W, 1320 MHz, 99 %, 62736 MiB
2026/10/03 12:15:34.086, 2, 50, 70.74 W, 1290 MHz, 99 %, 62720 MiB
2026/10/03 12:15:34.086, 3, 49, 74.27 W, 1410 MHz, 99 %, 62736 MiB
2026/10/03 12:15:36.087, 0, 55, 116.19 W, 1410 MHz, 96 %, 62720 MiB
2026/10/03 12:15:36.087, 1, 63, 124.35 W, 1365 MHz, 98 %, 62736 MiB
2026/10/03 12:15:36.087, 2, 51, 62.29 W, 1395 MHz, 98 %, 62720 MiB
2026/10/03 12:15:36.088, 3, 50, 70.39 W, 1410 MHz, 97 %, 62736 MiB
2026/10/03 12:15:38.088, 0, 56, 154.22 W, 1410 MHz, 99 %, 62720 MiB
2026/10/03 12:15:38.088, 1, 63, 72.30 W, 1305 MHz, 97 %, 62736 MiB
2026/10/03 12:15:38.088, 2, 51, 177.71 W, 1290 MHz, 99 %, 62720 MiB
2026/10/03 12:15:38.089, 3, 50, 121.55 W, 1410 MHz, 98 %, 62736 MiB
2026/10/03 12:15:40.089, 0, 53, 55.20 W, 1410 MHz, 0 %, 62720 MiB
2026/10/03 12:15:40.089, 1, 61, 67.51 W, 1410 MHz, 0 %, 62736 MiB
2026/10/03 12:15:40.090, 2, 49, 58.65 W, 1410 MHz, 0 %, 62720 MiB
2026/10/03 12:15:40.090, 3, 48, 48.01 W, 1410 MHz, 0 %, 62736 MiB
2026/10/03 12:15:42.090, 0, 52, 47.71 W, 1140 MHz, 0 %, 62720 MiB
2026/10/03 12:15:42.091, 1, 60, 49.81 W, 1140 MHz, 0 %, 62736 MiB
2026/10/03 12:15:42.091, 2, 48, 43.81 W, 1140 MHz, 0 %, 62720 MiB
2026/10/03 12:15:42.091, 3, 47, 42.53 W, 1140 MHz, 0 %, 62736 MiB
2026/10/03 12:15:44.092, 0, 52, 47.72 W, 1140 MHz, 0 %, 62720 MiB
2026/10/03 12:15:44.092, 1, 59, 49.62 W, 1140 MHz, 0 %, 62736 MiB
2026/10/03 12:15:44.092, 2, 47, 44.00 W, 1140 MHz, 0 %, 62720 MiB
2026/10/03 12:15:44.093, 3, 47, 42.43 W, 1140 MHz, 0 %, 62736 MiB
2026/10/03 12:15:46.093, 0, 52, 47.62 W, 1140 MHz, 0 %, 62720 MiB
2026/10/03 12:15:46.094, 1, 59, 49.42 W, 1140 MHz, 0 %, 62736 MiB
2026/10/03 12:15:46.094, 2, 47, 43.81 W, 1140 MHz, 0 %, 62720 MiB
2026/10/03 12:15:46.094, 3, 47, 42.43 W, 1140 MHz, 0 %, 62736 MiB
2026/10/03 12:15:48.095, 0, 52, 47.72 W, 1140 MHz, 0 %, 62720 MiB
2026/10/03 12:15:48.095, 1, 59, 49.51 W, 1140 MHz, 0 %, 62736 MiB
2026/10/03 12:15:48.095, 2, 47, 43.72 W, 1140 MHz, 0 %, 62720 MiB
2026/10/03 12:15:48.096, 3, 47, 42.43 W, 1140 MHz, 0 %, 62736 MiB
2026/10/03 12:15:50.096, 0, 52, 47.90 W, 1140 MHz, 0 %, 62720 MiB
2026/10/03 12:15:50.097, 1, 59, 49.42 W, 1140 MHz, 0 %, 62736 MiB
2026/10/03 12:15:50.097, 2, 47, 43.62 W, 1140 MHz, 0 %, 62720 MiB
2026/10/03 12:15:50.097, 3, 47, 42.52 W, 1140 MHz, 0 %, 62736 MiB
2026/10/03 12:15:52.098, 0, 52, 47.72 W, 1140 MHz, 0 %, 62720 MiB
2026/10/03 12:15:52.098, 1, 59, 49.32 W, 1140 MHz, 0 %, 62736 MiB
2026/10/03 12:15:52.099, 2, 47, 43.52 W, 1140 MHz, 0 %, 62720 MiB
2026/10/03 12:15:52.099, 3, 47, 42.43 W, 1140 MHz, 0 %, 62736 MiB
2026/10/03 12:15:54.099, 0, 52, 47.72 W, 1140 MHz, 0 %, 62720 MiB
2026/10/03 12:15:54.100, 1, 59, 49.32 W, 1140 MHz, 0 %, 62736 MiB
2026/10/03 12:15:54.100, 2, 47, 43.62 W, 1140 MHz, 0 %, 62720 MiB
2026/10/03 12:15:54.100, 3, 47, 42.33 W, 1140 MHz, 0 %, 62736 MiB
2026/10/03 12:15:56.101, 0, 52, 47.62 W, 1140 MHz, 0 %, 62720 MiB
2026/10/03 12:15:56.101, 1, 59, 49.33 W, 1140 MHz, 0 %, 62736 MiB
2026/10/03 12:15:56.102, 2, 47, 43.52 W, 1140 MHz, 0 %, 62720 MiB
2026/10/03 12:15:56.102, 3, 47, 42.33 W, 1140 MHz, 0 %, 62736 MiB
2026/10/03 12:15:58.102, 0, 52, 47.52 W, 1140 MHz, 0 %, 62720 MiB
2026/10/03 12:15:58.103, 1, 59, 49.23 W, 1140 MHz, 0 %, 62736 MiB
2026/10/03 12:15:58.103, 2, 47, 43.52 W, 1140 MHz, 0 %, 62720 MiB
2026/10/03 12:15:58.103, 3, 47, 42.24 W, 1140 MHz, 0 %, 62736 MiB
2026/10/03 12:16:00.104, 0, 52, 47.62 W, 1140 MHz, 0 %, 62720 MiB
2026/10/03 12:16:00.104, 1, 59, 49.51 W, 1140 MHz, 0 %, 62736 MiB
2026/10/03 12:16:00.105, 2, 47, 43.43 W, 1140 MHz, 0 %, 62720 MiB
2026/10/03 12:16:00.105, 3, 47, 42.13 W, 1140 MHz, 0 %, 62736 MiB
2026/10/03 12:16:02.105, 0, 52, 47.52 W, 1140 MHz, 0 %, 62720 MiB
2026/10/03 12:16:02.106, 1, 59, 49.23 W, 1140 MHz, 0 %, 62736 MiB
2026/10/03 12:16:02.106, 2, 47, 43.53 W, 1140 MHz, 0 %, 62720 MiB
2026/10/03 12:16:02.106, 3, 46, 41.94 W, 1140 MHz, 0 %, 62736 MiB
2026/10/03 12:16:04.107, 0, 52, 47.43 W, 1140 MHz, 0 %, 62720 MiB
2026/10/03 12:16:04.107, 1, 59, 49.23 W, 1140 MHz, 0 %, 62736 MiB
2026/10/03 12:16:04.107, 2, 47, 43.62 W, 1140 MHz, 0 %, 62720 MiB
2026/10/03 12:16:04.108, 3, 46, 42.14 W, 1140 MHz, 0 %, 62736 MiB
2026/10/03 12:16:06.108, 0, 52, 47.43 W, 1140 MHz, 0 %, 62720 MiB
2026/10/03 12:16:06.110, 1, 58, 49.14 W, 1140 MHz, 0 %, 62736 MiB
2026/10/03 12:16:06.110, 2, 46, 43.53 W, 1140 MHz, 0 %, 62720 MiB
2026/10/03 12:16:06.111, 3, 46, 41.94 W, 1140 MHz, 0 %, 62736 MiB
2026/10/03 12:16:08.111, 0, 52, 47.24 W, 1140 MHz, 0 %, 62720 MiB
2026/10/03 12:16:08.112, 1, 58, 49.04 W, 1140 MHz, 0 %, 62736 MiB
2026/10/03 12:16:08.112, 2, 46, 43.32 W, 1140 MHz, 0 %, 62720 MiB
2026/10/03 12:16:08.112, 3, 46, 42.05 W, 1140 MHz, 0 %, 62736 MiB
2026/10/03 12:16:10.113, 0, 51, 47.52 W, 1140 MHz, 0 %, 62720 MiB
2026/10/03 12:16:10.113, 1, 58, 48.85 W, 1140 MHz, 0 %, 62736 MiB
2026/10/03 12:16:10.113, 2, 46, 43.22 W, 1140 MHz, 0 %, 62720 MiB
2026/10/03 12:16:10.114, 3, 46, 42.24 W, 1140 MHz, 0 %, 62736 MiB
2026/10/03 12:16:12.114, 0, 51, 47.33 W, 1140 MHz, 0 %, 62720 MiB
2026/10/03 12:16:12.115, 1, 58, 48.85 W, 1140 MHz, 0 %, 62736 MiB
2026/10/03 12:16:12.115, 2, 46, 43.13 W, 1140 MHz, 0 %, 62720 MiB
2026/10/03 12:16:12.115, 3, 46, 42.14 W, 1140 MHz, 0 %, 62736 MiB
2026/10/03 12:16:14.116, 0, 51, 47.24 W, 1140 MHz, 0 %, 62720 MiB
2026/10/03 12:16:14.116, 1, 58, 48.76 W, 1140 MHz, 0 %, 62736 MiB
2026/10/03 12:16:14.116, 2, 46, 43.13 W, 1140 MHz, 0 %, 62720 MiB
2026/10/03 12:16:14.117, 3, 46, 41.94 W, 1140 MHz, 0 %, 62736 MiB
2026/10/03 12:16:16.117, 0, 51, 47.14 W, 1140 MHz, 0 %, 62720 MiB
2026/10/03 12:16:16.118, 1, 58, 48.75 W, 1140 MHz, 0 %, 62736 MiB
2026/10/03 12:16:16.118, 2, 46, 43.24 W, 1140 MHz, 0 %, 62720 MiB
2026/10/03 12:16:16.118, 3, 46, 41.94 W, 1140 MHz, 0 %, 62736 MiB
2026/10/03 12:16:18.119, 0, 51, 47.24 W, 1140 MHz, 0 %, 62720 MiB
2026/10/03 12:16:18.119, 1, 58, 48.75 W, 1140 MHz, 0 %, 62736 MiB
2026/10/03 12:16:18.119, 2, 46, 43.13 W, 1140 MHz, 0 %, 62720 MiB
2026/10/03 12:16:18.120, 3, 46, 41.84 W, 1140 MHz, 0 %, 62736 MiB
2026/10/03 12:16:20.120, 0, 51, 47.14 W, 1140 MHz, 0 %, 62720 MiB
2026/10/03 12:16:20.121, 1, 58, 48.94 W, 1140 MHz, 0 %, 62736 MiB
2026/10/03 12:16:20.121, 2, 46, 43.14 W, 1140 MHz, 0 %, 62720 MiB
2026/10/03 12:16:20.121, 3, 46, 41.94 W, 1140 MHz, 0 %, 62736 MiB
2026/10/03 12:16:22.122, 0, 51, 47.24 W, 1140 MHz, 0 %, 62720 MiB
2026/10/03 12:16:22.122, 1, 58, 48.75 W, 1140 MHz, 0 %, 62736 MiB
2026/10/03 12:16:22.122, 2, 46, 43.33 W, 1140 MHz, 0 %, 62720 MiB
2026/10/03 12:16:22.123, 3, 46, 41.94 W, 1140 MHz, 0 %, 62736 MiB
2026/10/03 12:16:24.123, 0, 51, 47.14 W, 1140 MHz, 0 %, 62720 MiB
2026/10/03 12:16:24.124, 1, 58, 48.65 W, 1140 MHz, 0 %, 62736 MiB
2026/10/03 12:16:24.124, 2, 46, 43.23 W, 1140 MHz, 0 %, 62720 MiB
2026/10/03 12:16:24.124, 3, 46, 41.84 W, 1140 MHz, 0 %, 62736 MiB
2026/10/03 12:16:26.124, 0, 51, 47.06 W, 1140 MHz, 0 %, 62720 MiB
2026/10/03 12:16:26.125, 1, 58, 48.56 W, 1140 MHz, 0 %, 62736 MiB
2026/10/03 12:16:26.125, 2, 46, 43.14 W, 1140 MHz, 0 %, 62720 MiB
2026/10/03 12:16:26.125, 3, 46, 41.84 W, 1140 MHz, 0 %, 62736 MiB
2026/10/03 12:16:28.126, 0, 51, 47.15 W, 1140 MHz, 0 %, 62720 MiB
2026/10/03 12:16:28.126, 1, 58, 48.66 W, 1140 MHz, 0 %, 62736 MiB
2026/10/03 12:16:28.126, 2, 46, 43.04 W, 1140 MHz, 0 %, 62720 MiB
2026/10/03 12:16:28.126, 3, 46, 42.24 W, 1140 MHz, 0 %, 62736 MiB
2026/10/03 12:16:30.127, 0, 51, 47.25 W, 1140 MHz, 0 %, 62720 MiB
2026/10/03 12:16:30.127, 1, 58, 48.56 W, 1140 MHz, 0 %, 62736 MiB
2026/10/03 12:16:30.127, 2, 46, 43.04 W, 1140 MHz, 0 %, 62720 MiB
2026/10/03 12:16:30.127, 3, 46, 41.94 W, 1140 MHz, 0 %, 62736 MiB
2026/10/03 12:16:32.128, 0, 54, 74.08 W, 1410 MHz, 97 %, 62780 MiB
2026/10/03 12:16:32.128, 1, 60, 70.84 W, 1365 MHz, 99 %, 62796 MiB
2026/10/03 12:16:32.128, 2, 49, 71.99 W, 1365 MHz, 99 %, 62780 MiB
2026/10/03 12:16:32.128, 3, 48, 130.55 W, 1410 MHz, 99 %, 62796 MiB
2026/10/03 12:16:34.129, 0, 53, 59.60 W, 1410 MHz, 98 %, 62780 MiB
2026/10/03 12:16:34.129, 1, 61, 76.80 W, 1395 MHz, 97 %, 62796 MiB
2026/10/03 12:16:34.129, 2, 49, 156.69 W, 1395 MHz, 63 %, 62780 MiB
2026/10/03 12:16:34.130, 3, 49, 83.57 W, 1410 MHz, 99 %, 62796 MiB
2026/10/03 12:16:36.130, 0, 54, 61.34 W, 1410 MHz, 99 %, 62780 MiB
2026/10/03 12:16:36.131, 1, 62, 87.01 W, 1395 MHz, 97 %, 62796 MiB
2026/10/03 12:16:36.131, 2, 50, 170.51 W, 1365 MHz, 97 %, 62780 MiB
2026/10/03 12:16:36.131, 3, 50, 134.55 W, 1410 MHz, 98 %, 62796 MiB
2026/10/03 12:16:38.132, 0, 53, 54.90 W, 1410 MHz, 0 %, 62780 MiB
2026/10/03 12:16:38.132, 1, 60, 66.83 W, 1410 MHz, 0 %, 62796 MiB
2026/10/03 12:16:38.132, 2, 48, 58.37 W, 1410 MHz, 0 %, 62780 MiB
2026/10/03 12:16:38.133, 3, 47, 47.91 W, 1410 MHz, 0 %, 62796 MiB
2026/10/03 12:16:40.133, 0, 52, 47.52 W, 1140 MHz, 0 %, 62780 MiB
2026/10/03 12:16:40.134, 1, 59, 49.13 W, 1140 MHz, 0 %, 62796 MiB
2026/10/03 12:16:40.134, 2, 47, 43.52 W, 1140 MHz, 0 %, 62780 MiB
2026/10/03 12:16:40.134, 3, 47, 42.24 W, 1140 MHz, 0 %, 62796 MiB
2026/10/03 12:16:42.135, 0, 52, 47.71 W, 1140 MHz, 0 %, 62780 MiB
2026/10/03 12:16:42.135, 1, 59, 48.94 W, 1140 MHz, 0 %, 62796 MiB
2026/10/03 12:16:42.135, 2, 47, 43.43 W, 1140 MHz, 0 %, 62780 MiB
2026/10/03 12:16:42.136, 3, 47, 42.24 W, 1140 MHz, 0 %, 62796 MiB
2026/10/03 12:16:44.136, 0, 52, 47.42 W, 1140 MHz, 0 %, 62780 MiB
2026/10/03 12:16:44.137, 1, 58, 48.94 W, 1140 MHz, 0 %, 62796 MiB
2026/10/03 12:16:44.137, 2, 47, 43.43 W, 1140 MHz, 0 %, 62780 MiB
2026/10/03 12:16:44.137, 3, 47, 42.43 W, 1140 MHz, 0 %, 62796 MiB
2026/10/03 12:16:46.137, 0, 52, 47.33 W, 1140 MHz, 0 %, 62780 MiB
2026/10/03 12:16:46.138, 1, 58, 48.95 W, 1140 MHz, 0 %, 62796 MiB
2026/10/03 12:16:46.139, 2, 46, 43.24 W, 1140 MHz, 0 %, 62780 MiB
2026/10/03 12:16:46.139, 3, 46, 42.24 W, 1140 MHz, 0 %, 62796 MiB
2026/10/03 12:16:48.139, 0, 51, 47.33 W, 1140 MHz, 0 %, 62780 MiB
2026/10/03 12:16:48.140, 1, 58, 49.23 W, 1140 MHz, 0 %, 62796 MiB
2026/10/03 12:16:48.140, 2, 46, 43.22 W, 1140 MHz, 0 %, 62780 MiB
2026/10/03 12:16:48.140, 3, 46, 42.24 W, 1140 MHz, 0 %, 62796 MiB
2026/10/03 12:16:50.140, 0, 51, 47.24 W, 1140 MHz, 0 %, 62780 MiB
2026/10/03 12:16:50.141, 1, 58, 48.85 W, 1140 MHz, 0 %, 62796 MiB
2026/10/03 12:16:50.141, 2, 46, 43.52 W, 1140 MHz, 0 %, 62780 MiB
2026/10/03 12:16:50.142, 3, 46, 42.14 W, 1140 MHz, 0 %, 62796 MiB
2026/10/03 12:16:52.142, 0, 51, 47.33 W, 1140 MHz, 0 %, 62780 MiB
2026/10/03 12:16:52.142, 1, 58, 48.85 W, 1140 MHz, 0 %, 62796 MiB
2026/10/03 12:16:52.143, 2, 46, 43.32 W, 1140 MHz, 0 %, 62780 MiB
2026/10/03 12:16:52.143, 3, 46, 42.24 W, 1140 MHz, 0 %, 62796 MiB
2026/10/03 12:16:54.143, 0, 51, 47.24 W, 1140 MHz, 0 %, 62780 MiB
2026/10/03 12:16:54.144, 1, 58, 48.75 W, 1140 MHz, 0 %, 62796 MiB
2026/10/03 12:16:54.144, 2, 46, 43.32 W, 1140 MHz, 0 %, 62780 MiB
2026/10/03 12:16:54.144, 3, 46, 42.24 W, 1140 MHz, 0 %, 62796 MiB
2026/10/03 12:16:56.144, 0, 51, 47.24 W, 1140 MHz, 0 %, 62780 MiB
2026/10/03 12:16:56.145, 1, 58, 48.75 W, 1140 MHz, 0 %, 62796 MiB
2026/10/03 12:16:56.145, 2, 46, 43.22 W, 1140 MHz, 0 %, 62780 MiB
2026/10/03 12:16:56.145, 3, 46, 42.05 W, 1140 MHz, 0 %, 62796 MiB
2026/10/03 12:16:58.145, 0, 51, 47.24 W, 1140 MHz, 0 %, 62780 MiB
2026/10/03 12:16:58.146, 1, 58, 48.65 W, 1140 MHz, 0 %, 62796 MiB
2026/10/03 12:16:58.146, 2, 46, 43.24 W, 1140 MHz, 0 %, 62780 MiB
2026/10/03 12:16:58.146, 3, 46, 42.24 W, 1140 MHz, 0 %, 62796 MiB
2026/10/03 12:17:00.147, 0, 51, 47.52 W, 1140 MHz, 0 %, 62780 MiB
2026/10/03 12:17:00.147, 1, 58, 48.75 W, 1140 MHz, 0 %, 62796 MiB
2026/10/03 12:17:00.147, 2, 46, 43.14 W, 1140 MHz, 0 %, 62780 MiB
2026/10/03 12:17:00.148, 3, 46, 42.13 W, 1140 MHz, 0 %, 62796 MiB
2026/10/03 12:17:02.148, 0, 51, 47.33 W, 1140 MHz, 0 %, 62780 MiB
2026/10/03 12:17:02.149, 1, 58, 48.66 W, 1140 MHz, 0 %, 62796 MiB
2026/10/03 12:17:02.149, 2, 46, 43.13 W, 1140 MHz, 0 %, 62780 MiB
2026/10/03 12:17:02.149, 3, 46, 42.33 W, 1140 MHz, 0 %, 62796 MiB
2026/10/03 12:17:04.149, 0, 51, 47.14 W, 1140 MHz, 0 %, 62780 MiB
2026/10/03 12:17:04.150, 1, 58, 48.66 W, 1140 MHz, 0 %, 62796 MiB
2026/10/03 12:17:04.150, 2, 46, 43.13 W, 1140 MHz, 0 %, 62780 MiB
2026/10/03 12:17:04.150, 3, 46, 42.24 W, 1140 MHz, 0 %, 62796 MiB
2026/10/03 12:17:06.150, 0, 51, 47.14 W, 1140 MHz, 0 %, 62780 MiB
2026/10/03 12:17:06.151, 1, 57, 48.65 W, 1140 MHz, 0 %, 62796 MiB
2026/10/03 12:17:06.151, 2, 46, 43.13 W, 1140 MHz, 0 %, 62780 MiB
2026/10/03 12:17:06.151, 3, 46, 41.94 W, 1140 MHz, 0 %, 62796 MiB
2026/10/03 12:17:08.151, 0, 51, 47.14 W, 1140 MHz, 0 %, 62780 MiB
2026/10/03 12:17:08.152, 1, 57, 48.75 W, 1140 MHz, 0 %, 62796 MiB
2026/10/03 12:17:08.152, 2, 46, 43.43 W, 1140 MHz, 0 %, 62780 MiB
2026/10/03 12:17:08.152, 3, 46, 41.75 W, 1140 MHz, 0 %, 62796 MiB
2026/10/03 12:17:10.153, 0, 51, 47.06 W, 1140 MHz, 0 %, 62780 MiB
2026/10/03 12:17:10.153, 1, 57, 48.56 W, 1140 MHz, 0 %, 62796 MiB
2026/10/03 12:17:10.153, 2, 46, 43.23 W, 1140 MHz, 0 %, 62780 MiB
2026/10/03 12:17:10.153, 3, 46, 41.85 W, 1140 MHz, 0 %, 62796 MiB
2026/10/03 12:17:12.154, 0, 51, 47.04 W, 1140 MHz, 0 %, 62780 MiB
2026/10/03 12:17:12.154, 1, 57, 48.56 W, 1140 MHz, 0 %, 62796 MiB
2026/10/03 12:17:12.154, 2, 46, 43.22 W, 1140 MHz, 0 %, 62780 MiB
2026/10/03 12:17:12.154, 3, 46, 41.84 W, 1140 MHz, 0 %, 62796 MiB
2026/10/03 12:17:14.155, 0, 51, 46.95 W, 1140 MHz, 0 %, 62780 MiB
2026/10/03 12:17:14.155, 1, 57, 48.46 W, 1140 MHz, 0 %, 62796 MiB
2026/10/03 12:17:14.155, 2, 45, 43.14 W, 1140 MHz, 0 %, 62780 MiB
2026/10/03 12:17:14.156, 3, 46, 41.84 W, 1140 MHz, 0 %, 62796 MiB
2026/10/03 12:17:16.156, 0, 51, 46.95 W, 1140 MHz, 0 %, 62780 MiB
2026/10/03 12:17:16.156, 1, 57, 48.46 W, 1140 MHz, 0 %, 62796 MiB
2026/10/03 12:17:16.157, 2, 45, 43.14 W, 1140 MHz, 0 %, 62780 MiB
2026/10/03 12:17:16.157, 3, 46, 41.84 W, 1140 MHz, 0 %, 62796 MiB
2026/10/03 12:17:18.157, 0, 51, 46.96 W, 1140 MHz, 0 %, 62780 MiB
2026/10/03 12:17:18.158, 1, 57, 48.26 W, 1140 MHz, 0 %, 62796 MiB
2026/10/03 12:17:18.158, 2, 45, 42.87 W, 1140 MHz, 0 %, 62780 MiB
2026/10/03 12:17:18.158, 3, 46, 41.75 W, 1140 MHz, 0 %, 62796 MiB
2026/10/03 12:17:20.158, 0, 51, 47.04 W, 1140 MHz, 0 %, 62780 MiB
2026/10/03 12:17:20.159, 1, 57, 48.17 W, 1140 MHz, 0 %, 62796 MiB
2026/10/03 12:17:20.159, 2, 45, 42.85 W, 1140 MHz, 0 %, 62780 MiB
2026/10/03 12:17:20.159, 3, 46, 41.75 W, 1140 MHz, 0 %, 62796 MiB
2026/10/03 12:17:22.160, 0, 51, 46.96 W, 1140 MHz, 0 %, 62780 MiB
2026/10/03 12:17:22.160, 1, 57, 48.17 W, 1140 MHz, 0 %, 62796 MiB
2026/10/03 12:17:22.161, 2, 45, 42.85 W, 1140 MHz, 0 %, 62780 MiB
2026/10/03 12:17:22.161, 3, 46, 42.03 W, 1140 MHz, 0 %, 62796 MiB
2026/10/03 12:17:24.161, 0, 51, 46.95 W, 1140 MHz, 0 %, 62780 MiB
2026/10/03 12:17:24.161, 1, 57, 48.17 W, 1140 MHz, 0 %, 62796 MiB
2026/10/03 12:17:24.162, 2, 45, 42.85 W, 1140 MHz, 0 %, 62780 MiB
2026/10/03 12:17:24.162, 3, 46, 41.94 W, 1140 MHz, 0 %, 62796 MiB
2026/10/03 12:17:26.162, 0, 50, 46.77 W, 1140 MHz, 0 %, 62780 MiB
2026/10/03 12:17:26.163, 1, 57, 48.37 W, 1140 MHz, 0 %, 62796 MiB
2026/10/03 12:17:26.163, 2, 45, 43.22 W, 1140 MHz, 0 %, 62780 MiB
2026/10/03 12:17:26.163, 3, 46, 41.75 W, 1140 MHz, 0 %, 62796 MiB
2026/10/03 12:17:28.164, 0, 50, 46.85 W, 1140 MHz, 0 %, 62780 MiB
2026/10/03 12:17:28.164, 1, 57, 48.27 W, 1140 MHz, 0 %, 62796 MiB
2026/10/03 12:17:28.165, 2, 45, 43.05 W, 1140 MHz, 0 %, 62780 MiB
2026/10/03 12:17:28.165, 3, 46, 41.75 W, 1140 MHz, 0 %, 62796 MiB
2026/10/03 12:17:30.165, 0, 50, 46.77 W, 1140 MHz, 0 %, 62780 MiB
2026/10/03 12:17:30.166, 1, 57, 47.97 W, 1140 MHz, 0 %, 62796 MiB
2026/10/03 12:17:30.166, 2, 45, 42.85 W, 1140 MHz, 0 %, 62780 MiB
2026/10/03 12:17:30.166, 3, 46, 41.65 W, 1140 MHz, 0 %, 62796 MiB
2026/10/03 12:17:32.167, 0, 50, 46.77 W, 1140 MHz, 0 %, 62780 MiB
2026/10/03 12:17:32.167, 1, 57, 48.07 W, 1140 MHz, 0 %, 62796 MiB
2026/10/03 12:17:32.167, 2, 45, 42.86 W, 1140 MHz, 0 %, 62780 MiB
2026/10/03 12:17:32.168, 3, 45, 41.65 W, 1140 MHz, 0 %, 62796 MiB
2026/10/03 12:17:34.168, 0, 50, 46.76 W, 1140 MHz, 0 %, 62780 MiB
2026/10/03 12:17:34.169, 1, 57, 48.07 W, 1140 MHz, 0 %, 62796 MiB
2026/10/03 12:17:34.169, 2, 45, 42.84 W, 1140 MHz, 0 %, 62780 MiB
2026/10/03 12:17:34.169, 3, 45, 41.75 W, 1140 MHz, 0 %, 62796 MiB
2026/10/03 12:17:36.170, 0, 50, 46.66 W, 1140 MHz, 0 %, 62780 MiB
2026/10/03 12:17:36.170, 1, 57, 48.07 W, 1140 MHz, 0 %, 62796 MiB
2026/10/03 12:17:36.170, 2, 45, 42.84 W, 1140 MHz, 0 %, 62780 MiB
2026/10/03 12:17:36.171, 3, 45, 41.75 W, 1140 MHz, 0 %, 62796 MiB
2026/10/03 12:17:38.171, 0, 50, 46.76 W, 1140 MHz, 0 %, 62780 MiB
2026/10/03 12:17:38.172, 1, 57, 47.97 W, 1140 MHz, 0 %, 62796 MiB
2026/10/03 12:17:38.172, 2, 45, 42.76 W, 1140 MHz, 0 %, 62780 MiB
2026/10/03 12:17:38.172, 3, 45, 41.75 W, 1140 MHz, 0 %, 62796 MiB
2026/10/03 12:17:40.173, 0, 50, 46.87 W, 1140 MHz, 0 %, 62780 MiB
2026/10/03 12:17:40.173, 1, 57, 47.88 W, 1140 MHz, 0 %, 62796 MiB
2026/10/03 12:17:40.173, 2, 45, 42.76 W, 1140 MHz, 0 %, 62780 MiB
2026/10/03 12:17:40.174, 3, 45, 42.03 W, 1140 MHz, 0 %, 62796 MiB
2026/10/03 12:17:42.174, 0, 50, 46.77 W, 1140 MHz, 0 %, 62780 MiB
2026/10/03 12:17:42.175, 1, 57, 47.88 W, 1140 MHz, 0 %, 62796 MiB
2026/10/03 12:17:42.175, 2, 45, 42.87 W, 1140 MHz, 0 %, 62780 MiB
2026/10/03 12:17:42.175, 3, 45, 41.84 W, 1140 MHz, 0 %, 62796 MiB
2026/10/03 12:17:44.175, 0, 50, 46.77 W, 1140 MHz, 0 %, 62780 MiB
2026/10/03 12:17:44.176, 1, 56, 47.98 W, 1140 MHz, 0 %, 62796 MiB
2026/10/03 12:17:44.176, 2, 45, 42.86 W, 1140 MHz, 0 %, 62780 MiB
2026/10/03 12:17:44.177, 3, 45, 41.75 W, 1140 MHz, 0 %, 62796 MiB
2026/10/03 12:17:46.177, 0, 53, 156.03 W, 1410 MHz, 98 %, 62780 MiB
2026/10/03 12:17:46.177, 1, 60, 74.62 W, 1215 MHz, 97 %, 62796 MiB
2026/10/03 12:17:46.178, 2, 49, 101.04 W, 1335 MHz, 96 %, 62780 MiB
2026/10/03 12:17:46.178, 3, 49, 57.46 W, 1395 MHz, 99 %, 62796 MiB
2026/10/03 12:17:48.178, 0, 54, 128.66 W, 1410 MHz, 95 %, 62780 MiB
2026/10/03 12:17:48.179, 1, 61, 66.64 W, 1200 MHz, 98 %, 62796 MiB
2026/10/03 12:17:48.179, 2, 49, 72.38 W, 1350 MHz, 89 %, 62780 MiB
2026/10/03 12:17:48.179, 3, 49, 54.89 W, 1410 MHz, 98 %, 62796 MiB
2026/10/03 12:17:50.180, 0, 54, 81.36 W, 1410 MHz, 99 %, 62780 MiB
2026/10/03 12:17:50.180, 1, 61, 165.34 W, 1305 MHz, 99 %, 62796 MiB
2026/10/03 12:17:50.181, 2, 50, 99.53 W, 1215 MHz, 85 %, 62780 MiB
2026/10/03 12:17:50.181, 3, 49, 136.45 W, 1410 MHz, 99 %, 62796 MiB
2026/10/03 12:17:52.181, 0, 52, 54.44 W, 1410 MHz, 0 %, 62780 MiB
2026/10/03 12:17:52.182, 1, 59, 64.63 W, 1410 MHz, 0 %, 62796 MiB
2026/10/03 12:17:52.182, 2, 47, 57.88 W, 1410 MHz, 0 %, 62780 MiB
2026/10/03 12:17:52.182, 3, 47, 47.82 W, 1410 MHz, 0 %, 62796 MiB
2026/10/03 12:17:54.183, 0, 51, 47.52 W, 1140 MHz, 0 %, 62780 MiB
2026/10/03 12:17:54.183, 1, 58, 48.56 W, 1140 MHz, 0 %, 62796 MiB
2026/10/03 12:17:54.184, 2, 46, 43.32 W, 1140 MHz, 0 %, 62780 MiB
2026/10/03 12:17:54.184, 3, 46, 42.43 W, 1140 MHz, 0 %, 62796 MiB
2026/10/03 12:17:56.184, 0, 51, 47.24 W, 1140 MHz, 0 %, 62780 MiB
2026/10/03 12:17:56.185, 1, 57, 48.75 W, 1140 MHz, 0 %, 62796 MiB
2026/10/03 12:17:56.185, 2, 46, 43.14 W, 1140 MHz, 0 %, 62780 MiB
2026/10/03 12:17:56.185, 3, 46, 42.14 W, 1140 MHz, 0 %, 62796 MiB
2026/10/03 12:17:58.186, 0, 51, 47.24 W, 1140 MHz, 0 %, 62780 MiB
2026/10/03 12:17:58.186, 1, 57, 48.56 W, 1140 MHz, 0 %, 62796 MiB
2026/10/03 12:17:58.186, 2, 46, 43.52 W, 1140 MHz, 0 %, 62780 MiB
2026/10/03 12:17:58.187, 3, 46, 42.13 W, 1140 MHz, 0 %, 62796 MiB
2026/10/03 12:18:00.187, 0, 51, 47.04 W, 1140 MHz, 0 %, 62780 MiB
2026/10/03 12:18:00.188, 1, 57, 48.37 W, 1140 MHz, 0 %, 62796 MiB
2026/10/03 12:18:00.188, 2, 46, 43.22 W, 1140 MHz, 0 %, 62780 MiB
2026/10/03 12:18:00.188, 3, 46, 41.94 W, 1140 MHz, 0 %, 62796 MiB
2026/10/03 12:18:02.189, 0, 51, 47.04 W, 1140 MHz, 0 %, 62780 MiB
2026/10/03 12:18:02.189, 1, 57, 48.37 W, 1140 MHz, 0 %, 62796 MiB
2026/10/03 12:18:02.189, 2, 46, 43.14 W, 1140 MHz, 0 %, 62780 MiB
2026/10/03 12:18:02.190, 3, 46, 42.03 W, 1140 MHz, 0 %, 62796 MiB
2026/10/03 12:18:04.190, 0, 51, 46.95 W, 1140 MHz, 0 %, 62780 MiB
2026/10/03 12:18:04.191, 1, 57, 48.37 W, 1140 MHz, 0 %, 62796 MiB
2026/10/03 12:18:04.191, 2, 46, 43.14 W, 1140 MHz, 0 %, 62780 MiB
2026/10/03 12:18:04.191, 3, 46, 42.03 W, 1140 MHz, 0 %, 62796 MiB
2026/10/03 12:18:06.192, 0, 51, 47.04 W, 1140 MHz, 0 %, 62780 MiB
2026/10/03 12:18:06.192, 1, 57, 48.26 W, 1140 MHz, 0 %, 62796 MiB
2026/10/03 12:18:06.192, 2, 45, 43.03 W, 1140 MHz, 0 %, 62780 MiB
2026/10/03 12:18:06.193, 3, 46, 41.94 W, 1140 MHz, 0 %, 62796 MiB
2026/10/03 12:18:08.193, 0, 51, 47.04 W, 1140 MHz, 0 %, 62780 MiB
2026/10/03 12:18:08.194, 1, 57, 48.26 W, 1140 MHz, 0 %, 62796 MiB
2026/10/03 12:18:08.194, 2, 45, 43.03 W, 1140 MHz, 0 %, 62780 MiB
2026/10/03 12:18:08.194, 3, 46, 42.03 W, 1140 MHz, 0 %, 62796 MiB
2026/10/03 12:18:10.195, 0, 51, 47.04 W, 1140 MHz, 0 %, 62780 MiB
2026/10/03 12:18:10.195, 1, 57, 48.26 W, 1140 MHz, 0 %, 62796 MiB
2026/10/03 12:18:10.195, 2, 45, 43.03 W, 1140 MHz, 0 %, 62780 MiB
2026/10/03 12:18:10.196, 3, 46, 42.03 W, 1140 MHz, 0 %, 62796 MiB
2026/10/03 12:18:12.196, 0, 51, 46.95 W, 1140 MHz, 0 %, 62780 MiB
2026/10/03 12:18:12.196, 1, 57, 48.27 W, 1140 MHz, 0 %, 62796 MiB
2026/10/03 12:18:12.197, 2, 45, 43.05 W, 1140 MHz, 0 %, 62780 MiB
2026/10/03 12:18:12.197, 3, 46, 42.13 W, 1140 MHz, 0 %, 62796 MiB
2026/10/03 12:18:14.197, 0, 50, 47.04 W, 1140 MHz, 0 %, 62780 MiB
2026/10/03 12:18:14.198, 1, 57, 48.46 W, 1140 MHz, 0 %, 62796 MiB
2026/10/03 12:18:14.198, 2, 45, 43.05 W, 1140 MHz, 0 %, 62780 MiB
2026/10/03 12:18:14.198, 3, 46, 41.94 W, 1140 MHz, 0 %, 62796 MiB
2026/10/03 12:18:16.198, 0, 50, 47.04 W, 1140 MHz, 0 %, 62780 MiB
2026/10/03 12:18:16.199, 1, 57, 48.26 W, 1140 MHz, 0 %, 62796 MiB
2026/10/03 12:18:16.199, 2, 45, 43.33 W, 1140 MHz, 0 %, 62780 MiB
2026/10/03 12:18:16.199, 3, 46, 41.84 W, 1140 MHz, 0 %, 62796 MiB
2026/10/03 12:18:18.199, 0, 50, 46.95 W, 1140 MHz, 0 %, 62780 MiB
2026/10/03 12:18:18.200, 1, 57, 48.26 W, 1140 MHz, 0 %, 62796 MiB
2026/10/03 12:18:18.200, 2, 45, 43.14 W, 1140 MHz, 0 %, 62780 MiB
2026/10/03 12:18:18.200, 3, 46, 41.75 W, 1140 MHz, 0 %, 62796 MiB
2026/10/03 12:18:20.201, 0, 50, 46.87 W, 1140 MHz, 0 %, 62780 MiB
2026/10/03 12:18:20.201, 1, 57, 48.17 W, 1140 MHz, 0 %, 62796 MiB
2026/10/03 12:18:20.201, 2, 45, 43.05 W, 1140 MHz, 0 %, 62780 MiB
2026/10/03 12:18:20.201, 3, 46, 41.75 W, 1140 MHz, 0 %, 62796 MiB
2026/10/03 12:18:22.202, 0, 50, 46.66 W, 1140 MHz, 0 %, 62780 MiB
2026/10/03 12:18:22.202, 1, 56, 48.07 W, 1140 MHz, 0 %, 62796 MiB
2026/10/03 12:18:22.202, 2, 45, 43.05 W, 1140 MHz, 0 %, 62780 MiB
2026/10/03 12:18:22.202, 3, 45, 41.75 W, 1140 MHz, 0 %, 62796 MiB
2026/10/03 12:18:24.203, 0, 50, 46.58 W, 1140 MHz, 0 %, 62780 MiB
2026/10/03 12:18:24.203, 1, 56, 47.78 W, 1140 MHz, 0 %, 62796 MiB
2026/10/03 12:18:24.203, 2, 45, 42.77 W, 1140 MHz, 0 %, 62780 MiB
2026/10/03 12:18:24.204, 3, 45, 41.56 W, 1140 MHz, 0 %, 62796 MiB
2026/10/03 12:18:26.204, 0, 50, 46.66 W, 1140 MHz, 0 %, 62780 MiB
2026/10/03 12:18:26.204, 1, 56, 47.78 W, 1140 MHz, 0 %, 62796 MiB
2026/10/03 12:18:26.205, 2, 45, 42.77 W, 1140 MHz, 0 %, 62780 MiB
2026/10/03 12:18:26.205, 3, 45, 41.65 W, 1140 MHz, 0 %, 62796 MiB
2026/10/03 12:18:28.205, 0, 50, 46.67 W, 1140 MHz, 0 %, 62780 MiB
2026/10/03 12:18:28.205, 1, 56, 47.88 W, 1140 MHz, 0 %, 62796 MiB
2026/10/03 12:18:28.206, 2, 45, 42.86 W, 1140 MHz, 0 %, 62780 MiB
2026/10/03 12:18:28.206, 3, 45, 41.65 W, 1140 MHz, 0 %, 62796 MiB
2026/10/03 12:18:30.206, 0, 50, 46.66 W, 1140 MHz, 0 %, 62780 MiB
2026/10/03 12:18:30.208, 1, 56, 47.78 W, 1140 MHz, 0 %, 62796 MiB
2026/10/03 12:18:30.208, 2, 45, 42.85 W, 1140 MHz, 0 %, 62780 MiB
2026/10/03 12:18:30.209, 3, 45, 41.84 W, 1140 MHz, 0 %, 62796 MiB
2026/10/03 12:18:32.209, 0, 50, 46.95 W, 1140 MHz, 0 %, 62780 MiB
2026/10/03 12:18:32.209, 1, 56, 47.88 W, 1140 MHz, 0 %, 62796 MiB
2026/10/03 12:18:32.210, 2, 45, 42.66 W, 1140 MHz, 0 %, 62780 MiB
2026/10/03 12:18:32.210, 3, 45, 41.84 W, 1140 MHz, 0 %, 62796 MiB
2026/10/03 12:18:34.210, 0, 50, 46.76 W, 1140 MHz, 0 %, 62780 MiB
2026/10/03 12:18:34.211, 1, 56, 47.97 W, 1140 MHz, 0 %, 62796 MiB
2026/10/03 12:18:34.212, 2, 45, 43.03 W, 1140 MHz, 0 %, 62780 MiB
2026/10/03 12:18:34.212, 3, 45, 41.75 W, 1140 MHz, 0 %, 62796 MiB
2026/10/03 12:18:36.212, 0, 50, 46.66 W, 1140 MHz, 0 %, 62780 MiB
2026/10/03 12:18:36.212, 1, 56, 47.88 W, 1140 MHz, 0 %, 62796 MiB
2026/10/03 12:18:36.213, 2, 45, 42.85 W, 1140 MHz, 0 %, 62780 MiB
2026/10/03 12:18:36.213, 3, 45, 41.75 W, 1140 MHz, 0 %, 62796 MiB
2026/10/03 12:18:38.213, 0, 51, 52.14 W, 1140 MHz, 26 %, 62780 MiB
2026/10/03 12:18:38.214, 1, 58, 59.15 W, 900 MHz, 19 %, 62796 MiB
2026/10/03 12:18:38.214, 2, 47, 101.60 W, 1350 MHz, 9 %, 62780 MiB
2026/10/03 12:18:38.214, 3, 47, 52.11 W, 1140 MHz, 19 %, 62796 MiB
2026/10/03 12:18:40.214, 0, 53, 71.32 W, 1410 MHz, 99 %, 62780 MiB
2026/10/03 12:18:40.215, 1, 59, 88.27 W, 1365 MHz, 98 %, 62796 MiB
2026/10/03 12:18:40.215, 2, 48, 156.90 W, 1245 MHz, 96 %, 62780 MiB
2026/10/03 12:18:40.215, 3, 49, 126.26 W, 1410 MHz, 95 %, 62796 MiB
2026/10/03 12:18:42.215, 0, 53, 74.90 W, 1410 MHz, 97 %, 62780 MiB
2026/10/03 12:18:42.216, 1, 60, 90.60 W, 1395 MHz, 97 %, 62796 MiB
2026/10/03 12:18:42.216, 2, 49, 87.53 W, 1365 MHz, 94 %, 62780 MiB
2026/10/03 12:18:42.216, 3, 49, 114.32 W, 1410 MHz, 98 %, 62796 MiB
2026/10/03 12:18:44.216, 0, 55, 80.54 W, 1395 MHz, 95 %, 62780 MiB
2026/10/03 12:18:44.217, 1, 61, 69.52 W, 1380 MHz, 95 %, 62796 MiB
2026/10/03 12:18:44.217, 2, 50, 139.92 W, 1365 MHz, 93 %, 62780 MiB
2026/10/03 12:18:44.217, 3, 49, 65.10 W, 1410 MHz, 99 %, 62796 MiB
2026/10/03 12:18:46.217, 0, 52, 57.86 W, 1410 MHz, 0 %, 62780 MiB
2026/10/03 12:18:46.218, 1, 59, 70.20 W, 1410 MHz, 0 %, 62796 MiB
2026/10/03 12:18:46.218, 2, 47, 63.08 W, 1410 MHz, 0 %, 62780 MiB
2026/10/03 12:18:46.218, 3, 47, 51.10 W, 1410 MHz, 0 %, 62796 MiB
2026/10/03 12:18:48.218, 0, 51, 49.45 W, 1140 MHz, 0 %, 62780 MiB
2026/10/03 12:18:48.219, 1, 57, 51.06 W, 1140 MHz, 0 %, 62796 MiB
2026/10/03 12:18:48.219, 2, 46, 45.86 W, 1140 MHz, 0 %, 62780 MiB
2026/10/03 12:18:48.219, 3, 46, 44.46 W, 1140 MHz, 0 %, 62796 MiB
2026/10/03 12:18:50.219, 0, 51, 49.36 W, 1140 MHz, 0 %, 62780 MiB
2026/10/03 12:18:50.220, 1, 57, 50.86 W, 1140 MHz, 0 %, 62796 MiB
2026/10/03 12:18:50.221, 2, 46, 45.75 W, 1140 MHz, 0 %, 62780 MiB
2026/10/03 12:18:50.221, 3, 46, 44.26 W, 1140 MHz, 0 %, 62796 MiB
2026/10/03 12:18:52.221, 0, 52, 54.26 W, 1410 MHz, 0 %, 62780 MiB
2026/10/03 12:18:52.222, 1, 58, 64.83 W, 1410 MHz, 0 %, 62796 MiB
2026/10/03 12:18:52.222, 2, 47, 57.69 W, 1410 MHz, 0 %, 62780 MiB
2026/10/03 12:18:52.222, 3, 47, 47.64 W, 1410 MHz, 0 %, 62796 MiB
2026/10/03 12:18:54.222, 0, 52, 93.69 W, 1410 MHz, 61 %, 62780 MiB
2026/10/03 12:18:54.223, 1, 58, 76.14 W, 1140 MHz, 0 %, 62796 MiB
2026/10/03 12:18:54.223, 2, 47, 81.18 W, 1140 MHz, 33 %, 62780 MiB
2026/10/03 12:18:54.223, 3, 47, 78.39 W, 1140 MHz, 33 %, 62796 MiB
2026/10/03 12:18:56.223, 0, 51, 54.14 W, 1410 MHz, 0 %, 62780 MiB
2026/10/03 12:18:56.224, 1, 58, 64.92 W, 1410 MHz, 0 %, 62796 MiB
2026/10/03 12:18:56.224, 2, 47, 57.79 W, 1410 MHz, 0 %, 62780 MiB
2026/10/03 12:18:56.224, 3, 46, 47.63 W, 1410 MHz, 0 %, 62796 MiB
2026/10/03 12:18:58.224, 0, 51, 47.04 W, 1140 MHz, 0 %, 62780 MiB
2026/10/03 12:18:58.225, 1, 57, 48.65 W, 1140 MHz, 0 %, 62796 MiB
2026/10/03 12:18:58.225, 2, 46, 43.14 W, 1140 MHz, 0 %, 62780 MiB
2026/10/03 12:18:58.225, 3, 46, 42.13 W, 1140 MHz, 0 %, 62796 MiB
2026/10/03 12:19:00.226, 0, 51, 47.04 W, 1140 MHz, 0 %, 62780 MiB
2026/10/03 12:19:00.227, 1, 57, 48.37 W, 1140 MHz, 0 %, 62796 MiB
2026/10/03 12:19:00.227, 2, 46, 43.05 W, 1140 MHz, 0 %, 62780 MiB
2026/10/03 12:19:00.227, 3, 46, 42.03 W, 1140 MHz, 0 %, 62796 MiB
2026/10/03 12:19:02.228, 0, 51, 47.33 W, 1140 MHz, 0 %, 62780 MiB
2026/10/03 12:19:02.228, 1, 57, 48.36 W, 1140 MHz, 0 %, 62796 MiB
2026/10/03 12:19:02.228, 2, 46, 43.43 W, 1140 MHz, 0 %, 62780 MiB
2026/10/03 12:19:02.229, 3, 46, 42.24 W, 1140 MHz, 0 %, 62796 MiB
2026/10/03 12:19:04.229, 0, 51, 47.04 W, 1140 MHz, 0 %, 62780 MiB
2026/10/03 12:19:04.229, 1, 57, 48.26 W, 1140 MHz, 0 %, 62796 MiB
2026/10/03 12:19:04.230, 2, 46, 43.13 W, 1140 MHz, 0 %, 62780 MiB
2026/10/03 12:19:04.230, 3, 46, 42.03 W, 1140 MHz, 0 %, 62796 MiB
2026/10/03 12:19:06.230, 0, 51, 47.04 W, 1140 MHz, 0 %, 62780 MiB
2026/10/03 12:19:06.230, 1, 57, 48.17 W, 1140 MHz, 0 %, 62796 MiB
2026/10/03 12:19:06.231, 2, 46, 43.13 W, 1140 MHz, 0 %, 62780 MiB
2026/10/03 12:19:06.231, 3, 46, 41.94 W, 1140 MHz, 0 %, 62796 MiB
2026/10/03 12:19:08.231, 0, 51, 46.95 W, 1140 MHz, 0 %, 62780 MiB
2026/10/03 12:19:08.232, 1, 57, 48.07 W, 1140 MHz, 0 %, 62796 MiB
2026/10/03 12:19:08.232, 2, 45, 43.03 W, 1140 MHz, 0 %, 62780 MiB
2026/10/03 12:19:08.232, 3, 46, 42.03 W, 1140 MHz, 0 %, 62796 MiB
2026/10/03 12:19:10.232, 0, 50, 46.95 W, 1140 MHz, 0 %, 62780 MiB
2026/10/03 12:19:10.233, 1, 57, 48.07 W, 1140 MHz, 0 %, 62796 MiB
2026/10/03 12:19:10.234, 2, 45, 43.03 W, 1140 MHz, 0 %, 62780 MiB
2026/10/03 12:19:10.234, 3, 46, 41.93 W, 1140 MHz, 0 %, 62796 MiB
2026/10/03 12:19:12.234, 0, 50, 46.96 W, 1140 MHz, 0 %, 62780 MiB
2026/10/03 12:19:12.235, 1, 57, 48.07 W, 1140 MHz, 0 %, 62796 MiB
2026/10/03 12:19:12.235, 2, 45, 43.03 W, 1140 MHz, 0 %, 62780 MiB
2026/10/03 12:19:12.235, 3, 46, 41.94 W, 1140 MHz, 0 %, 62796 MiB
2026/10/03 12:19:14.235, 0, 50, 46.85 W, 1140 MHz, 0 %, 62780 MiB
2026/10/03 12:19:14.236, 1, 57, 48.07 W, 1140 MHz, 0 %, 62796 MiB
2026/10/03 12:19:14.236, 2, 45, 43.03 W, 1140 MHz, 0 %, 62780 MiB
2026/10/03 12:19:14.236, 3, 46, 41.94 W, 1140 MHz, 0 %, 62796 MiB
2026/10/03 12:19:16.237, 0, 50, 46.87 W, 1140 MHz, 0 %, 62780 MiB
2026/10/03 12:19:16.238, 1, 56, 47.97 W, 1140 MHz, 0 %, 62796 MiB
2026/10/03 12:19:16.238, 2, 45, 43.05 W, 1140 MHz, 0 %, 62780 MiB
2026/10/03 12:19:16.238, 3, 46, 41.94 W, 1140 MHz, 0 %, 62796 MiB
2026/10/03 12:19:18.239, 0, 50, 46.85 W, 1140 MHz, 0 %, 62780 MiB
2026/10/03 12:19:18.239, 1, 56, 48.26 W, 1140 MHz, 0 %, 62796 MiB
2026/10/03 12:19:18.239, 2, 45, 43.03 W, 1140 MHz, 0 %, 62780 MiB
2026/10/03 12:19:18.239, 3, 46, 42.03 W, 1140 MHz, 0 %, 62796 MiB
2026/10/03 12:19:20.240, 0, 50, 46.87 W, 1140 MHz, 0 %, 62780 MiB
2026/10/03 12:19:20.241, 1, 56, 48.08 W, 1140 MHz, 0 %, 62796 MiB
2026/10/03 12:19:20.241, 2, 45, 43.22 W, 1140 MHz, 0 %, 62780 MiB
2026/10/03 12:19:20.241, 3, 46, 41.75 W, 1140 MHz, 0 %, 62796 MiB
2026/10/03 12:19:22.241, 0, 50, 46.96 W, 1140 MHz, 0 %, 62780 MiB
2026/10/03 12:19:22.242, 1, 56, 47.89 W, 1140 MHz, 0 %, 62796 MiB
2026/10/03 12:19:22.242, 2, 45, 43.13 W, 1140 MHz, 0 %, 62780 MiB
2026/10/03 12:19:22.242, 3, 45, 41.84 W, 1140 MHz, 0 %, 62796 MiB
2026/10/03 12:19:24.242, 0, 50, 46.95 W, 1140 MHz, 0 %, 62780 MiB
2026/10/03 12:19:24.243, 1, 56, 47.88 W, 1140 MHz, 0 %, 62796 MiB
2026/10/03 12:19:24.243, 2, 45, 43.03 W, 1140 MHz, 0 %, 62780 MiB
2026/10/03 12:19:24.243, 3, 45, 41.84 W, 1140 MHz, 0 %, 62796 MiB
2026/10/03 12:19:26.244, 0, 50, 46.85 W, 1140 MHz, 0 %, 62780 MiB
2026/10/03 12:19:26.246, 1, 56, 47.88 W, 1140 MHz, 0 %, 62796 MiB
2026/10/03 12:19:26.246, 2, 45, 43.05 W, 1140 MHz, 0 %, 62780 MiB
2026/10/03 12:19:26.246, 3, 45, 41.75 W, 1140 MHz, 0 %, 62796 MiB
2026/10/03 12:19:28.247, 0, 50, 46.67 W, 1140 MHz, 0 %, 62780 MiB
2026/10/03 12:19:28.247, 1, 56, 47.88 W, 1140 MHz, 0 %, 62796 MiB
2026/10/03 12:19:28.247, 2, 45, 43.03 W, 1140 MHz, 0 %, 62780 MiB
2026/10/03 12:19:28.247, 3, 45, 41.75 W, 1140 MHz, 0 %, 62796 MiB
2026/10/03 12:19:30.248, 0, 50, 46.57 W, 1140 MHz, 0 %, 62780 MiB
2026/10/03 12:19:30.249, 1, 56, 47.78 W, 1140 MHz, 0 %, 62796 MiB
2026/10/03 12:19:30.249, 2, 45, 42.94 W, 1140 MHz, 0 %, 62780 MiB
2026/10/03 12:19:30.249, 3, 45, 41.75 W, 1140 MHz, 0 %, 62796 MiB
2026/10/03 12:19:32.250, 0, 50, 46.57 W, 1140 MHz, 0 %, 62780 MiB
2026/10/03 12:19:32.250, 1, 56, 47.59 W, 1140 MHz, 0 %, 62796 MiB
2026/10/03 12:19:32.250, 2, 45, 42.76 W, 1140 MHz, 0 %, 62780 MiB
2026/10/03 12:19:32.251, 3, 45, 41.75 W, 1140 MHz, 0 %, 62796 MiB
2026/10/03 12:19:34.251, 0, 50, 46.48 W, 1140 MHz, 0 %, 62780 MiB
2026/10/03 12:19:34.251, 1, 56, 47.59 W, 1140 MHz, 0 %, 62796 MiB
2026/10/03 12:19:34.252, 2, 45, 42.75 W, 1140 MHz, 0 %, 62780 MiB
2026/10/03 12:19:34.252, 3, 45, 41.65 W, 1140 MHz, 0 %, 62796 MiB
2026/10/03 12:19:36.252, 0, 50, 46.58 W, 1140 MHz, 0 %, 62780 MiB
2026/10/03 12:19:36.254, 1, 56, 47.69 W, 1140 MHz, 0 %, 62796 MiB
2026/10/03 12:19:36.254, 2, 45, 42.76 W, 1140 MHz, 0 %, 62780 MiB
2026/10/03 12:19:36.255, 3, 45, 41.56 W, 1140 MHz, 0 %, 62796 MiB
2026/10/03 12:19:38.255, 0, 50, 46.48 W, 1140 MHz, 0 %, 62780 MiB
2026/10/03 12:19:38.255, 1, 56, 47.78 W, 1140 MHz, 0 %, 62796 MiB
2026/10/03 12:19:38.256, 2, 45, 42.66 W, 1140 MHz, 0 %, 62780 MiB
2026/10/03 12:19:38.256, 3, 45, 41.65 W, 1140 MHz, 0 %, 62796 MiB
2026/10/03 12:19:40.256, 0, 50, 46.85 W, 1140 MHz, 0 %, 62780 MiB
2026/10/03 12:19:40.258, 1, 56, 47.50 W, 1140 MHz, 0 %, 62796 MiB
2026/10/03 12:19:40.258, 2, 45, 42.84 W, 1140 MHz, 0 %, 62780 MiB
2026/10/03 12:19:40.258, 3, 45, 41.84 W, 1140 MHz, 0 %, 62796 MiB
2026/10/03 12:19:42.259, 0, 50, 46.67 W, 1140 MHz, 0 %, 62780 MiB
2026/10/03 12:19:42.259, 1, 56, 47.50 W, 1140 MHz, 0 %, 62796 MiB
2026/10/03 12:19:42.259, 2, 45, 42.85 W, 1140 MHz, 0 %, 62780 MiB
2026/10/03 12:19:42.259, 3, 45, 41.75 W, 1140 MHz, 0 %, 62796 MiB
2026/10/03 12:19:44.260, 0, 50, 46.47 W, 1140 MHz, 0 %, 62780 MiB
2026/10/03 12:19:44.261, 1, 56, 47.50 W, 1140 MHz, 0 %, 62796 MiB
2026/10/03 12:19:44.261, 2, 45, 42.66 W, 1140 MHz, 0 %, 62780 MiB
2026/10/03 12:19:44.262, 3, 45, 41.65 W, 1140 MHz, 0 %, 62796 MiB
2026/10/03 12:19:46.262, 0, 50, 46.48 W, 1140 MHz, 0 %, 62780 MiB
2026/10/03 12:19:46.263, 1, 56, 47.49 W, 1140 MHz, 0 %, 62796 MiB
2026/10/03 12:19:46.264, 2, 45, 42.66 W, 1140 MHz, 0 %, 62780 MiB
2026/10/03 12:19:46.264, 3, 45, 41.65 W, 1140 MHz, 0 %, 62796 MiB
2026/10/03 12:19:48.264, 0, 50, 46.48 W, 1140 MHz, 0 %, 62780 MiB
2026/10/03 12:19:48.265, 1, 56, 47.50 W, 1140 MHz, 0 %, 62796 MiB
2026/10/03 12:19:48.265, 2, 45, 42.76 W, 1140 MHz, 0 %, 62780 MiB
2026/10/03 12:19:48.265, 3, 45, 41.56 W, 1140 MHz, 0 %, 62796 MiB
2026/10/03 12:19:50.265, 0, 50, 46.38 W, 1140 MHz, 0 %, 62780 MiB
2026/10/03 12:19:50.266, 1, 56, 47.51 W, 1140 MHz, 0 %, 62796 MiB
2026/10/03 12:19:50.266, 2, 44, 42.67 W, 1140 MHz, 0 %, 62780 MiB
2026/10/03 12:19:50.266, 3, 45, 41.65 W, 1140 MHz, 0 %, 62796 MiB
2026/10/03 12:19:52.266, 0, 50, 46.48 W, 1140 MHz, 0 %, 62780 MiB
2026/10/03 12:19:52.267, 1, 56, 47.42 W, 1140 MHz, 0 %, 62796 MiB
2026/10/03 12:19:52.267, 2, 44, 42.67 W, 1140 MHz, 0 %, 62780 MiB
2026/10/03 12:19:52.267, 3, 45, 41.65 W, 1140 MHz, 0 %, 62796 MiB
2026/10/03 12:19:54.268, 0, 52, 121.12 W, 1410 MHz, 97 %, 62780 MiB
2026/10/03 12:19:54.268, 1, 59, 172.14 W, 1335 MHz, 98 %, 62796 MiB
2026/10/03 12:19:54.268, 2, 47, 62.21 W, 1380 MHz, 94 %, 62780 MiB
2026/10/03 12:19:54.269, 3, 48, 60.33 W, 1410 MHz, 95 %, 62796 MiB
2026/10/03 12:19:56.269, 0, 54, 79.09 W, 1410 MHz, 95 %, 62780 MiB
2026/10/03 12:19:56.269, 1, 60, 76.99 W, 1320 MHz, 99 %, 62796 MiB
2026/10/03 12:19:56.269, 2, 49, 110.42 W, 1290 MHz, 99 %, 62780 MiB
2026/10/03 12:19:56.270, 3, 49, 84.08 W, 1410 MHz, 97 %, 62796 MiB
2026/10/03 12:19:58.270, 0, 54, 114.37 W, 1410 MHz, 99 %, 62780 MiB
2026/10/03 12:19:58.270, 1, 60, 94.86 W, 1320 MHz, 96 %, 62796 MiB
2026/10/03 12:19:58.270, 2, 49, 100.10 W, 1335 MHz, 97 %, 62780 MiB
2026/10/03 12:19:58.271, 3, 48, 55.54 W, 1410 MHz, 96 %, 62796 MiB
2026/10/03 12:20:00.271, 0, 51, 54.14 W, 1410 MHz, 0 %, 62780 MiB
2026/10/03 12:20:00.271, 1, 58, 64.64 W, 1410 MHz, 0 %, 62796 MiB
2026/10/03 12:20:00.272, 2, 47, 57.60 W, 1410 MHz, 0 %, 62780 MiB
2026/10/03 12:20:00.272, 3, 47, 47.63 W, 1410 MHz, 0 %, 62796 MiB
2026/10/03 12:20:02.272, 0, 51, 46.95 W, 1140 MHz, 0 %, 62780 MiB
2026/10/03 12:20:02.274, 1, 57, 48.17 W, 1140 MHz, 0 %, 62796 MiB
2026/10/03 12:20:02.274, 2, 46, 43.03 W, 1140 MHz, 0 %, 62780 MiB
2026/10/03 12:20:02.274, 3, 46, 42.03 W, 1140 MHz, 0 %, 62796 MiB
2026/10/03 12:20:04.275, 0, 51, 46.95 W, 1140 MHz, 0 %, 62780 MiB
2026/10/03 12:20:04.275, 1, 57, 48.07 W, 1140 MHz, 0 %, 62796 MiB
2026/10/03 12:20:04.275, 2, 46, 43.05 W, 1140 MHz, 0 %, 62780 MiB
2026/10/03 12:20:04.275, 3, 46, 42.13 W, 1140 MHz, 0 %, 62796 MiB
2026/10/03 12:20:06.276, 0, 50, 46.85 W, 1140 MHz, 0 %, 62780 MiB
2026/10/03 12:20:06.277, 1, 56, 48.27 W, 1140 MHz, 0 %, 62796 MiB
2026/10/03 12:20:06.278, 2, 45, 43.03 W, 1140 MHz, 0 %, 62780 MiB
2026/10/03 12:20:06.278, 3, 46, 41.94 W, 1140 MHz, 0 %, 62796 MiB
2026/10/03 12:20:08.278, 0, 50, 46.76 W, 1140 MHz, 0 %, 62780 MiB
2026/10/03 12:20:08.279, 1, 56, 48.07 W, 1140 MHz, 0 %, 62796 MiB
2026/10/03 12:20:08.279, 2, 45, 43.22 W, 1140 MHz, 0 %, 62780 MiB
2026/10/03 12:20:08.279, 3, 46, 41.84 W, 1140 MHz, 0 %, 62796 MiB
2026/10/03 12:20:10.279, 0, 50, 46.76 W, 1140 MHz, 0 %, 62780 MiB
2026/10/03 12:20:10.280, 1, 56, 47.88 W, 1140 MHz, 0 %, 62796 MiB
2026/10/03 12:20:10.280, 2, 45, 43.03 W, 1140 MHz, 0 %, 62780 MiB
2026/10/03 12:20:10.280, 3, 46, 41.94 W, 1140 MHz, 0 %, 62796 MiB
2026/10/03 12:20:12.280, 0, 50, 47.04 W, 1140 MHz, 0 %, 62780 MiB
2026/10/03 12:20:12.282, 1, 56, 47.88 W, 1140 MHz, 0 %, 62796 MiB
2026/10/03 12:20:12.282, 2, 45, 42.95 W, 1140 MHz, 0 %, 62780 MiB
2026/10/03 12:20:12.282, 3, 46, 41.94 W, 1140 MHz, 0 %, 62796 MiB
2026/10/03 12:20:14.283, 0, 50, 46.96 W, 1140 MHz, 0 %, 62780 MiB
2026/10/03 12:20:14.283, 1, 56, 47.88 W, 1140 MHz, 0 %, 62796 MiB
2026/10/03 12:20:14.283, 2, 45, 42.95 W, 1140 MHz, 0 %, 62780 MiB
2026/10/03 12:20:14.283, 3, 46, 42.14 W, 1140 MHz, 0 %, 62796 MiB
2026/10/03 12:20:16.284, 0, 50, 46.85 W, 1140 MHz, 0 %, 62780 MiB
2026/10/03 12:20:16.285, 1, 56, 47.69 W, 1140 MHz, 0 %, 62796 MiB
2026/10/03 12:20:16.286, 2, 45, 42.94 W, 1140 MHz, 0 %, 62780 MiB
2026/10/03 12:20:16.286, 3, 46, 42.05 W, 1140 MHz, 0 %, 62796 MiB
2026/10/03 12:20:18.286, 0, 50, 46.76 W, 1140 MHz, 0 %, 62780 MiB
2026/10/03 12:20:18.287, 1, 56, 47.78 W, 1140 MHz, 0 %, 62796 MiB
2026/10/03 12:20:18.287, 2, 45, 42.85 W, 1140 MHz, 0 %, 62780 MiB
2026/10/03 12:20:18.287, 3, 46, 41.84 W, 1140 MHz, 0 %, 62796 MiB
2026/10/03 12:20:20.288, 0, 50, 46.66 W, 1140 MHz, 0 %, 62780 MiB
2026/10/03 12:20:20.288, 1, 56, 47.78 W, 1140 MHz, 0 %, 62796 MiB
2026/10/03 12:20:20.288, 2, 45, 42.95 W, 1140 MHz, 0 %, 62780 MiB
2026/10/03 12:20:20.288, 3, 45, 41.94 W, 1140 MHz, 0 %, 62796 MiB
2026/10/03 12:20:22.289, 0, 50, 46.77 W, 1140 MHz, 0 %, 62780 MiB
2026/10/03 12:20:22.290, 1, 56, 47.70 W, 1140 MHz, 0 %, 62796 MiB
2026/10/03 12:20:22.290, 2, 45, 42.85 W, 1140 MHz, 0 %, 62780 MiB
2026/10/03 12:20:22.290, 3, 45, 41.94 W, 1140 MHz, 0 %, 62796 MiB
2026/10/03 12:20:24.291, 0, 50, 46.77 W, 1140 MHz, 5 %, 62780 MiB
2026/10/03 12:20:24.291, 1, 56, 47.88 W, 1140 MHz, 0 %, 62796 MiB
2026/10/03 12:20:24.291, 2, 45, 42.86 W, 1140 MHz, 4 %, 62780 MiB
2026/10/03 12:20:24.291, 3, 45, 41.84 W, 1140 MHz, 0 %, 62796 MiB
2026/10/03 12:20:26.292, 0, 50, 46.67 W, 1140 MHz, 0 %, 62780 MiB
2026/10/03 12:20:26.294, 1, 56, 47.88 W, 1140 MHz, 0 %, 62796 MiB
2026/10/03 12:20:26.294, 2, 45, 43.22 W, 1140 MHz, 0 %, 62780 MiB
2026/10/03 12:20:26.294, 3, 45, 41.65 W, 1140 MHz, 0 %, 62796 MiB
2026/10/03 12:20:28.295, 0, 50, 46.67 W, 1140 MHz, 0 %, 62780 MiB
2026/10/03 12:20:28.295, 1, 56, 47.69 W, 1140 MHz, 0 %, 62796 MiB
2026/10/03 12:20:28.295, 2, 45, 43.05 W, 1140 MHz, 0 %, 62780 MiB
2026/10/03 12:20:28.295, 3, 45, 41.65 W, 1140 MHz, 0 %, 62796 MiB
2026/10/03 12:20:30.296, 0, 50, 46.67 W, 1140 MHz, 0 %, 62780 MiB
2026/10/03 12:20:30.296, 1, 56, 47.79 W, 1140 MHz, 0 %, 62796 MiB
2026/10/03 12:20:30.296, 2, 45, 42.95 W, 1140 MHz, 0 %, 62780 MiB
2026/10/03 12:20:30.296, 3, 45, 41.65 W, 1140 MHz, 0 %, 62796 MiB
2026/10/03 12:20:32.297, 0, 50, 46.85 W, 1140 MHz, 0 %, 62780 MiB
2026/10/03 12:20:32.298, 1, 56, 47.69 W, 1140 MHz, 0 %, 62796 MiB
2026/10/03 12:20:32.299, 2, 45, 42.85 W, 1140 MHz, 0 %, 62780 MiB
2026/10/03 12:20:32.299, 3, 45, 41.65 W, 1140 MHz, 0 %, 62796 MiB
2026/10/03 12:20:34.299, 0, 50, 46.76 W, 1140 MHz, 0 %, 62780 MiB
2026/10/03 12:20:34.300, 1, 56, 47.69 W, 1140 MHz, 0 %, 62796 MiB
2026/10/03 12:20:34.300, 2, 45, 42.85 W, 1140 MHz, 0 %, 62780 MiB
2026/10/03 12:20:34.300, 3, 45, 41.84 W, 1140 MHz, 0 %, 62796 MiB
2026/10/03 12:20:36.300, 0, 50, 46.48 W, 1140 MHz, 0 %, 62780 MiB
2026/10/03 12:20:36.301, 1, 56, 47.69 W, 1140 MHz, 0 %, 62796 MiB
2026/10/03 12:20:36.301, 2, 45, 42.85 W, 1140 MHz, 0 %, 62780 MiB
2026/10/03 12:20:36.301, 3, 45, 41.65 W, 1140 MHz, 0 %, 62796 MiB
2026/10/03 12:20:38.301, 0, 50, 46.47 W, 1140 MHz, 0 %, 62780 MiB
2026/10/03 12:20:38.303, 1, 56, 47.40 W, 1140 MHz, 0 %, 62796 MiB
2026/10/03 12:20:38.303, 2, 45, 42.66 W, 1140 MHz, 0 %, 62780 MiB
2026/10/03 12:20:38.304, 3, 45, 41.75 W, 1140 MHz, 0 %, 62796 MiB
2026/10/03 12:20:40.304, 0, 50, 46.48 W, 1140 MHz, 0 %, 62780 MiB
2026/10/03 12:20:40.304, 1, 56, 47.21 W, 1140 MHz, 0 %, 62796 MiB
2026/10/03 12:20:40.304, 2, 45, 42.66 W, 1140 MHz, 0 %, 62780 MiB
2026/10/03 12:20:40.305, 3, 45, 41.75 W, 1140 MHz, 0 %, 62796 MiB
2026/10/03 12:20:42.305, 0, 50, 46.38 W, 1140 MHz, 0 %, 62780 MiB
2026/10/03 12:20:42.307, 1, 55, 47.21 W, 1140 MHz, 0 %, 62796 MiB
2026/10/03 12:20:42.307, 2, 44, 42.66 W, 1140 MHz, 0 %, 62780 MiB
2026/10/03 12:20:42.308, 3, 45, 41.65 W, 1140 MHz, 0 %, 62796 MiB
2026/10/03 12:20:44.308, 0, 50, 46.48 W, 1140 MHz, 0 %, 62780 MiB
2026/10/03 12:20:44.308, 1, 55, 47.69 W, 1140 MHz, 0 %, 62796 MiB
2026/10/03 12:20:44.308, 2, 44, 42.57 W, 1140 MHz, 0 %, 62780 MiB
2026/10/03 12:20:44.309, 3, 45, 41.56 W, 1140 MHz, 0 %, 62796 MiB
2026/10/03 12:20:46.309, 0, 50, 46.48 W, 1140 MHz, 0 %, 62780 MiB
2026/10/03 12:20:46.309, 1, 55, 47.40 W, 1140 MHz, 0 %, 62796 MiB
2026/10/03 12:20:46.310, 2, 44, 42.85 W, 1140 MHz, 0 %, 62780 MiB
2026/10/03 12:20:46.310, 3, 45, 41.56 W, 1140 MHz, 0 %, 62796 MiB
2026/10/03 12:20:48.310, 0, 50, 46.38 W, 1140 MHz, 0 %, 62780 MiB
2026/10/03 12:20:48.311, 1, 55, 47.42 W, 1140 MHz, 0 %, 62796 MiB
2026/10/03 12:20:48.311, 2, 44, 42.68 W, 1140 MHz, 0 %, 62780 MiB
2026/10/03 12:20:48.311, 3, 45, 41.66 W, 1140 MHz, 0 %, 62796 MiB
2026/10/03 12:20:50.312, 0, 52, 84.15 W, 1410 MHz, 98 %, 62780 MiB
2026/10/03 12:20:50.312, 1, 58, 67.31 W, 1395 MHz, 99 %, 62796 MiB
2026/10/03 12:20:50.312, 2, 48, 75.04 W, 1395 MHz, 99 %, 62780 MiB
2026/10/03 12:20:50.312, 3, 47, 102.77 W, 1410 MHz, 95 %, 62796 MiB
2026/10/03 12:20:52.313, 0, 53, 64.11 W, 1410 MHz, 96 %, 62780 MiB
2026/10/03 12:20:52.313, 1, 59, 139.14 W, 1395 MHz, 98 %, 62796 MiB
2026/10/03 12:20:52.313, 2, 49, 61.72 W, 1350 MHz, 99 %, 62780 MiB
2026/10/03 12:20:52.313, 3, 48, 69.08 W, 1410 MHz, 98 %, 62796 MiB
2026/10/03 12:20:54.314, 0, 54, 61.35 W, 1410 MHz, 95 %, 62780 MiB
2026/10/03 12:20:54.314, 1, 60, 155.82 W, 1320 MHz, 99 %, 62796 MiB
2026/10/03 12:20:54.314, 2, 48, 62.40 W, 1395 MHz, 97 %, 62780 MiB
2026/10/03 12:20:54.314, 3, 49, 140.29 W, 1410 MHz, 96 %, 62796 MiB
2026/10/03 12:20:56.315, 0, 51, 54.05 W, 1410 MHz, 0 %, 62780 MiB
2026/10/03 12:20:56.315, 1, 58, 63.95 W, 1410 MHz, 0 %, 62796 MiB
2026/10/03 12:20:56.315, 2, 47, 58.27 W, 1410 MHz, 0 %, 62780 MiB
2026/10/03 12:20:56.316, 3, 47, 47.64 W, 1410 MHz, 0 %, 62796 MiB
2026/10/03 12:20:58.316, 0, 51, 46.95 W, 1140 MHz, 0 %, 62780 MiB
2026/10/03 12:20:58.318, 1, 57, 48.07 W, 1140 MHz, 0 %, 62796 MiB
2026/10/03 12:20:58.318, 2, 46, 43.22 W, 1140 MHz, 0 %, 62780 MiB
2026/10/03 12:20:58.318, 3, 46, 42.03 W, 1140 MHz, 0 %, 62796 MiB
2026/10/03 12:21:00.319, 0, 51, 46.85 W, 1140 MHz, 0 %, 62780 MiB
2026/10/03 12:21:00.319, 1, 56, 47.88 W, 1140 MHz, 0 %, 62796 MiB
2026/10/03 12:21:00.319, 2, 45, 43.03 W, 1140 MHz, 0 %, 62780 MiB
2026/10/03 12:21:00.319, 3, 46, 42.03 W, 1140 MHz, 0 %, 62796 MiB
2026/10/03 12:21:02.320, 0, 50, 46.76 W, 1140 MHz, 0 %, 62780 MiB
2026/10/03 12:21:02.322, 1, 56, 47.88 W, 1140 MHz, 0 %, 62796 MiB
2026/10/03 12:21:02.322, 2, 45, 43.03 W, 1140 MHz, 0 %, 62780 MiB
2026/10/03 12:21:02.322, 3, 46, 41.94 W, 1140 MHz, 0 %, 62796 MiB
2026/10/03 12:21:04.322, 0, 50, 47.04 W, 1140 MHz, 0 %, 62780 MiB
2026/10/03 12:21:04.323, 1, 56, 47.78 W, 1140 MHz, 0 %, 62796 MiB
2026/10/03 12:21:04.323, 2, 45, 42.94 W, 1140 MHz, 0 %, 62780 MiB
2026/10/03 12:21:04.323, 3, 46, 42.24 W, 1140 MHz, 0 %, 62796 MiB
2026/10/03 12:21:06.323, 0, 50, 46.85 W, 1140 MHz, 0 %, 62780 MiB
2026/10/03 12:21:06.324, 1, 56, 47.78 W, 1140 MHz, 0 %, 62796 MiB
2026/10/03 12:21:06.325, 2, 45, 42.94 W, 1140 MHz, 0 %, 62780 MiB
2026/10/03 12:21:06.325, 3, 46, 42.03 W, 1140 MHz, 0 %, 62796 MiB
2026/10/03 12:21:08.325, 0, 50, 46.77 W, 1140 MHz, 0 %, 62780 MiB
2026/10/03 12:21:08.327, 1, 56, 47.69 W, 1140 MHz, 0 %, 62796 MiB
2026/10/03 12:21:08.327, 2, 45, 42.84 W, 1140 MHz, 0 %, 62780 MiB
2026/10/03 12:21:08.327, 3, 46, 41.75 W, 1140 MHz, 0 %, 62796 MiB
2026/10/03 12:21:10.328, 0, 50, 46.66 W, 1140 MHz, 0 %, 62780 MiB
2026/10/03 12:21:10.328, 1, 56, 47.69 W, 1140 MHz, 0 %, 62796 MiB
2026/10/03 12:21:10.328, 2, 45, 42.87 W, 1140 MHz, 0 %, 62780 MiB
2026/10/03 12:21:10.328, 3, 46, 41.94 W, 1140 MHz, 0 %, 62796 MiB
2026/10/03 12:21:12.329, 0, 50, 46.66 W, 1140 MHz, 0 %, 62780 MiB
2026/10/03 12:21:12.330, 1, 56, 48.07 W, 1140 MHz, 0 %, 62796 MiB
2026/10/03 12:21:12.330, 2, 45, 42.85 W, 1140 MHz, 0 %, 62780 MiB
2026/10/03 12:21:12.331, 3, 46, 41.94 W, 1140 MHz, 0 %, 62796 MiB
2026/10/03 12:21:14.331, 0, 50, 46.67 W, 1140 MHz, 0 %, 62780 MiB
2026/10/03 12:21:14.331, 1, 56, 47.78 W, 1140 MHz, 0 %, 62796 MiB
2026/10/03 12:21:14.332, 2, 45, 43.14 W, 1140 MHz, 0 %, 62780 MiB
2026/10/03 12:21:14.332, 3, 46, 41.94 W, 1140 MHz, 0 %, 62796 MiB
2026/10/03 12:21:16.332, 0, 50, 46.67 W, 1140 MHz, 0 %, 62780 MiB
2026/10/03 12:21:16.333, 1, 56, 47.69 W, 1140 MHz, 0 %, 62796 MiB
2026/10/03 12:21:16.333, 2, 45, 43.05 W, 1140 MHz, 0 %, 62780 MiB
2026/10/03 12:21:16.333, 3, 45, 41.94 W, 1140 MHz, 0 %, 62796 MiB
2026/10/03 12:21:18.333, 0, 50, 46.67 W, 1140 MHz, 0 %, 62780 MiB
2026/10/03 12:21:18.334, 1, 56, 47.70 W, 1140 MHz, 0 %, 62796 MiB
2026/10/03 12:21:18.334, 2, 45, 42.97 W, 1140 MHz, 0 %, 62780 MiB
2026/10/03 12:21:18.335, 3, 45, 41.94 W, 1140 MHz, 0 %, 62796 MiB
2026/10/03 12:21:20.335, 0, 50, 46.67 W, 1140 MHz, 0 %, 62780 MiB
2026/10/03 12:21:20.335, 1, 56, 47.60 W, 1140 MHz, 0 %, 62796 MiB
2026/10/03 12:21:20.336, 2, 45, 42.86 W, 1140 MHz, 0 %, 62780 MiB
2026/10/03 12:21:20.336, 3, 45, 41.94 W, 1140 MHz, 0 %, 62796 MiB
2026/10/03 12:21:22.336, 0, 50, 46.66 W, 1140 MHz, 0 %, 62780 MiB
2026/10/03 12:21:22.337, 1, 56, 47.40 W, 1140 MHz, 0 %, 62796 MiB
2026/10/03 12:21:22.337, 2, 45, 42.86 W, 1140 MHz, 0 %, 62780 MiB
2026/10/03 12:21:22.337, 3, 45, 41.94 W, 1140 MHz, 0 %, 62796 MiB
2026/10/03 12:21:24.337, 0, 50, 46.85 W, 1140 MHz, 0 %, 62780 MiB
2026/10/03 12:21:24.339, 1, 56, 47.50 W, 1140 MHz, 0 %, 62796 MiB
2026/10/03 12:21:24.339, 2, 45, 42.75 W, 1140 MHz, 0 %, 62780 MiB
2026/10/03 12:21:24.340, 3, 45, 42.05 W, 1140 MHz, 0 %, 62796 MiB
2026/10/03 12:21:26.340, 0, 50, 46.67 W, 1140 MHz, 0 %, 62780 MiB
2026/10/03 12:21:26.340, 1, 56, 47.40 W, 1140 MHz, 0 %, 62796 MiB
2026/10/03 12:21:26.341, 2, 45, 42.85 W, 1140 MHz, 0 %, 62780 MiB
2026/10/03 12:21:26.341, 3, 45, 41.84 W, 1140 MHz, 0 %, 62796 MiB
2026/10/03 12:21:28.341, 0, 50, 46.67 W, 1140 MHz, 0 %, 62780 MiB
2026/10/03 12:21:28.343, 1, 56, 47.50 W, 1140 MHz, 0 %, 62796 MiB
2026/10/03 12:21:28.343, 2, 45, 42.86 W, 1140 MHz, 0 %, 62780 MiB
2026/10/03 12:21:28.344, 3, 45, 41.84 W, 1140 MHz, 0 %, 62796 MiB
2026/10/03 12:21:30.344, 0, 50, 46.58 W, 1140 MHz, 0 %, 62780 MiB
2026/10/03 12:21:30.345, 1, 55, 47.50 W, 1140 MHz, 0 %, 62796 MiB
2026/10/03 12:21:30.345, 2, 45, 42.85 W, 1140 MHz, 0 %, 62780 MiB
2026/10/03 12:21:30.345, 3, 45, 41.75 W, 1140 MHz, 0 %, 62796 MiB
2026/10/03 12:21:32.345, 0, 50, 46.66 W, 1140 MHz, 0 %, 62780 MiB
2026/10/03 12:21:32.346, 1, 55, 47.79 W, 1140 MHz, 0 %, 62796 MiB
2026/10/03 12:21:32.346, 2, 45, 43.05 W, 1140 MHz, 0 %, 62780 MiB
2026/10/03 12:21:32.346, 3, 45, 41.75 W, 1140 MHz, 0 %, 62796 MiB
2026/10/03 12:21:34.347, 0, 50, 46.57 W, 1140 MHz, 0 %, 62780 MiB
2026/10/03 12:21:34.348, 1, 55, 47.69 W, 1140 MHz, 0 %, 62796 MiB
2026/10/03 12:21:34.349, 2, 44, 42.95 W, 1140 MHz, 0 %, 62780 MiB
2026/10/03 12:21:34.349, 3, 45, 41.65 W, 1140 MHz, 0 %, 62796 MiB
2026/10/03 12:21:36.349, 0, 50, 46.58 W, 1140 MHz, 0 %, 62780 MiB
2026/10/03 12:21:36.350, 1, 55, 47.50 W, 1140 MHz, 0 %, 62796 MiB
2026/10/03 12:21:36.350, 2, 44, 42.84 W, 1140 MHz, 0 %, 62780 MiB
2026/10/03 12:21:36.350, 3, 45, 41.56 W, 1140 MHz, 0 %, 62796 MiB
2026/10/03 12:21:38.350, 0, 50, 46.58 W, 1140 MHz, 0 %, 62780 MiB
2026/10/03 12:21:38.352, 1, 55, 47.59 W, 1140 MHz, 0 %, 62796 MiB
2026/10/03 12:21:38.352, 2, 44, 42.76 W, 1140 MHz, 0 %, 62780 MiB
2026/10/03 12:21:38.353, 3, 45, 41.65 W, 1140 MHz, 0 %, 62796 MiB
2026/10/03 12:21:40.353, 0, 50, 46.48 W, 1140 MHz, 0 %, 62780 MiB
2026/10/03 12:21:40.353, 1, 55, 47.40 W, 1140 MHz, 0 %, 62796 MiB
2026/10/03 12:21:40.354, 2, 44, 42.85 W, 1140 MHz, 0 %, 62780 MiB
2026/10/03 12:21:40.354, 3, 45, 41.56 W, 1140 MHz, 0 %, 62796 MiB
2026/10/03 12:21:42.354, 0, 50, 46.48 W, 1140 MHz, 0 %, 62780 MiB
2026/10/03 12:21:42.354, 1, 55, 47.50 W, 1140 MHz, 0 %, 62796 MiB
2026/10/03 12:21:42.355, 2, 44, 42.84 W, 1140 MHz, 0 %, 62780 MiB
2026/10/03 12:21:42.355, 3, 45, 41.94 W, 1140 MHz, 0 %, 62796 MiB
2026/10/03 12:21:44.355, 0, 50, 46.67 W, 1140 MHz, 0 %, 62780 MiB
2026/10/03 12:21:44.356, 1, 55, 47.32 W, 1140 MHz, 0 %, 62796 MiB
2026/10/03 12:21:44.356, 2, 44, 42.76 W, 1140 MHz, 0 %, 62780 MiB
2026/10/03 12:21:44.356, 3, 45, 41.75 W, 1140 MHz, 0 %, 62796 MiB
2026/10/03 12:21:46.357, 0, 53, 116.35 W, 1335 MHz, 99 %, 62780 MiB
2026/10/03 12:21:46.357, 1, 58, 156.85 W, 1365 MHz, 95 %, 62796 MiB
2026/10/03 12:21:46.357, 2, 48, 64.80 W, 1365 MHz, 97 %, 62780 MiB
2026/10/03 12:21:46.357, 3, 48, 74.61 W, 1410 MHz, 98 %, 62796 MiB
2026/10/03 12:21:48.358, 0, 53, 72.80 W, 1410 MHz, 99 %, 62780 MiB
2026/10/03 12:21:48.358, 1, 59, 82.34 W, 1350 MHz, 99 %, 62796 MiB
2026/10/03 12:21:48.358, 2, 49, 121.98 W, 1305 MHz, 97 %, 62780 MiB
2026/10/03 12:21:48.358, 3, 48, 144.41 W, 1410 MHz, 99 %, 62796 MiB
2026/10/03 12:21:50.359, 0, 53, 119.74 W, 1410 MHz, 97 %, 62780 MiB
2026/10/03 12:21:50.359, 1, 59, 69.06 W, 1380 MHz, 97 %, 62796 MiB
2026/10/03 12:21:50.359, 2, 49, 120.14 W, 1380 MHz, 97 %, 62780 MiB
2026/10/03 12:21:50.359, 3, 48, 115.49 W, 1410 MHz, 92 %, 62796 MiB
2026/10/03 12:21:52.360, 0, 52, 57.61 W, 1410 MHz, 0 %, 62780 MiB
2026/10/03 12:21:52.360, 1, 58, 68.65 W, 1410 MHz, 0 %, 62796 MiB
2026/10/03 12:21:52.360, 2, 47, 62.87 W, 1410 MHz, 0 %, 62780 MiB
2026/10/03 12:21:52.361, 3, 47, 50.91 W, 1410 MHz, 0 %, 62796 MiB
2026/10/03 12:21:54.361, 0, 51, 49.17 W, 1140 MHz, 0 %, 62780 MiB
2026/10/03 12:21:54.361, 1, 57, 50.57 W, 1140 MHz, 0 %, 62796 MiB
2026/10/03 12:21:54.362, 2, 46, 45.75 W, 1140 MHz, 0 %, 62780 MiB
2026/10/03 12:21:54.362, 3, 46, 44.34 W, 1140 MHz, 0 %, 62796 MiB
2026/10/03 12:21:56.362, 0, 51, 48.97 W, 1140 MHz, 0 %, 62780 MiB
2026/10/03 12:21:56.363, 1, 56, 50.38 W, 1140 MHz, 0 %, 62796 MiB
2026/10/03 12:21:56.363, 2, 46, 45.56 W, 1140 MHz, 0 %, 62780 MiB
2026/10/03 12:21:56.363, 3, 46, 44.15 W, 1140 MHz, 0 %, 62796 MiB
2026/10/03 12:21:58.364, 0, 53, 114.59 W, 1410 MHz, 93 %, 62780 MiB
2026/10/03 12:21:58.364, 1, 59, 154.51 W, 1410 MHz, 95 %, 62796 MiB
2026/10/03 12:21:58.364, 2, 49, 129.90 W, 1395 MHz, 93 %, 62780 MiB
2026/10/03 12:21:58.364, 3, 48, 98.08 W, 1410 MHz, 84 %, 62796 MiB
2026/10/03 12:22:00.365, 0, 51, 54.14 W, 1410 MHz, 0 %, 62780 MiB
2026/10/03 12:22:00.365, 1, 57, 64.33 W, 1410 MHz, 0 %, 62796 MiB
2026/10/03 12:22:00.365, 2, 47, 57.31 W, 1410 MHz, 0 %, 62780 MiB
2026/10/03 12:22:00.366, 3, 46, 47.43 W, 1410 MHz, 0 %, 62796 MiB
2026/10/03 12:22:02.366, 0, 51, 46.85 W, 1140 MHz, 0 %, 62780 MiB
2026/10/03 12:22:02.366, 1, 56, 48.17 W, 1140 MHz, 0 %, 62796 MiB
2026/10/03 12:22:02.366, 2, 46, 43.05 W, 1140 MHz, 0 %, 62780 MiB
2026/10/03 12:22:02.367, 3, 46, 41.84 W, 1140 MHz, 0 %, 62796 MiB
2026/10/03 12:22:04.367, 0, 50, 46.76 W, 1140 MHz, 0 %, 62780 MiB
2026/10/03 12:22:04.369, 1, 56, 48.07 W, 1140 MHz, 0 %, 62796 MiB
2026/10/03 12:22:04.369, 2, 46, 43.22 W, 1140 MHz, 0 %, 62780 MiB
2026/10/03 12:22:04.369, 3, 46, 41.94 W, 1140 MHz, 0 %, 62796 MiB
2026/10/03 12:22:06.370, 0, 50, 46.76 W, 1140 MHz, 0 %, 62780 MiB
2026/10/03 12:22:06.370, 1, 56, 47.88 W, 1140 MHz, 0 %, 62796 MiB
2026/10/03 12:22:06.370, 2, 45, 43.03 W, 1140 MHz, 0 %, 62780 MiB
2026/10/03 12:22:06.370, 3, 46, 41.94 W, 1140 MHz, 0 %, 62796 MiB
2026/10/03 12:22:08.371, 0, 50, 46.66 W, 1140 MHz, 0 %, 62780 MiB
2026/10/03 12:22:08.371, 1, 56, 47.78 W, 1140 MHz, 0 %, 62796 MiB
2026/10/03 12:22:08.371, 2, 45, 42.94 W, 1140 MHz, 0 %, 62780 MiB
2026/10/03 12:22:08.371, 3, 46, 41.84 W, 1140 MHz, 0 %, 62796 MiB
2026/10/03 12:22:10.372, 0, 50, 46.67 W, 1140 MHz, 0 %, 62780 MiB
2026/10/03 12:22:10.374, 1, 56, 47.69 W, 1140 MHz, 0 %, 62796 MiB
2026/10/03 12:22:10.374, 2, 45, 42.94 W, 1140 MHz, 0 %, 62780 MiB
2026/10/03 12:22:10.374, 3, 46, 41.84 W, 1140 MHz, 0 %, 62796 MiB
2026/10/03 12:22:12.375, 0, 50, 46.66 W, 1140 MHz, 0 %, 62780 MiB
2026/10/03 12:22:12.375, 1, 56, 47.69 W, 1140 MHz, 0 %, 62796 MiB
2026/10/03 12:22:12.375, 2, 45, 42.94 W, 1140 MHz, 0 %, 62780 MiB
2026/10/03 12:22:12.375, 3, 46, 41.84 W, 1140 MHz, 0 %, 62796 MiB
2026/10/03 12:22:14.376, 0, 50, 46.66 W, 1140 MHz, 0 %, 62780 MiB
2026/10/03 12:22:14.377, 1, 56, 47.69 W, 1140 MHz, 0 %, 62796 MiB
2026/10/03 12:22:14.377, 2, 45, 42.85 W, 1140 MHz, 0 %, 62780 MiB
2026/10/03 12:22:14.377, 3, 46, 42.14 W, 1140 MHz, 0 %, 62796 MiB
2026/10/03 12:22:16.378, 0, 50, 46.67 W, 1140 MHz, 0 %, 62780 MiB
2026/10/03 12:22:16.378, 1, 56, 47.59 W, 1140 MHz, 0 %, 62796 MiB
2026/10/03 12:22:16.378, 2, 45, 42.94 W, 1140 MHz, 0 %, 62780 MiB
2026/10/03 12:22:16.378, 3, 46, 41.94 W, 1140 MHz, 0 %, 62796 MiB
2026/10/03 12:22:18.379, 0, 50, 46.77 W, 1140 MHz, 0 %, 62780 MiB
2026/10/03 12:22:18.379, 1, 56, 47.70 W, 1140 MHz, 0 %, 62796 MiB
2026/10/03 12:22:18.379, 2, 45, 42.95 W, 1140 MHz, 0 %, 62780 MiB
2026/10/03 12:22:18.380, 3, 46, 41.84 W, 1140 MHz, 0 %, 62796 MiB
2026/10/03 12:22:20.380, 0, 50, 46.67 W, 1140 MHz, 0 %, 62780 MiB
2026/10/03 12:22:20.382, 1, 56, 47.59 W, 1140 MHz, 0 %, 62796 MiB
2026/10/03 12:22:20.382, 2, 45, 42.84 W, 1140 MHz, 0 %, 62780 MiB
2026/10/03 12:22:20.382, 3, 45, 41.84 W, 1140 MHz, 8 %, 62796 MiB
2026/10/03 12:22:22.383, 0, 50, 46.67 W, 1140 MHz, 0 %, 62780 MiB
2026/10/03 12:22:22.383, 1, 56, 47.88 W, 1140 MHz, 0 %, 62796 MiB
2026/10/03 12:22:22.383, 2, 45, 42.95 W, 1140 MHz, 0 %, 62780 MiB
2026/10/03 12:22:22.383, 3, 45, 41.75 W, 1140 MHz, 0 %, 62796 MiB
2026/10/03 12:22:24.384, 0, 50, 46.67 W, 1140 MHz, 0 %, 62780 MiB
2026/10/03 12:22:24.385, 1, 56, 47.69 W, 1140 MHz, 0 %, 62796 MiB
2026/10/03 12:22:24.386, 2, 45, 42.94 W, 1140 MHz, 0 %, 62780 MiB
2026/10/03 12:22:24.386, 3, 45, 41.84 W, 1140 MHz, 0 %, 62796 MiB
2026/10/03 12:22:26.386, 0, 50, 46.67 W, 1140 MHz, 0 %, 62780 MiB
2026/10/03 12:22:26.387, 1, 56, 47.69 W, 1140 MHz, 0 %, 62796 MiB
2026/10/03 12:22:26.387, 2, 45, 42.95 W, 1140 MHz, 0 %, 62780 MiB
2026/10/03 12:22:26.387, 3, 45, 41.84 W, 1140 MHz, 0 %, 62796 MiB
2026/10/03 12:22:28.387, 0, 50, 46.57 W, 1140 MHz, 0 %, 62780 MiB
2026/10/03 12:22:28.388, 1, 56, 47.50 W, 1140 MHz, 0 %, 62796 MiB
2026/10/03 12:22:28.388, 2, 45, 43.03 W, 1140 MHz, 0 %, 62780 MiB
2026/10/03 12:22:28.388, 3, 45, 41.75 W, 1140 MHz, 0 %, 62796 MiB
2026/10/03 12:22:30.388, 0, 50, 46.58 W, 1140 MHz, 0 %, 62780 MiB
2026/10/03 12:22:30.390, 1, 55, 47.50 W, 1140 MHz, 0 %, 62796 MiB
2026/10/03 12:22:30.391, 2, 45, 42.87 W, 1140 MHz, 0 %, 62780 MiB
2026/10/03 12:22:30.391, 3, 45, 41.84 W, 1140 MHz, 0 %, 62796 MiB
2026/10/03 12:22:32.391, 0, 50, 46.48 W, 1140 MHz, 0 %, 62780 MiB
2026/10/03 12:22:32.392, 1, 55, 47.60 W, 1140 MHz, 0 %, 62796 MiB
2026/10/03 12:22:32.392, 2, 45, 42.85 W, 1140 MHz, 0 %, 62780 MiB
2026/10/03 12:22:32.392, 3, 45, 41.84 W, 1140 MHz, 0 %, 62796 MiB
2026/10/03 12:22:34.392, 0, 50, 46.57 W, 1140 MHz, 0 %, 62780 MiB
2026/10/03 12:22:34.394, 1, 55, 47.41 W, 1140 MHz, 0 %, 62796 MiB
2026/10/03 12:22:34.395, 2, 45, 42.87 W, 1140 MHz, 0 %, 62780 MiB
2026/10/03 12:22:34.395, 3, 45, 41.94 W, 1140 MHz, 0 %, 62796 MiB
2026/10/03 12:22:36.395, 0, 50, 46.85 W, 1140 MHz, 0 %, 62780 MiB
2026/10/03 12:22:36.396, 1, 55, 47.50 W, 1140 MHz, 0 %, 62796 MiB
2026/10/03 12:22:36.396, 2, 45, 42.86 W, 1140 MHz, 0 %, 62780 MiB
2026/10/03 12:22:36.396, 3, 45, 41.94 W, 1140 MHz, 0 %, 62796 MiB
2026/10/03 12:22:38.396, 0, 50, 46.67 W, 1140 MHz, 0 %, 62780 MiB
2026/10/03 12:22:38.397, 1, 55, 47.40 W, 1140 MHz, 0 %, 62796 MiB
2026/10/03 12:22:38.397, 2, 45, 42.87 W, 1140 MHz, 0 %, 62780 MiB
2026/10/03 12:22:38.397, 3, 45, 41.75 W, 1140 MHz, 0 %, 62796 MiB
2026/10/03 12:22:40.397, 0, 50, 46.58 W, 1140 MHz, 0 %, 62780 MiB
2026/10/03 12:22:40.398, 1, 55, 47.51 W, 1140 MHz, 0 %, 62796 MiB
2026/10/03 12:22:40.399, 2, 45, 42.76 W, 1140 MHz, 0 %, 62780 MiB
2026/10/03 12:22:40.399, 3, 45, 41.65 W, 1140 MHz, 0 %, 62796 MiB
2026/10/03 12:22:42.399, 0, 53, 137.87 W, 1410 MHz, 97 %, 62780 MiB
2026/10/03 12:22:42.399, 1, 58, 145.50 W, 1350 MHz, 97 %, 62796 MiB
2026/10/03 12:22:42.400, 2, 49, 74.03 W, 1215 MHz, 98 %, 62780 MiB
2026/10/03 12:22:42.400, 3, 48, 125.71 W, 1410 MHz, 96 %, 62796 MiB
2026/10/03 12:22:44.400, 0, 53, 121.32 W, 1410 MHz, 97 %, 62780 MiB
2026/10/03 12:22:44.401, 1, 58, 97.38 W, 1380 MHz, 99 %, 62796 MiB
2026/10/03 12:22:44.401, 2, 48, 186.05 W, 1380 MHz, 97 %, 62780 MiB
2026/10/03 12:22:44.401, 3, 48, 67.16 W, 1410 MHz, 98 %, 62796 MiB
2026/10/03 12:22:46.401, 0, 54, 71.85 W, 1410 MHz, 96 %, 62780 MiB
2026/10/03 12:22:46.402, 1, 59, 82.25 W, 1365 MHz, 99 %, 62796 MiB
2026/10/03 12:22:46.402, 2, 50, 148.78 W, 1260 MHz, 99 %, 62780 MiB
2026/10/03 12:22:46.402, 3, 48, 56.50 W, 1410 MHz, 95 %, 62796 MiB
2026/10/03 12:22:48.402, 0, 51, 54.23 W, 1410 MHz, 0 %, 62780 MiB
2026/10/03 12:22:48.403, 1, 57, 64.53 W, 1410 MHz, 0 %, 62796 MiB
2026/10/03 12:22:48.403, 2, 47, 57.97 W, 1410 MHz, 0 %, 62780 MiB
2026/10/03 12:22:48.403, 3, 47, 47.74 W, 1410 MHz, 0 %, 62796 MiB
2026/10/03 12:22:50.403, 0, 51, 46.85 W, 1140 MHz, 0 %, 62780 MiB
2026/10/03 12:22:50.405, 1, 56, 48.37 W, 1140 MHz, 0 %, 62796 MiB
2026/10/03 12:22:50.406, 2, 46, 43.22 W, 1140 MHz, 0 %, 62780 MiB
2026/10/03 12:22:50.406, 3, 46, 42.03 W, 1140 MHz, 0 %, 62796 MiB
2026/10/03 12:22:52.406, 0, 50, 46.95 W, 1140 MHz, 0 %, 62780 MiB
2026/10/03 12:22:52.406, 1, 56, 48.07 W, 1140 MHz, 0 %, 62796 MiB
2026/10/03 12:22:52.407, 2, 46, 43.24 W, 1140 MHz, 0 %, 62780 MiB
2026/10/03 12:22:52.407, 3, 46, 42.03 W, 1140 MHz, 0 %, 62796 MiB
2026/10/03 12:22:54.407, 0, 50, 46.85 W, 1140 MHz, 0 %, 62780 MiB
2026/10/03 12:22:54.407, 1, 56, 47.78 W, 1140 MHz, 0 %, 62796 MiB
2026/10/03 12:22:54.408, 2, 45, 43.13 W, 1140 MHz, 0 %, 62780 MiB
2026/10/03 12:22:54.408, 3, 46, 41.84 W, 1140 MHz, 0 %, 62796 MiB
2026/10/03 12:22:56.408, 0, 50, 46.66 W, 1140 MHz, 0 %, 62780 MiB
2026/10/03 12:22:56.410, 1, 56, 47.69 W, 1140 MHz, 0 %, 62796 MiB
2026/10/03 12:22:56.410, 2, 45, 43.05 W, 1140 MHz, 0 %, 62780 MiB
2026/10/03 12:22:56.410, 3, 46, 41.94 W, 1140 MHz, 0 %, 62796 MiB
2026/10/03 12:22:58.411, 0, 50, 46.66 W, 1140 MHz, 0 %, 62780 MiB
2026/10/03 12:22:58.411, 1, 56, 47.59 W, 1140 MHz, 0 %, 62796 MiB
2026/10/03 12:22:58.411, 2, 45, 42.95 W, 1140 MHz, 0 %, 62780 MiB
2026/10/03 12:22:58.411, 3, 46, 41.84 W, 1140 MHz, 0 %, 62796 MiB
2026/10/03 12:23:00.412, 0, 50, 46.67 W, 1140 MHz, 0 %, 62780 MiB
2026/10/03 12:23:00.412, 1, 56, 47.50 W, 1140 MHz, 0 %, 62796 MiB
2026/10/03 12:23:00.412, 2, 45, 42.95 W, 1140 MHz, 0 %, 62780 MiB
2026/10/03 12:23:00.413, 3, 46, 41.84 W, 1140 MHz, 0 %, 62796 MiB
2026/10/03 12:23:02.414, 0, 50, 46.48 W, 1140 MHz, 0 %, 62780 MiB
2026/10/03 12:23:02.414, 1, 56, 47.51 W, 1140 MHz, 0 %, 62796 MiB
2026/10/03 12:23:02.414, 2, 45, 42.86 W, 1140 MHz, 0 %, 62780 MiB
2026/10/03 12:23:02.414, 3, 46, 41.94 W, 1140 MHz, 0 %, 62796 MiB
2026/10/03 12:23:04.415, 0, 50, 46.58 W, 1140 MHz, 0 %, 62780 MiB
2026/10/03 12:23:04.415, 1, 56, 47.51 W, 1140 MHz, 0 %, 62796 MiB
2026/10/03 12:23:04.415, 2, 45, 42.86 W, 1140 MHz, 0 %, 62780 MiB
2026/10/03 12:23:04.415, 3, 46, 41.84 W, 1140 MHz, 0 %, 62796 MiB
2026/10/03 12:23:06.416, 0, 50, 46.58 W, 1140 MHz, 0 %, 62780 MiB
2026/10/03 12:23:06.417, 1, 56, 47.42 W, 1140 MHz, 0 %, 62796 MiB
2026/10/03 12:23:06.417, 2, 45, 42.85 W, 1140 MHz, 0 %, 62780 MiB
2026/10/03 12:23:06.418, 3, 46, 42.04 W, 1140 MHz, 0 %, 62796 MiB
2026/10/03 12:23:08.418, 0, 50, 46.38 W, 1140 MHz, 0 %, 62780 MiB
2026/10/03 12:23:08.418, 1, 56, 47.31 W, 1140 MHz, 0 %, 62796 MiB
2026/10/03 12:23:08.419, 2, 45, 42.76 W, 1140 MHz, 0 %, 62780 MiB
2026/10/03 12:23:08.419, 3, 45, 41.84 W, 1140 MHz, 0 %, 62796 MiB
2026/10/03 12:23:10.419, 0, 50, 46.48 W, 1140 MHz, 0 %, 62780 MiB
2026/10/03 12:23:10.421, 1, 55, 47.69 W, 1140 MHz, 0 %, 62796 MiB
2026/10/03 12:23:10.422, 2, 45, 43.13 W, 1140 MHz, 0 %, 62780 MiB
2026/10/03 12:23:10.422, 3, 45, 41.75 W, 1140 MHz, 0 %, 62796 MiB
2026/10/03 12:23:12.422, 0, 50, 46.66 W, 1140 MHz, 0 %, 62780 MiB
2026/10/03 12:23:12.423, 1, 55, 47.69 W, 1140 MHz, 0 %, 62796 MiB
2026/10/03 12:23:12.423, 2, 45, 42.94 W, 1140 MHz, 0 %, 62780 MiB
2026/10/03 12:23:12.423, 3, 45, 41.75 W, 1140 MHz, 0 %, 62796 MiB
2026/10/03 12:23:14.423, 0, 50, 46.47 W, 1140 MHz, 0 %, 62780 MiB
2026/10/03 12:23:14.424, 1, 55, 47.41 W, 1140 MHz, 0 %, 62796 MiB
2026/10/03 12:23:14.424, 2, 45, 42.85 W, 1140 MHz, 0 %, 62780 MiB
2026/10/03 12:23:14.424, 3, 45, 41.75 W, 1140 MHz, 0 %, 62796 MiB
2026/10/03 12:23:16.424, 0, 50, 46.47 W, 1140 MHz, 0 %, 62780 MiB
2026/10/03 12:23:16.426, 1, 55, 47.31 W, 1140 MHz, 0 %, 62796 MiB
2026/10/03 12:23:16.426, 2, 45, 42.85 W, 1140 MHz, 0 %, 62780 MiB
2026/10/03 12:23:16.426, 3, 45, 41.75 W, 1140 MHz, 0 %, 62796 MiB
2026/10/03 12:23:18.426, 0, 50, 46.47 W, 1140 MHz, 0 %, 62780 MiB
2026/10/03 12:23:18.427, 1, 55, 47.31 W, 1140 MHz, 0 %, 62796 MiB
2026/10/03 12:23:18.427, 2, 45, 42.66 W, 1140 MHz, 0 %, 62780 MiB
2026/10/03 12:23:18.427, 3, 45, 41.75 W, 1140 MHz, 0 %, 62796 MiB
2026/10/03 12:23:20.427, 0, 50, 46.28 W, 1140 MHz, 0 %, 62780 MiB
2026/10/03 12:23:20.428, 1, 55, 47.23 W, 1140 MHz, 0 %, 62796 MiB
2026/10/03 12:23:20.428, 2, 45, 42.86 W, 1140 MHz, 0 %, 62780 MiB
2026/10/03 12:23:20.429, 3, 45, 41.75 W, 1140 MHz, 0 %, 62796 MiB
2026/10/03 12:23:22.429, 0, 50, 46.38 W, 1140 MHz, 0 %, 62780 MiB
2026/10/03 12:23:22.429, 1, 55, 47.21 W, 1140 MHz, 0 %, 62796 MiB
2026/10/03 12:23:22.429, 2, 45, 42.76 W, 1140 MHz, 0 %, 62780 MiB
2026/10/03 12:23:22.430, 3, 45, 41.65 W, 1140 MHz, 0 %, 62796 MiB
2026/10/03 12:23:24.430, 0, 50, 46.38 W, 1140 MHz, 0 %, 62780 MiB
2026/10/03 12:23:24.430, 1, 55, 47.23 W, 1140 MHz, 0 %, 62796 MiB
2026/10/03 12:23:24.431, 2, 45, 42.67 W, 1140 MHz, 0 %, 62780 MiB
2026/10/03 12:23:24.431, 3, 45, 41.75 W, 1140 MHz, 0 %, 62796 MiB
2026/10/03 12:23:26.431, 0, 51, 66.13 W, 1140 MHz, 27 %, 62780 MiB
2026/10/03 12:23:26.440, 1, 57, 86.49 W, 1200 MHz, 0 %, 62796 MiB
2026/10/03 12:23:26.440, 2, 47, 191.59 W, 810 MHz, 65 %, 62780 MiB
2026/10/03 12:23:26.441, 3, 47, 123.30 W, 1005 MHz, 29 %, 62796 MiB
2026/10/03 12:23:28.441, 0, 54, 162.33 W, 1410 MHz, 94 %, 62780 MiB
2026/10/03 12:23:28.441, 1, 58, 208.71 W, 1290 MHz, 99 %, 62796 MiB
2026/10/03 12:23:28.441, 2, 49, 58.92 W, 1155 MHz, 99 %, 62780 MiB
2026/10/03 12:23:28.442, 3, 48, 192.76 W, 1410 MHz, 96 %, 62796 MiB
2026/10/03 12:23:30.442, 0, 54, 65.76 W, 1410 MHz, 94 %, 62780 MiB
2026/10/03 12:23:30.442, 1, 59, 68.96 W, 1380 MHz, 97 %, 62796 MiB
2026/10/03 12:23:30.443, 2, 49, 61.72 W, 1365 MHz, 99 %, 62780 MiB
2026/10/03 12:23:30.443, 3, 48, 53.95 W, 1410 MHz, 98 %, 62796 MiB
2026/10/03 12:23:32.443, 0, 53, 64.47 W, 1410 MHz, 99 %, 62780 MiB
2026/10/03 12:23:32.443, 1, 59, 69.23 W, 1380 MHz, 96 %, 62796 MiB
2026/10/03 12:23:32.444, 2, 49, 67.48 W, 1395 MHz, 97 %, 62780 MiB
2026/10/03 12:23:32.444, 3, 49, 65.61 W, 1410 MHz, 96 %, 62796 MiB
2026/10/03 12:23:34.444, 0, 51, 47.33 W, 1140 MHz, 0 %, 62780 MiB
2026/10/03 12:23:34.445, 1, 57, 48.56 W, 1140 MHz, 0 %, 62796 MiB
2026/10/03 12:23:34.445, 2, 46, 43.81 W, 1140 MHz, 0 %, 62780 MiB
2026/10/03 12:23:34.445, 3, 46, 42.53 W, 1140 MHz, 0 %, 62796 MiB
2026/10/03 12:23:36.445, 0, 50, 46.85 W, 1140 MHz, 0 %, 62780 MiB
2026/10/03 12:23:36.446, 1, 56, 47.88 W, 1140 MHz, 0 %, 62796 MiB
2026/10/03 12:23:36.446, 2, 46, 43.22 W, 1140 MHz, 0 %, 62780 MiB
2026/10/03 12:23:36.446, 3, 46, 42.24 W, 1140 MHz, 0 %, 62796 MiB
2026/10/03 12:23:38.447, 0, 50, 46.87 W, 1140 MHz, 0 %, 62780 MiB
2026/10/03 12:23:38.447, 1, 56, 47.78 W, 1140 MHz, 0 %, 62796 MiB
2026/10/03 12:23:38.447, 2, 46, 43.14 W, 1140 MHz, 0 %, 62780 MiB
2026/10/03 12:23:38.447, 3, 46, 42.03 W, 1140 MHz, 0 %, 62796 MiB
2026/10/03 12:23:40.448, 0, 50, 46.77 W, 1140 MHz, 0 %, 62780 MiB
2026/10/03 12:23:40.448, 1, 56, 47.60 W, 1140 MHz, 0 %, 62796 MiB
2026/10/03 12:23:40.448, 2, 46, 43.04 W, 1140 MHz, 0 %, 62780 MiB
2026/10/03 12:23:40.448, 3, 46, 42.24 W, 1140 MHz, 0 %, 62796 MiB
2026/10/03 12:23:42.449, 0, 50, 47.06 W, 1140 MHz, 0 %, 62780 MiB
2026/10/03 12:23:42.450, 1, 56, 47.90 W, 1140 MHz, 0 %, 62796 MiB
2026/10/03 12:23:42.450, 2, 45, 43.52 W, 1140 MHz, 0 %, 62780 MiB
2026/10/03 12:23:42.450, 3, 46, 42.24 W, 1140 MHz, 0 %, 62796 MiB
2026/10/03 12:23:44.450, 0, 50, 46.67 W, 1140 MHz, 0 %, 62780 MiB
2026/10/03 12:23:44.451, 1, 56, 47.88 W, 1140 MHz, 0 %, 62796 MiB
2026/10/03 12:23:44.451, 2, 45, 43.13 W, 1140 MHz, 0 %, 62780 MiB
2026/10/03 12:23:44.451, 3, 46, 41.94 W, 1140 MHz, 0 %, 62796 MiB
2026/10/03 12:23:46.452, 0, 50, 46.67 W, 1140 MHz, 0 %, 62780 MiB
2026/10/03 12:23:46.452, 1, 56, 47.60 W, 1140 MHz, 0 %, 62796 MiB
2026/10/03 12:23:46.452, 2, 45, 43.04 W, 1140 MHz, 0 %, 62780 MiB
2026/10/03 12:23:46.452, 3, 46, 41.94 W, 1140 MHz, 0 %, 62796 MiB
2026/10/03 12:23:48.453, 0, 50, 46.87 W, 1140 MHz, 0 %, 62780 MiB
2026/10/03 12:23:48.453, 1, 56, 47.51 W, 1140 MHz, 0 %, 62796 MiB
2026/10/03 12:23:48.453, 2, 45, 43.05 W, 1140 MHz, 0 %, 62780 MiB
2026/10/03 12:23:48.453, 3, 46, 41.84 W, 1140 MHz, 0 %, 62796 MiB
2026/10/03 12:23:50.454, 0, 50, 46.77 W, 1140 MHz, 0 %, 62780 MiB
2026/10/03 12:23:50.454, 1, 55, 47.69 W, 1140 MHz, 0 %, 62796 MiB
2026/10/03 12:23:50.454, 2, 45, 43.03 W, 1140 MHz, 0 %, 62780 MiB
2026/10/03 12:23:50.455, 3, 46, 41.75 W, 1140 MHz, 0 %, 62796 MiB
2026/10/03 12:23:52.455, 0, 52, 162.63 W, 1410 MHz, 99 %, 62780 MiB
2026/10/03 12:23:52.455, 1, 59, 157.45 W, 1320 MHz, 98 %, 62796 MiB
2026/10/03 12:23:52.456, 2, 48, 92.55 W, 1395 MHz, 96 %, 62780 MiB
2026/10/03 12:23:52.456, 3, 48, 68.69 W, 1410 MHz, 98 %, 62796 MiB
2026/10/03 12:23:54.456, 0, 53, 139.50 W, 1410 MHz, 97 %, 62780 MiB
2026/10/03 12:23:54.456, 1, 59, 67.88 W, 1365 MHz, 99 %, 62796 MiB
2026/10/03 12:23:54.457, 2, 49, 126.17 W, 1380 MHz, 97 %, 62780 MiB
2026/10/03 12:23:54.457, 3, 49, 82.16 W, 1410 MHz, 99 %, 62796 MiB
2026/10/03 12:23:56.457, 0, 53, 78.87 W, 1410 MHz, 99 %, 62780 MiB
2026/10/03 12:23:56.458, 1, 59, 101.40 W, 1380 MHz, 99 %, 62796 MiB
2026/10/03 12:23:56.458, 2, 50, 73.03 W, 1245 MHz, 99 %, 62780 MiB
2026/10/03 12:23:56.458, 3, 49, 65.15 W, 1410 MHz, 96 %, 62796 MiB
2026/10/03 12:23:58.460, 0, 52, 54.33 W, 1410 MHz, 0 %, 62780 MiB
2026/10/03 12:23:58.460, 1, 58, 64.92 W, 1410 MHz, 0 %, 62796 MiB
2026/10/03 12:23:58.460, 2, 48, 58.46 W, 1410 MHz, 0 %, 62780 MiB
2026/10/03 12:23:58.460, 3, 47, 47.72 W, 1410 MHz, 0 %, 62796 MiB
2026/10/03 12:24:00.461, 0, 51, 47.04 W, 1140 MHz, 0 %, 62780 MiB
2026/10/03 12:24:00.461, 1, 57, 48.07 W, 1140 MHz, 0 %, 62796 MiB
2026/10/03 12:24:00.461, 2, 47, 43.32 W, 1140 MHz, 0 %, 62780 MiB
2026/10/03 12:24:00.462, 3, 47, 42.13 W, 1140 MHz, 0 %, 62796 MiB
2026/10/03 12:24:02.462, 0, 51, 47.14 W, 1140 MHz, 0 %, 62780 MiB
2026/10/03 12:24:02.462, 1, 56, 47.88 W, 1140 MHz, 0 %, 62796 MiB
2026/10/03 12:24:02.463, 2, 46, 43.13 W, 1140 MHz, 0 %, 62780 MiB
2026/10/03 12:24:02.463, 3, 46, 42.03 W, 1140 MHz, 0 %, 62796 MiB
2026/10/03 12:24:04.463, 0, 51, 47.04 W, 1140 MHz, 0 %, 62780 MiB
2026/10/03 12:24:04.463, 1, 56, 47.88 W, 1140 MHz, 0 %, 62796 MiB
2026/10/03 12:24:04.464, 2, 46, 43.13 W, 1140 MHz, 0 %, 62780 MiB
2026/10/03 12:24:04.464, 3, 46, 42.03 W, 1140 MHz, 0 %, 62796 MiB
2026/10/03 12:24:06.464, 0, 51, 46.85 W, 1140 MHz, 0 %, 62780 MiB
2026/10/03 12:24:06.465, 1, 56, 47.69 W, 1140 MHz, 0 %, 62796 MiB
2026/10/03 12:24:06.465, 2, 46, 43.03 W, 1140 MHz, 0 %, 62780 MiB
2026/10/03 12:24:06.465, 3, 46, 41.94 W, 1140 MHz, 0 %, 62796 MiB
2026/10/03 12:24:08.465, 0, 50, 46.76 W, 1140 MHz, 0 %, 62780 MiB
2026/10/03 12:24:08.466, 1, 56, 47.79 W, 1140 MHz, 0 %, 62796 MiB
2026/10/03 12:24:08.466, 2, 46, 43.13 W, 1140 MHz, 0 %, 62780 MiB
2026/10/03 12:24:08.466, 3, 46, 41.94 W, 1140 MHz, 0 %, 62796 MiB
2026/10/03 12:24:10.467, 0, 50, 46.76 W, 1140 MHz, 0 %, 62780 MiB
2026/10/03 12:24:10.467, 1, 56, 47.97 W, 1140 MHz, 0 %, 62796 MiB
2026/10/03 12:24:10.468, 2, 46, 43.32 W, 1140 MHz, 0 %, 62780 MiB
2026/10/03 12:24:10.468, 3, 46, 41.94 W, 1140 MHz, 0 %, 62796 MiB
2026/10/03 12:24:12.468, 0, 50, 46.66 W, 1140 MHz, 0 %, 62780 MiB
2026/10/03 12:24:12.469, 1, 56, 47.78 W, 1140 MHz, 0 %, 62796 MiB
2026/10/03 12:24:12.469, 2, 46, 43.13 W, 1140 MHz, 0 %, 62780 MiB
2026/10/03 12:24:12.469, 3, 46, 41.94 W, 1140 MHz, 0 %, 62796 MiB
2026/10/03 12:24:14.469, 0, 50, 46.66 W, 1140 MHz, 0 %, 62780 MiB
2026/10/03 12:24:14.470, 1, 56, 47.69 W, 1140 MHz, 0 %, 62796 MiB
2026/10/03 12:24:14.470, 2, 46, 43.13 W, 1140 MHz, 0 %, 62780 MiB
2026/10/03 12:24:14.470, 3, 46, 42.13 W, 1140 MHz, 0 %, 62796 MiB
2026/10/03 12:24:16.470, 0, 50, 46.66 W, 1140 MHz, 0 %, 62780 MiB
2026/10/03 12:24:16.471, 1, 56, 47.60 W, 1140 MHz, 0 %, 62796 MiB
2026/10/03 12:24:16.471, 2, 46, 43.05 W, 1140 MHz, 0 %, 62780 MiB
2026/10/03 12:24:16.471, 3, 46, 41.94 W, 1140 MHz, 0 %, 62796 MiB
2026/10/03 12:24:18.472, 0, 50, 46.66 W, 1140 MHz, 0 %, 62780 MiB
2026/10/03 12:24:18.472, 1, 56, 47.69 W, 1140 MHz, 0 %, 62796 MiB
2026/10/03 12:24:18.472, 2, 45, 43.03 W, 1140 MHz, 0 %, 62780 MiB
2026/10/03 12:24:18.473, 3, 46, 41.84 W, 1140 MHz, 0 %, 62796 MiB
2026/10/03 12:24:20.473, 0, 50, 46.96 W, 1140 MHz, 0 %, 62780 MiB
2026/10/03 12:24:20.473, 1, 56, 47.40 W, 1140 MHz, 0 %, 62796 MiB
2026/10/03 12:24:20.474, 2, 45, 42.96 W, 1140 MHz, 0 %, 62780 MiB
2026/10/03 12:24:20.474, 3, 46, 41.94 W, 1140 MHz, 0 %, 62796 MiB
2026/10/03 12:24:22.474, 0, 50, 46.77 W, 1140 MHz, 0 %, 62780 MiB
2026/10/03 12:24:22.475, 1, 56, 47.61 W, 1140 MHz, 0 %, 62796 MiB
2026/10/03 12:24:22.475, 2, 45, 43.05 W, 1140 MHz, 0 %, 62780 MiB
2026/10/03 12:24:22.475, 3, 46, 41.94 W, 1140 MHz, 0 %, 62796 MiB
2026/10/03 12:24:24.475, 0, 50, 46.67 W, 1140 MHz, 0 %, 62780 MiB
2026/10/03 12:24:24.476, 1, 56, 47.51 W, 1140 MHz, 0 %, 62796 MiB
2026/10/03 12:24:24.476, 2, 45, 42.96 W, 1140 MHz, 0 %, 62780 MiB
2026/10/03 12:24:24.476, 3, 46, 42.03 W, 1140 MHz, 0 %, 62796 MiB
2026/10/03 12:24:26.477, 0, 50, 46.66 W, 1140 MHz, 0 %, 62780 MiB
2026/10/03 12:24:26.477, 1, 56, 47.50 W, 1140 MHz, 0 %, 62796 MiB
2026/10/03 12:24:26.477, 2, 45, 42.85 W, 1140 MHz, 0 %, 62780 MiB
2026/10/03 12:24:26.477, 3, 46, 41.84 W, 1140 MHz, 0 %, 62796 MiB
2026/10/03 12:24:28.478, 0, 50, 46.58 W, 1140 MHz, 0 %, 62780 MiB
2026/10/03 12:24:28.480, 1, 55, 47.59 W, 1140 MHz, 0 %, 62796 MiB
2026/10/03 12:24:28.480, 2, 45, 42.95 W, 1140 MHz, 0 %, 62780 MiB
2026/10/03 12:24:28.480, 3, 46, 41.84 W, 1140 MHz, 0 %, 62796 MiB
2026/10/03 12:24:30.480, 0, 50, 46.58 W, 1140 MHz, 0 %, 62780 MiB
2026/10/03 12:24:30.481, 1, 55, 47.69 W, 1140 MHz, 0 %, 62796 MiB
2026/10/03 12:24:30.481, 2, 45, 43.13 W, 1140 MHz, 0 %, 62780 MiB
2026/10/03 12:24:30.481, 3, 46, 41.75 W, 1140 MHz, 0 %, 62796 MiB
2026/10/03 12:24:32.482, 0, 50, 46.58 W, 1140 MHz, 0 %, 62780 MiB
2026/10/03 12:24:32.483, 1, 55, 47.50 W, 1140 MHz, 0 %, 62796 MiB
2026/10/03 12:24:32.484, 2, 45, 43.04 W, 1140 MHz, 0 %, 62780 MiB
2026/10/03 12:24:32.484, 3, 46, 42.14 W, 1140 MHz, 0 %, 62796 MiB
2026/10/03 12:24:34.484, 0, 50, 46.47 W, 1140 MHz, 0 %, 62780 MiB
2026/10/03 12:24:34.485, 1, 55, 47.31 W, 1140 MHz, 0 %, 62796 MiB
2026/10/03 12:24:34.485, 2, 45, 43.05 W, 1140 MHz, 0 %, 62780 MiB
2026/10/03 12:24:34.485, 3, 45, 41.94 W, 1140 MHz, 0 %, 62796 MiB
2026/10/03 12:24:36.485, 0, 50, 46.47 W, 1140 MHz, 0 %, 62780 MiB
2026/10/03 12:24:36.486, 1, 55, 47.31 W, 1140 MHz, 0 %, 62796 MiB
2026/10/03 12:24:36.486, 2, 45, 42.85 W, 1140 MHz, 0 %, 62780 MiB
2026/10/03 12:24:36.486, 3, 45, 41.84 W, 1140 MHz, 0 %, 62796 MiB
2026/10/03 12:24:38.487, 0, 50, 46.48 W, 1140 MHz, 0 %, 62780 MiB
2026/10/03 12:24:38.488, 1, 55, 47.31 W, 1140 MHz, 0 %, 62796 MiB
2026/10/03 12:24:38.488, 2, 45, 42.84 W, 1140 MHz, 0 %, 62780 MiB
2026/10/03 12:24:38.488, 3, 45, 41.84 W, 1140 MHz, 0 %, 62796 MiB
2026/10/03 12:24:40.489, 0, 50, 46.77 W, 1140 MHz, 0 %, 62780 MiB
2026/10/03 12:24:40.489, 1, 55, 47.21 W, 1140 MHz, 0 %, 62796 MiB
2026/10/03 12:24:40.489, 2, 45, 42.85 W, 1140 MHz, 0 %, 62780 MiB
2026/10/03 12:24:40.490, 3, 45, 41.84 W, 1140 MHz, 0 %, 62796 MiB
2026/10/03 12:24:42.490, 0, 50, 46.67 W, 1140 MHz, 0 %, 62780 MiB
2026/10/03 12:24:42.492, 1, 55, 47.40 W, 1140 MHz, 0 %, 62796 MiB
2026/10/03 12:24:42.492, 2, 45, 42.97 W, 1140 MHz, 0 %, 62780 MiB
2026/10/03 12:24:42.492, 3, 45, 41.84 W, 1140 MHz, 0 %, 62796 MiB
2026/10/03 12:24:44.493, 0, 50, 46.58 W, 1140 MHz, 0 %, 62780 MiB
2026/10/03 12:24:44.493, 1, 55, 47.31 W, 1140 MHz, 0 %, 62796 MiB
2026/10/03 12:24:44.493, 2, 45, 42.85 W, 1140 MHz, 0 %, 62780 MiB
2026/10/03 12:24:44.493, 3, 45, 41.75 W, 1140 MHz, 0 %, 62796 MiB
2026/10/03 12:24:46.494, 0, 50, 46.48 W, 1140 MHz, 0 %, 62780 MiB
2026/10/03 12:24:46.494, 1, 55, 47.31 W, 1140 MHz, 0 %, 62796 MiB
2026/10/03 12:24:46.494, 2, 45, 42.85 W, 1140 MHz, 0 %, 62780 MiB
2026/10/03 12:24:46.495, 3, 45, 41.84 W, 1140 MHz, 0 %, 62796 MiB
2026/10/03 12:24:48.495, 0, 50, 46.48 W, 1140 MHz, 0 %, 62780 MiB
2026/10/03 12:24:48.496, 1, 55, 47.59 W, 1140 MHz, 0 %, 62796 MiB
2026/10/03 12:24:48.497, 2, 45, 43.13 W, 1140 MHz, 0 %, 62780 MiB
2026/10/03 12:24:48.497, 3, 45, 41.84 W, 1140 MHz, 0 %, 62796 MiB
2026/10/03 12:24:50.497, 0, 50, 46.48 W, 1140 MHz, 0 %, 62780 MiB
2026/10/03 12:24:50.498, 1, 55, 47.31 W, 1140 MHz, 0 %, 62796 MiB
2026/10/03 12:24:50.498, 2, 45, 42.96 W, 1140 MHz, 0 %, 62780 MiB
2026/10/03 12:24:50.498, 3, 45, 41.84 W, 1140 MHz, 0 %, 62796 MiB
2026/10/03 12:24:52.499, 0, 49, 46.48 W, 1140 MHz, 0 %, 62780 MiB
2026/10/03 12:24:52.499, 1, 55, 47.42 W, 1140 MHz, 0 %, 62796 MiB
2026/10/03 12:24:52.499, 2, 45, 42.85 W, 1140 MHz, 0 %, 62780 MiB
2026/10/03 12:24:52.500, 3, 45, 41.94 W, 1140 MHz, 0 %, 62796 MiB
2026/10/03 12:24:54.500, 0, 49, 46.38 W, 1140 MHz, 0 %, 62780 MiB
2026/10/03 12:24:54.500, 1, 55, 47.32 W, 1140 MHz, 0 %, 62796 MiB
2026/10/03 12:24:54.500, 2, 45, 42.94 W, 1140 MHz, 0 %, 62780 MiB
2026/10/03 12:24:54.501, 3, 45, 41.66 W, 1140 MHz, 0 %, 62796 MiB
2026/10/03 12:24:56.501, 0, 52, 72.03 W, 1410 MHz, 99 %, 62780 MiB
2026/10/03 12:24:56.501, 1, 58, 67.60 W, 1245 MHz, 99 %, 62796 MiB
2026/10/03 12:24:56.502, 2, 48, 91.34 W, 1335 MHz, 99 %, 62780 MiB
2026/10/03 12:24:56.502, 3, 48, 153.13 W, 1410 MHz, 96 %, 62796 MiB
2026/10/03 12:24:58.502, 0, 54, 59.51 W, 1365 MHz, 97 %, 62780 MiB
2026/10/03 12:24:58.502, 1, 59, 176.66 W, 1335 MHz, 99 %, 62796 MiB
2026/10/03 12:24:58.503, 2, 49, 75.54 W, 1395 MHz, 99 %, 62780 MiB
2026/10/03 12:24:58.503, 3, 49, 124.04 W, 1410 MHz, 99 %, 62796 MiB
2026/10/03 12:25:00.503, 0, 54, 67.92 W, 1410 MHz, 96 %, 62780 MiB
2026/10/03 12:25:00.503, 1, 59, 141.41 W, 1380 MHz, 99 %, 62796 MiB
2026/10/03 12:25:00.504, 2, 49, 164.99 W, 1380 MHz, 99 %, 62780 MiB
2026/10/03 12:25:00.504, 3, 49, 83.39 W, 1410 MHz, 98 %, 62796 MiB
2026/10/03 12:25:02.504, 0, 51, 54.04 W, 1410 MHz, 0 %, 62780 MiB
2026/10/03 12:25:02.505, 1, 57, 63.76 W, 1410 MHz, 0 %, 62796 MiB
2026/10/03 12:25:02.505, 2, 47, 57.97 W, 1410 MHz, 0 %, 62780 MiB
2026/10/03 12:25:02.505, 3, 47, 47.53 W, 1410 MHz, 0 %, 62796 MiB
2026/10/03 12:25:04.505, 0, 50, 46.76 W, 1140 MHz, 0 %, 62780 MiB
2026/10/03 12:25:04.507, 1, 56, 47.97 W, 1140 MHz, 0 %, 62796 MiB
2026/10/03 12:25:04.507, 2, 46, 43.33 W, 1140 MHz, 0 %, 62780 MiB
2026/10/03 12:25:04.507, 3, 46, 41.94 W, 1140 MHz, 0 %, 62796 MiB
2026/10/03 12:25:06.508, 0, 50, 46.67 W, 1140 MHz, 0 %, 62780 MiB
2026/10/03 12:25:06.508, 1, 56, 47.88 W, 1140 MHz, 0 %, 62796 MiB
2026/10/03 12:25:06.508, 2, 46, 43.03 W, 1140 MHz, 0 %, 62780 MiB
2026/10/03 12:25:06.509, 3, 46, 42.03 W, 1140 MHz, 0 %, 62796 MiB
2026/10/03 12:25:08.509, 0, 50, 46.66 W, 1140 MHz, 0 %, 62780 MiB
2026/10/03 12:25:08.511, 1, 56, 47.60 W, 1140 MHz, 0 %, 62796 MiB
2026/10/03 12:25:08.511, 2, 46, 42.95 W, 1140 MHz, 0 %, 62780 MiB
2026/10/03 12:25:08.511, 3, 46, 41.94 W, 1140 MHz, 0 %, 62796 MiB
2026/10/03 12:25:10.511, 0, 50, 46.67 W, 1140 MHz, 0 %, 62780 MiB
2026/10/03 12:25:10.512, 1, 56, 47.60 W, 1140 MHz, 0 %, 62796 MiB
2026/10/03 12:25:10.512, 2, 45, 42.95 W, 1140 MHz, 0 %, 62780 MiB
2026/10/03 12:25:10.512, 3, 46, 41.84 W, 1140 MHz, 0 %, 62796 MiB
2026/10/03 12:25:12.512, 0, 50, 46.66 W, 1140 MHz, 0 %, 62780 MiB
2026/10/03 12:25:12.513, 1, 56, 47.50 W, 1140 MHz, 0 %, 62796 MiB
2026/10/03 12:25:12.513, 2, 45, 42.95 W, 1140 MHz, 0 %, 62780 MiB
2026/10/03 12:25:12.513, 3, 46, 41.84 W, 1140 MHz, 0 %, 62796 MiB
2026/10/03 12:25:14.514, 0, 50, 46.85 W, 1140 MHz, 0 %, 62780 MiB
2026/10/03 12:25:14.515, 1, 56, 47.50 W, 1140 MHz, 0 %, 62796 MiB
2026/10/03 12:25:14.516, 2, 45, 42.94 W, 1140 MHz, 0 %, 62780 MiB
2026/10/03 12:25:14.516, 3, 46, 41.84 W, 1140 MHz, 0 %, 62796 MiB
2026/10/03 12:25:16.516, 0, 50, 46.67 W, 1140 MHz, 0 %, 62780 MiB
2026/10/03 12:25:16.516, 1, 56, 47.78 W, 1140 MHz, 0 %, 62796 MiB
2026/10/03 12:25:16.517, 2, 45, 42.95 W, 1140 MHz, 0 %, 62780 MiB
2026/10/03 12:25:16.517, 3, 46, 41.94 W, 1140 MHz, 0 %, 62796 MiB
2026/10/03 12:25:18.517, 0, 50, 46.67 W, 1140 MHz, 0 %, 62780 MiB
2026/10/03 12:25:18.518, 1, 56, 47.60 W, 1140 MHz, 0 %, 62796 MiB
2026/10/03 12:25:18.518, 2, 45, 43.13 W, 1140 MHz, 0 %, 62780 MiB
2026/10/03 12:25:18.518, 3, 46, 41.84 W, 1140 MHz, 0 %, 62796 MiB
2026/10/03 12:25:20.519, 0, 50, 46.58 W, 1140 MHz, 0 %, 62780 MiB
2026/10/03 12:25:20.519, 1, 56, 47.50 W, 1140 MHz, 0 %, 62796 MiB
2026/10/03 12:25:20.519, 2, 45, 42.96 W, 1140 MHz, 0 %, 62780 MiB
2026/10/03 12:25:20.519, 3, 46, 41.75 W, 1140 MHz, 0 %, 62796 MiB
2026/10/03 12:25:22.520, 0, 50, 46.48 W, 1140 MHz, 0 %, 62780 MiB
2026/10/03 12:25:22.520, 1, 55, 47.40 W, 1140 MHz, 5 %, 62796 MiB
2026/10/03 12:25:22.521, 2, 45, 43.05 W, 1140 MHz, 0 %, 62780 MiB
2026/10/03 12:25:22.521, 3, 46, 41.75 W, 1140 MHz, 4 %, 62796 MiB
2026/10/03 12:25:24.521, 0, 50, 46.48 W, 1140 MHz, 0 %, 62780 MiB
2026/10/03 12:25:24.523, 1, 55, 47.41 W, 1140 MHz, 0 %, 62796 MiB
2026/10/03 12:25:24.524, 2, 45, 42.85 W, 1140 MHz, 0 %, 62780 MiB
2026/10/03 12:25:24.524, 3, 46, 42.03 W, 1140 MHz, 0 %, 62796 MiB
2026/10/03 12:25:26.524, 0, 50, 46.48 W, 1140 MHz, 0 %, 62780 MiB
2026/10/03 12:25:26.525, 1, 55, 47.31 W, 1140 MHz, 0 %, 62796 MiB
2026/10/03 12:25:26.525, 2, 45, 42.84 W, 1140 MHz, 0 %, 62780 MiB
2026/10/03 12:25:26.525, 3, 46, 41.94 W, 1140 MHz, 0 %, 62796 MiB
2026/10/03 12:25:28.525, 0, 50, 46.47 W, 1140 MHz, 0 %, 62780 MiB
2026/10/03 12:25:28.527, 1, 55, 47.40 W, 1140 MHz, 0 %, 62796 MiB
2026/10/03 12:25:28.527, 2, 45, 42.85 W, 1140 MHz, 0 %, 62780 MiB
2026/10/03 12:25:28.528, 3, 45, 41.84 W, 1140 MHz, 0 %, 62796 MiB
2026/10/03 12:25:30.528, 0, 50, 46.47 W, 1140 MHz, 0 %, 62780 MiB
2026/10/03 12:25:30.528, 1, 55, 47.21 W, 1140 MHz, 0 %, 62796 MiB
2026/10/03 12:25:30.529, 2, 45, 42.84 W, 1140 MHz, 0 %, 62780 MiB
2026/10/03 12:25:30.529, 3, 45, 41.84 W, 1140 MHz, 0 %, 62796 MiB
2026/10/03 12:25:32.529, 0, 50, 46.48 W, 1140 MHz, 0 %, 62780 MiB
2026/10/03 12:25:32.530, 1, 55, 47.21 W, 1140 MHz, 0 %, 62796 MiB
2026/10/03 12:25:32.530, 2, 45, 42.85 W, 1140 MHz, 0 %, 62780 MiB
2026/10/03 12:25:32.530, 3, 45, 41.84 W, 1140 MHz, 0 %, 62796 MiB
2026/10/03 12:25:34.530, 0, 50, 46.76 W, 1140 MHz, 0 %, 62780 MiB
2026/10/03 12:25:34.532, 1, 55, 47.31 W, 1140 MHz, 0 %, 62796 MiB
2026/10/03 12:25:34.533, 2, 45, 42.85 W, 1140 MHz, 0 %, 62780 MiB
2026/10/03 12:25:34.533, 3, 45, 41.75 W, 1140 MHz, 0 %, 62796 MiB
2026/10/03 12:25:36.533, 0, 50, 46.66 W, 1140 MHz, 0 %, 62780 MiB
2026/10/03 12:25:36.533, 1, 55, 47.59 W, 1140 MHz, 0 %, 62796 MiB
2026/10/03 12:25:36.534, 2, 45, 43.14 W, 1140 MHz, 0 %, 62780 MiB
2026/10/03 12:25:36.534, 3, 45, 41.75 W, 1140 MHz, 0 %, 62796 MiB
2026/10/03 12:25:38.534, 0, 50, 46.48 W, 1140 MHz, 0 %, 62780 MiB
2026/10/03 12:25:38.535, 1, 55, 47.31 W, 1140 MHz, 0 %, 62796 MiB
2026/10/03 12:25:38.535, 2, 45, 42.85 W, 1140 MHz, 0 %, 62780 MiB
2026/10/03 12:25:38.535, 3, 45, 41.75 W, 1140 MHz, 0 %, 62796 MiB
2026/10/03 12:25:40.535, 0, 50, 46.48 W, 1140 MHz, 0 %, 62780 MiB
2026/10/03 12:25:40.536, 1, 55, 47.32 W, 1140 MHz, 0 %, 62796 MiB
2026/10/03 12:25:40.536, 2, 45, 42.84 W, 1140 MHz, 0 %, 62780 MiB
2026/10/03 12:25:40.536, 3, 45, 41.75 W, 1140 MHz, 0 %, 62796 MiB
2026/10/03 12:25:42.536, 0, 50, 46.48 W, 1140 MHz, 0 %, 62780 MiB
2026/10/03 12:25:42.537, 1, 55, 47.32 W, 1140 MHz, 0 %, 62796 MiB
2026/10/03 12:25:42.537, 2, 45, 42.76 W, 1140 MHz, 0 %, 62780 MiB
2026/10/03 12:25:42.537, 3, 45, 41.84 W, 1140 MHz, 0 %, 62796 MiB
2026/10/03 12:25:44.538, 0, 53, 68.50 W, 1380 MHz, 99 %, 62780 MiB
2026/10/03 12:25:44.538, 1, 58, 107.45 W, 1365 MHz, 97 %, 62796 MiB
2026/10/03 12:25:44.538, 2, 48, 64.32 W, 1380 MHz, 96 %, 62780 MiB
2026/10/03 12:25:44.538, 3, 47, 114.96 W, 1410 MHz, 96 %, 62796 MiB
2026/10/03 12:25:46.539, 0, 54, 131.11 W, 1365 MHz, 94 %, 62780 MiB
2026/10/03 12:25:46.539, 1, 59, 80.45 W, 1335 MHz, 99 %, 62796 MiB
2026/10/03 12:25:46.539, 2, 48, 107.45 W, 1380 MHz, 99 %, 62780 MiB
2026/10/03 12:25:46.539, 3, 48, 56.11 W, 1410 MHz, 99 %, 62796 MiB
2026/10/03 12:25:48.540, 0, 53, 118.79 W, 1410 MHz, 97 %, 62780 MiB
2026/10/03 12:25:48.540, 1, 59, 81.56 W, 1380 MHz, 99 %, 62796 MiB
2026/10/03 12:25:48.540, 2, 49, 107.12 W, 1395 MHz, 98 %, 62780 MiB
2026/10/03 12:25:48.540, 3, 49, 70.30 W, 1410 MHz, 95 %, 62796 MiB
2026/10/03 12:25:50.541, 0, 52, 54.70 W, 1410 MHz, 15 %, 62780 MiB
2026/10/03 12:25:50.543, 1, 58, 64.73 W, 1410 MHz, 0 %, 62796 MiB
2026/10/03 12:25:50.543, 2, 48, 58.46 W, 1410 MHz, 29 %, 62780 MiB
2026/10/03 12:25:50.543, 3, 47, 48.01 W, 1410 MHz, 0 %, 62796 MiB
2026/10/03 12:25:52.543, 0, 51, 47.14 W, 1140 MHz, 0 %, 62780 MiB
2026/10/03 12:25:52.544, 1, 56, 48.07 W, 1140 MHz, 0 %, 62796 MiB
2026/10/03 12:25:52.544, 2, 46, 43.42 W, 1140 MHz, 0 %, 62780 MiB
2026/10/03 12:25:52.544, 3, 46, 42.24 W, 1140 MHz, 0 %, 62796 MiB
2026/10/03 12:25:54.544, 0, 51, 46.95 W, 1140 MHz, 0 %, 62780 MiB
2026/10/03 12:25:54.548, 1, 56, 47.88 W, 1140 MHz, 0 %, 62796 MiB
2026/10/03 12:25:54.548, 2, 46, 43.23 W, 1140 MHz, 0 %, 62780 MiB
2026/10/03 12:25:54.549, 3, 46, 42.14 W, 1140 MHz, 0 %, 62796 MiB
2026/10/03 12:25:56.550, 0, 50, 46.85 W, 1140 MHz, 0 %, 62780 MiB
2026/10/03 12:25:56.550, 1, 56, 47.88 W, 1140 MHz, 0 %, 62796 MiB
2026/10/03 12:25:56.550, 2, 46, 43.13 W, 1140 MHz, 0 %, 62780 MiB
2026/10/03 12:25:56.550, 3, 46, 42.03 W, 1140 MHz, 0 %, 62796 MiB
2026/10/03 12:25:58.551, 0, 50, 46.85 W, 1140 MHz, 0 %, 62780 MiB
2026/10/03 12:25:58.551, 1, 56, 47.78 W, 1140 MHz, 0 %, 62796 MiB
2026/10/03 12:25:58.551, 2, 46, 43.05 W, 1140 MHz, 0 %, 62780 MiB
2026/10/03 12:25:58.551, 3, 46, 42.33 W, 1140 MHz, 0 %, 62796 MiB
2026/10/03 12:26:00.552, 0, 50, 46.85 W, 1140 MHz, 0 %, 62780 MiB
2026/10/03 12:26:00.554, 1, 56, 47.69 W, 1140 MHz, 0 %, 62796 MiB
2026/10/03 12:26:00.554, 2, 46, 43.05 W, 1140 MHz, 0 %, 62780 MiB
2026/10/03 12:26:00.554, 3, 46, 42.14 W, 1140 MHz, 0 %, 62796 MiB
2026/10/03 12:26:02.555, 0, 50, 46.85 W, 1140 MHz, 0 %, 62780 MiB
2026/10/03 12:26:02.555, 1, 56, 47.69 W, 1140 MHz, 0 %, 62796 MiB
2026/10/03 12:26:02.556, 2, 45, 43.13 W, 1140 MHz, 0 %, 62780 MiB
2026/10/03 12:26:02.556, 3, 46, 41.94 W, 1140 MHz, 0 %, 62796 MiB
2026/10/03 12:26:04.556, 0, 50, 46.85 W, 1140 MHz, 0 %, 62780 MiB
2026/10/03 12:26:04.558, 1, 56, 47.79 W, 1140 MHz, 0 %, 62796 MiB
2026/10/03 12:26:04.558, 2, 45, 43.05 W, 1140 MHz, 0 %, 62780 MiB
2026/10/03 12:26:04.559, 3, 46, 42.03 W, 1140 MHz, 0 %, 62796 MiB
2026/10/03 12:26:06.559, 0, 50, 46.76 W, 1140 MHz, 0 %, 62780 MiB
2026/10/03 12:26:06.560, 1, 56, 47.88 W, 1140 MHz, 0 %, 62796 MiB
2026/10/03 12:26:06.560, 2, 45, 43.43 W, 1140 MHz, 0 %, 62780 MiB
2026/10/03 12:26:06.560, 3, 46, 41.94 W, 1140 MHz, 0 %, 62796 MiB
2026/10/03 12:26:08.560, 0, 50, 47.04 W, 1140 MHz, 0 %, 62780 MiB
2026/10/03 12:26:08.561, 1, 56, 47.78 W, 1140 MHz, 0 %, 62796 MiB
2026/10/03 12:26:08.561, 2, 45, 43.22 W, 1140 MHz, 0 %, 62780 MiB
2026/10/03 12:26:08.561, 3, 46, 41.84 W, 1140 MHz, 0 %, 62796 MiB
2026/10/03 12:26:10.561, 0, 50, 46.87 W, 1140 MHz, 0 %, 62780 MiB
2026/10/03 12:26:10.562, 1, 56, 47.70 W, 1140 MHz, 0 %, 62796 MiB
2026/10/03 12:26:10.562, 2, 45, 43.15 W, 1140 MHz, 0 %, 62780 MiB
2026/10/03 12:26:10.562, 3, 46, 41.75 W, 1140 MHz, 0 %, 62796 MiB
2026/10/03 12:26:12.563, 0, 50, 46.67 W, 1140 MHz, 0 %, 62780 MiB
2026/10/03 12:26:12.563, 1, 56, 47.70 W, 1140 MHz, 0 %, 62796 MiB
2026/10/03 12:26:12.563, 2, 45, 43.13 W, 1140 MHz, 0 %, 62780 MiB
2026/10/03 12:26:12.563, 3, 46, 41.75 W, 1140 MHz, 0 %, 62796 MiB
2026/10/03 12:26:14.564, 0, 50, 46.48 W, 1140 MHz, 0 %, 62780 MiB
2026/10/03 12:26:14.566, 1, 55, 47.40 W, 1140 MHz, 0 %, 62796 MiB
2026/10/03 12:26:14.566, 2, 45, 42.85 W, 1140 MHz, 0 %, 62780 MiB
2026/10/03 12:26:14.566, 3, 46, 41.75 W, 1140 MHz, 0 %, 62796 MiB
2026/10/03 12:26:16.567, 0, 50, 46.58 W, 1140 MHz, 0 %, 62780 MiB
2026/10/03 12:26:16.567, 1, 55, 47.21 W, 1140 MHz, 0 %, 62796 MiB
2026/10/03 12:26:16.567, 2, 45, 42.84 W, 1140 MHz, 0 %, 62780 MiB
2026/10/03 12:26:16.568, 3, 46, 41.75 W, 1140 MHz, 0 %, 62796 MiB
2026/10/03 12:26:18.568, 0, 50, 46.48 W, 1140 MHz, 0 %, 62780 MiB
2026/10/03 12:26:18.568, 1, 55, 47.31 W, 1140 MHz, 0 %, 62796 MiB
2026/10/03 12:26:18.569, 2, 45, 42.76 W, 1140 MHz, 0 %, 62780 MiB
2026/10/03 12:26:18.569, 3, 46, 42.03 W, 1140 MHz, 0 %, 62796 MiB
2026/10/03 12:26:20.569, 0, 50, 46.47 W, 1140 MHz, 0 %, 62780 MiB
2026/10/03 12:26:20.571, 1, 55, 47.31 W, 1140 MHz, 0 %, 62796 MiB
2026/10/03 12:26:20.571, 2, 45, 42.75 W, 1140 MHz, 0 %, 62780 MiB
2026/10/03 12:26:20.571, 3, 46, 41.94 W, 1140 MHz, 0 %, 62796 MiB
2026/10/03 12:26:22.572, 0, 50, 46.47 W, 1140 MHz, 0 %, 62780 MiB
2026/10/03 12:26:22.572, 1, 55, 47.31 W, 1140 MHz, 0 %, 62796 MiB
2026/10/03 12:26:22.572, 2, 45, 42.84 W, 1140 MHz, 0 %, 62780 MiB
2026/10/03 12:26:22.572, 3, 45, 41.84 W, 1140 MHz, 0 %, 62796 MiB
2026/10/03 12:26:24.573, 0, 50, 46.48 W, 1140 MHz, 0 %, 62780 MiB
2026/10/03 12:26:24.573, 1, 55, 47.50 W, 1140 MHz, 0 %, 62796 MiB
2026/10/03 12:26:24.573, 2, 45, 42.76 W, 1140 MHz, 0 %, 62780 MiB
2026/10/03 12:26:24.573, 3, 45, 41.75 W, 1140 MHz, 0 %, 62796 MiB
2026/10/03 12:26:26.574, 0, 50, 46.47 W, 1140 MHz, 0 %, 62780 MiB
2026/10/03 12:26:26.574, 1, 55, 47.40 W, 1140 MHz, 0 %, 62796 MiB
2026/10/03 12:26:26.574, 2, 45, 43.05 W, 1140 MHz, 0 %, 62780 MiB
2026/10/03 12:26:26.575, 3, 45, 41.75 W, 1140 MHz, 0 %, 62796 MiB
2026/10/03 12:26:28.575, 0, 50, 46.66 W, 1140 MHz, 0 %, 62780 MiB
2026/10/03 12:26:28.575, 1, 55, 47.31 W, 1140 MHz, 0 %, 62796 MiB
2026/10/03 12:26:28.575, 2, 45, 43.03 W, 1140 MHz, 0 %, 62780 MiB
2026/10/03 12:26:28.576, 3, 45, 41.75 W, 1140 MHz, 0 %, 62796 MiB
2026/10/03 12:26:30.576, 0, 50, 46.67 W, 1140 MHz, 0 %, 62780 MiB
2026/10/03 12:26:30.577, 1, 55, 47.21 W, 1140 MHz, 0 %, 62796 MiB
2026/10/03 12:26:30.577, 2, 45, 42.85 W, 1140 MHz, 0 %, 62780 MiB
2026/10/03 12:26:30.577, 3, 45, 41.75 W, 1140 MHz, 0 %, 62796 MiB
2026/10/03 12:26:32.577, 0, 52, 150.34 W, 1410 MHz, 99 %, 62780 MiB
2026/10/03 12:26:32.578, 1, 58, 159.30 W, 1230 MHz, 95 %, 62796 MiB
2026/10/03 12:26:32.578, 2, 47, 65.09 W, 1395 MHz, 98 %, 62780 MiB
2026/10/03 12:26:32.578, 3, 47, 61.88 W, 1410 MHz, 98 %, 62796 MiB
2026/10/03 12:26:34.578, 0, 53, 138.46 W, 1395 MHz, 96 %, 62780 MiB
2026/10/03 12:26:34.579, 1, 59, 182.25 W, 1170 MHz, 96 %, 62796 MiB
2026/10/03 12:26:34.579, 2, 49, 97.89 W, 1350 MHz, 99 %, 62780 MiB
2026/10/03 12:26:34.579, 3, 48, 121.78 W, 1410 MHz, 98 %, 62796 MiB
2026/10/03 12:26:36.579, 0, 54, 84.50 W, 1410 MHz, 99 %, 62780 MiB
2026/10/03 12:26:36.580, 1, 59, 99.92 W, 1320 MHz, 99 %, 62796 MiB
2026/10/03 12:26:36.580, 2, 49, 60.96 W, 1395 MHz, 99 %, 62780 MiB
2026/10/03 12:26:36.580, 3, 49, 54.43 W, 1410 MHz, 99 %, 62796 MiB
2026/10/03 12:26:38.581, 0, 52, 58.09 W, 1410 MHz, 68 %, 62780 MiB
2026/10/03 12:26:38.581, 1, 58, 68.84 W, 1410 MHz, 52 %, 62796 MiB
2026/10/03 12:26:38.582, 2, 48, 62.68 W, 1410 MHz, 0 %, 62780 MiB
2026/10/03 12:26:38.582, 3, 48, 51.49 W, 1410 MHz, 62 %, 62796 MiB
2026/10/03 12:26:40.582, 0, 51, 49.36 W, 1140 MHz, 0 %, 62780 MiB
2026/10/03 12:26:40.584, 1, 57, 50.67 W, 1140 MHz, 0 %, 62796 MiB
2026/10/03 12:26:40.584, 2, 47, 45.95 W, 1140 MHz, 0 %, 62780 MiB
2026/10/03 12:26:40.585, 3, 47, 44.55 W, 1140 MHz, 0 %, 62796 MiB
2026/10/03 12:26:42.585, 0, 51, 49.17 W, 1140 MHz, 0 %, 62780 MiB
2026/10/03 12:26:42.585, 1, 56, 50.38 W, 1140 MHz, 0 %, 62796 MiB
2026/10/03 12:26:42.585, 2, 46, 45.86 W, 1140 MHz, 0 %, 62780 MiB
2026/10/03 12:26:42.586, 3, 46, 44.45 W, 1140 MHz, 0 %, 62796 MiB
2026/10/03 12:26:44.586, 0, 51, 49.17 W, 1140 MHz, 0 %, 62780 MiB
2026/10/03 12:26:44.586, 1, 56, 50.29 W, 1140 MHz, 0 %, 62796 MiB
2026/10/03 12:26:44.587, 2, 46, 45.86 W, 1140 MHz, 0 %, 62780 MiB
2026/10/03 12:26:44.587, 3, 46, 44.45 W, 1140 MHz, 0 %, 62796 MiB
2026/10/03 12:26:46.587, 0, 51, 48.97 W, 1140 MHz, 1 %, 62780 MiB
2026/10/03 12:26:46.589, 1, 56, 50.29 W, 1140 MHz, 1 %, 62796 MiB
2026/10/03 12:26:46.589, 2, 46, 45.75 W, 1140 MHz, 0 %, 62780 MiB
2026/10/03 12:26:46.589, 3, 46, 44.26 W, 1140 MHz, 2 %, 62796 MiB
2026/10/03 12:26:48.590, 0, 51, 49.07 W, 1140 MHz, 0 %, 62780 MiB
2026/10/03 12:26:48.590, 1, 56, 50.29 W, 1140 MHz, 0 %, 62796 MiB
2026/10/03 12:26:48.590, 2, 46, 45.65 W, 1140 MHz, 0 %, 62780 MiB
2026/10/03 12:26:48.591, 3, 46, 44.26 W, 1140 MHz, 0 %, 62796 MiB
2026/10/03 12:26:50.591, 0, 51, 49.07 W, 1140 MHz, 0 %, 62780 MiB
2026/10/03 12:26:50.592, 1, 56, 50.19 W, 1140 MHz, 0 %, 62796 MiB
2026/10/03 12:26:50.592, 2, 46, 45.75 W, 1140 MHz, 0 %, 62780 MiB
2026/10/03 12:26:50.593, 3, 46, 44.26 W, 1140 MHz, 0 %, 62796 MiB
2026/10/03 12:26:52.593, 0, 51, 49.07 W, 1140 MHz, 0 %, 62780 MiB
2026/10/03 12:26:52.593, 1, 56, 50.19 W, 1140 MHz, 0 %, 62796 MiB
2026/10/03 12:26:52.594, 2, 46, 45.65 W, 1140 MHz, 0 %, 62780 MiB
2026/10/03 12:26:52.594, 3, 46, 44.36 W, 1140 MHz, 0 %, 62796 MiB
2026/10/03 12:26:54.594, 0, 53, 109.80 W, 1410 MHz, 95 %, 62780 MiB
2026/10/03 12:26:54.595, 1, 60, 165.63 W, 1365 MHz, 94 %, 62796 MiB
2026/10/03 12:26:54.595, 2, 50, 147.67 W, 1350 MHz, 96 %, 62780 MiB
2026/10/03 12:26:54.596, 3, 49, 99.85 W, 1410 MHz, 95 %, 62796 MiB
2026/10/03 12:26:56.596, 0, 51, 54.25 W, 1410 MHz, 0 %, 62780 MiB
2026/10/03 12:26:56.598, 1, 57, 63.66 W, 1410 MHz, 0 %, 62796 MiB
2026/10/03 12:26:56.598, 2, 47, 58.27 W, 1410 MHz, 0 %, 62780 MiB
2026/10/03 12:26:56.598, 3, 47, 47.91 W, 1410 MHz, 0 %, 62796 MiB
2026/10/03 12:26:58.599, 0, 51, 47.04 W, 1140 MHz, 0 %, 62780 MiB
2026/10/03 12:26:58.599, 1, 56, 47.88 W, 1140 MHz, 0 %, 62796 MiB
2026/10/03 12:26:58.599, 2, 46, 43.32 W, 1140 MHz, 0 %, 62780 MiB
2026/10/03 12:26:58.600, 3, 46, 42.24 W, 1140 MHz, 0 %, 62796 MiB
2026/10/03 12:27:00.600, 0, 51, 47.14 W, 1140 MHz, 0 %, 62780 MiB
2026/10/03 12:27:00.601, 1, 56, 47.88 W, 1140 MHz, 0 %, 62796 MiB
2026/10/03 12:27:00.601, 2, 46, 43.22 W, 1140 MHz, 0 %, 62780 MiB
2026/10/03 12:27:00.602, 3, 46, 42.14 W, 1140 MHz, 0 %, 62796 MiB
2026/10/03 12:27:02.602, 0, 50, 47.04 W, 1140 MHz, 0 %, 62780 MiB
2026/10/03 12:27:02.602, 1, 56, 47.88 W, 1140 MHz, 0 %, 62796 MiB
2026/10/03 12:27:02.603, 2, 46, 43.13 W, 1140 MHz, 0 %, 62780 MiB
2026/10/03 12:27:02.603, 3, 46, 42.03 W, 1140 MHz, 0 %, 62796 MiB
2026/10/03 12:27:04.603, 0, 50, 46.85 W, 1140 MHz, 0 %, 62780 MiB
2026/10/03 12:27:04.603, 1, 56, 47.78 W, 1140 MHz, 0 %, 62796 MiB
2026/10/03 12:27:04.604, 2, 46, 43.13 W, 1140 MHz, 0 %, 62780 MiB
2026/10/03 12:27:04.604, 3, 46, 42.13 W, 1140 MHz, 0 %, 62796 MiB
2026/10/03 12:27:06.604, 0, 50, 46.95 W, 1140 MHz, 0 %, 62780 MiB
2026/10/03 12:27:06.606, 1, 56, 47.78 W, 1140 MHz, 0 %, 62796 MiB
2026/10/03 12:27:06.606, 2, 46, 43.03 W, 1140 MHz, 0 %, 62780 MiB
2026/10/03 12:27:06.607, 3, 46, 42.13 W, 1140 MHz, 0 %, 62796 MiB
2026/10/03 12:27:08.607, 0, 50, 46.85 W, 1140 MHz, 0 %, 62780 MiB
2026/10/03 12:27:08.607, 1, 56, 48.07 W, 1140 MHz, 0 %, 62796 MiB
2026/10/03 12:27:08.608, 2, 46, 43.13 W, 1140 MHz, 0 %, 62780 MiB
2026/10/03 12:27:08.608, 3, 46, 41.94 W, 1140 MHz, 0 %, 62796 MiB
2026/10/03 12:27:10.608, 0, 50, 46.87 W, 1140 MHz, 0 %, 62780 MiB
2026/10/03 12:27:10.609, 1, 56, 47.88 W, 1140 MHz, 0 %, 62796 MiB
2026/10/03 12:27:10.609, 2, 46, 43.13 W, 1140 MHz, 0 %, 62780 MiB
2026/10/03 12:27:10.609, 3, 46, 42.24 W, 1140 MHz, 0 %, 62796 MiB
2026/10/03 12:27:12.610, 0, 50, 46.77 W, 1140 MHz, 0 %, 62780 MiB
2026/10/03 12:27:12.610, 1, 56, 47.69 W, 1140 MHz, 0 %, 62796 MiB
2026/10/03 12:27:12.610, 2, 45, 43.22 W, 1140 MHz, 0 %, 62780 MiB
2026/10/03 12:27:12.611, 3, 46, 42.14 W, 1140 MHz, 0 %, 62796 MiB
2026/10/03 12:27:14.611, 0, 50, 46.87 W, 1140 MHz, 0 %, 62780 MiB
2026/10/03 12:27:14.611, 1, 56, 47.69 W, 1140 MHz, 0 %, 62796 MiB
2026/10/03 12:27:14.612, 2, 45, 43.13 W, 1140 MHz, 0 %, 62780 MiB
2026/10/03 12:27:14.612, 3, 46, 41.94 W, 1140 MHz, 0 %, 62796 MiB
2026/10/03 12:27:16.612, 0, 50, 46.87 W, 1140 MHz, 0 %, 62780 MiB
2026/10/03 12:27:16.613, 1, 56, 47.69 W, 1140 MHz, 0 %, 62796 MiB
2026/10/03 12:27:16.613, 2, 45, 43.15 W, 1140 MHz, 0 %, 62780 MiB
2026/10/03 12:27:16.614, 3, 46, 41.94 W, 1140 MHz, 0 %, 62796 MiB
2026/10/03 12:27:18.614, 0, 50, 46.87 W, 1140 MHz, 0 %, 62780 MiB
2026/10/03 12:27:18.615, 1, 56, 47.50 W, 1140 MHz, 0 %, 62796 MiB
2026/10/03 12:27:18.615, 2, 45, 43.05 W, 1140 MHz, 0 %, 62780 MiB
2026/10/03 12:27:18.615, 3, 46, 41.75 W, 1140 MHz, 0 %, 62796 MiB
2026/10/03 12:27:20.615, 0, 50, 46.66 W, 1140 MHz, 0 %, 62780 MiB
2026/10/03 12:27:20.616, 1, 56, 47.69 W, 1140 MHz, 0 %, 62796 MiB
2026/10/03 12:27:20.616, 2, 45, 42.84 W, 1140 MHz, 0 %, 62780 MiB
2026/10/03 12:27:20.616, 3, 46, 41.84 W, 1140 MHz, 0 %, 62796 MiB
2026/10/03 12:27:22.616, 0, 50, 46.57 W, 1140 MHz, 0 %, 62780 MiB
2026/10/03 12:27:22.618, 1, 56, 47.31 W, 1140 MHz, 0 %, 62796 MiB
2026/10/03 12:27:22.618, 2, 45, 42.85 W, 1140 MHz, 0 %, 62780 MiB
2026/10/03 12:27:22.618, 3, 46, 41.84 W, 1140 MHz, 0 %, 62796 MiB
2026/10/03 12:27:24.619, 0, 50, 46.57 W, 1140 MHz, 0 %, 62780 MiB
2026/10/03 12:27:24.619, 1, 55, 47.40 W, 1140 MHz, 0 %, 62796 MiB
2026/10/03 12:27:24.619, 2, 45, 42.85 W, 1140 MHz, 0 %, 62780 MiB
2026/10/03 12:27:24.619, 3, 46, 41.75 W, 1140 MHz, 0 %, 62796 MiB
2026/10/03 12:27:26.620, 0, 50, 46.48 W, 1140 MHz, 0 %, 62780 MiB
2026/10/03 12:27:26.622, 1, 55, 47.40 W, 1140 MHz, 0 %, 62796 MiB
2026/10/03 12:27:26.622, 2, 45, 42.87 W, 1140 MHz, 0 %, 62780 MiB
2026/10/03 12:27:26.622, 3, 46, 41.75 W, 1140 MHz, 0 %, 62796 MiB
2026/10/03 12:27:28.622, 0, 50, 46.57 W, 1140 MHz, 0 %, 62780 MiB
2026/10/03 12:27:28.623, 1, 55, 47.59 W, 1140 MHz, 0 %, 62796 MiB
2026/10/03 12:27:28.623, 2, 45, 42.84 W, 1140 MHz, 0 %, 62780 MiB
2026/10/03 12:27:28.623, 3, 46, 41.75 W, 1140 MHz, 0 %, 62796 MiB
2026/10/03 12:27:30.623, 0, 50, 46.58 W, 1140 MHz, 0 %, 62780 MiB
2026/10/03 12:27:30.624, 1, 55, 47.40 W, 1140 MHz, 0 %, 62796 MiB
2026/10/03 12:27:30.624, 2, 45, 43.05 W, 1140 MHz, 0 %, 62780 MiB
2026/10/03 12:27:30.624, 3, 46, 41.94 W, 1140 MHz, 0 %, 62796 MiB
2026/10/03 12:27:32.625, 0, 50, 46.47 W, 1140 MHz, 0 %, 62780 MiB
2026/10/03 12:27:32.626, 1, 55, 47.40 W, 1140 MHz, 0 %, 62796 MiB
2026/10/03 12:27:32.626, 2, 45, 42.87 W, 1140 MHz, 0 %, 62780 MiB
2026/10/03 12:27:32.626, 3, 45, 41.84 W, 1140 MHz, 0 %, 62796 MiB
2026/10/03 12:27:34.627, 0, 50, 46.47 W, 1140 MHz, 0 %, 62780 MiB
2026/10/03 12:27:34.627, 1, 55, 47.31 W, 1140 MHz, 0 %, 62796 MiB
2026/10/03 12:27:34.627, 2, 45, 42.85 W, 1140 MHz, 0 %, 62780 MiB
2026/10/03 12:27:34.627, 3, 45, 41.84 W, 1140 MHz, 0 %, 62796 MiB
2026/10/03 12:27:36.628, 0, 50, 46.48 W, 1140 MHz, 0 %, 62780 MiB
2026/10/03 12:27:36.628, 1, 55, 47.23 W, 1140 MHz, 0 %, 62796 MiB
2026/10/03 12:27:36.628, 2, 45, 42.84 W, 1140 MHz, 0 %, 62780 MiB
2026/10/03 12:27:36.629, 3, 45, 41.75 W, 1140 MHz, 0 %, 62796 MiB
2026/10/03 12:27:38.629, 0, 52, 60.09 W, 1410 MHz, 99 %, 62780 MiB
2026/10/03 12:27:38.629, 1, 57, 109.21 W, 1395 MHz, 99 %, 62796 MiB
2026/10/03 12:27:38.630, 2, 47, 61.74 W, 1395 MHz, 98 %, 62780 MiB
2026/10/03 12:27:38.630, 3, 47, 67.31 W, 1410 MHz, 97 %, 62796 MiB
2026/10/03 12:27:40.630, 0, 54, 96.82 W, 1410 MHz, 96 %, 62780 MiB
2026/10/03 12:27:40.630, 1, 59, 182.73 W, 1320 MHz, 99 %, 62796 MiB
2026/10/03 12:27:40.631, 2, 49, 75.42 W, 1395 MHz, 99 %, 62780 MiB
2026/10/03 12:27:40.631, 3, 48, 66.60 W, 1410 MHz, 98 %, 62796 MiB
2026/10/03 12:27:42.631, 0, 54, 80.18 W, 1410 MHz, 98 %, 62780 MiB
2026/10/03 12:27:42.632, 1, 59, 154.05 W, 1380 MHz, 99 %, 62796 MiB
2026/10/03 12:27:42.632, 2, 49, 179.46 W, 1380 MHz, 96 %, 62780 MiB
2026/10/03 12:27:42.632, 3, 48, 137.56 W, 1410 MHz, 96 %, 62796 MiB
2026/10/03 12:27:44.632, 0, 52, 54.44 W, 1410 MHz, 5 %, 62780 MiB
2026/10/03 12:27:44.633, 1, 58, 63.95 W, 1410 MHz, 71 %, 62796 MiB
2026/10/03 12:27:44.634, 2, 48, 58.17 W, 1410 MHz, 0 %, 62780 MiB
2026/10/03 12:27:44.635, 3, 48, 48.29 W, 1410 MHz, 99 %, 62796 MiB
2026/10/03 12:27:46.636, 0, 51, 47.04 W, 1140 MHz, 0 %, 62780 MiB
2026/10/03 12:27:46.638, 1, 57, 48.07 W, 1140 MHz, 0 %, 62796 MiB
2026/10/03 12:27:46.638, 2, 46, 43.32 W, 1140 MHz, 0 %, 62780 MiB
2026/10/03 12:27:46.638, 3, 47, 42.33 W, 1140 MHz, 0 %, 62796 MiB
2026/10/03 12:27:48.638, 0, 51, 46.95 W, 1140 MHz, 0 %, 62780 MiB
2026/10/03 12:27:48.639, 1, 56, 47.88 W, 1140 MHz, 0 %, 62796 MiB
2026/10/03 12:27:48.639, 2, 46, 43.03 W, 1140 MHz, 0 %, 62780 MiB
2026/10/03 12:27:48.639, 3, 46, 42.13 W, 1140 MHz, 0 %, 62796 MiB
2026/10/03 12:27:50.639, 0, 51, 47.14 W, 1140 MHz, 0 %, 62780 MiB
2026/10/03 12:27:50.640, 1, 56, 47.79 W, 1140 MHz, 0 %, 62796 MiB
2026/10/03 12:27:50.640, 2, 46, 43.03 W, 1140 MHz, 0 %, 62780 MiB
2026/10/03 12:27:50.640, 3, 46, 41.94 W, 1140 MHz, 0 %, 62796 MiB
2026/10/03 12:27:52.641, 0, 50, 47.04 W, 1140 MHz, 0 %, 62780 MiB
2026/10/03 12:27:52.642, 1, 56, 47.69 W, 1140 MHz, 0 %, 62796 MiB
2026/10/03 12:27:52.643, 2, 46, 43.03 W, 1140 MHz, 0 %, 62780 MiB
2026/10/03 12:27:52.643, 3, 46, 41.94 W, 1140 MHz, 0 %, 62796 MiB
2026/10/03 12:27:54.643, 0, 50, 46.87 W, 1140 MHz, 0 %, 62780 MiB
2026/10/03 12:27:54.644, 1, 56, 48.07 W, 1140 MHz, 0 %, 62796 MiB
2026/10/03 12:27:54.644, 2, 46, 43.05 W, 1140 MHz, 0 %, 62780 MiB
2026/10/03 12:27:54.644, 3, 46, 42.03 W, 1140 MHz, 0 %, 62796 MiB
2026/10/03 12:27:56.644, 0, 50, 46.85 W, 1140 MHz, 0 %, 62780 MiB
2026/10/03 12:27:56.645, 1, 56, 47.78 W, 1140 MHz, 0 %, 62796 MiB
2026/10/03 12:27:56.645, 2, 46, 43.32 W, 1140 MHz, 0 %, 62780 MiB
2026/10/03 12:27:56.645, 3, 46, 42.13 W, 1140 MHz, 0 %, 62796 MiB
2026/10/03 12:27:58.645, 0, 50, 46.85 W, 1140 MHz, 0 %, 62780 MiB
2026/10/03 12:27:58.647, 1, 56, 47.78 W, 1140 MHz, 0 %, 62796 MiB
2026/10/03 12:27:58.647, 2, 46, 43.22 W, 1140 MHz, 0 %, 62780 MiB
2026/10/03 12:27:58.647, 3, 46, 42.13 W, 1140 MHz, 0 %, 62796 MiB
2026/10/03 12:28:00.648, 0, 50, 46.87 W, 1140 MHz, 0 %, 62780 MiB
2026/10/03 12:28:00.648, 1, 56, 47.59 W, 1140 MHz, 0 %, 62796 MiB
2026/10/03 12:28:00.648, 2, 45, 43.14 W, 1140 MHz, 0 %, 62780 MiB
2026/10/03 12:28:00.648, 3, 46, 42.03 W, 1140 MHz, 0 %, 62796 MiB
2026/10/03 12:28:02.649, 0, 50, 46.76 W, 1140 MHz, 0 %, 62780 MiB
2026/10/03 12:28:02.650, 1, 56, 47.59 W, 1140 MHz, 0 %, 62796 MiB
2026/10/03 12:28:02.650, 2, 45, 43.03 W, 1140 MHz, 0 %, 62780 MiB
2026/10/03 12:28:02.651, 3, 46, 42.24 W, 1140 MHz, 0 %, 62796 MiB
2026/10/03 12:28:04.651, 0, 50, 46.67 W, 1140 MHz, 0 %, 62780 MiB
2026/10/03 12:28:04.651, 1, 56, 47.59 W, 1140 MHz, 0 %, 62796 MiB
2026/10/03 12:28:04.651, 2, 45, 43.05 W, 1140 MHz, 0 %, 62780 MiB
2026/10/03 12:28:04.652, 3, 46, 42.14 W, 1140 MHz, 0 %, 62796 MiB
2026/10/03 12:28:06.652, 0, 50, 46.66 W, 1140 MHz, 4 %, 62780 MiB
2026/10/03 12:28:06.653, 1, 56, 47.60 W, 1140 MHz, 5 %, 62796 MiB
2026/10/03 12:28:06.653, 2, 45, 43.03 W, 1140 MHz, 4 %, 62780 MiB
2026/10/03 12:28:06.653, 3, 46, 41.94 W, 1140 MHz, 8 %, 62796 MiB
2026/10/03 12:28:08.653, 0, 50, 46.66 W, 1140 MHz, 0 %, 62780 MiB
2026/10/03 12:28:08.655, 1, 56, 47.51 W, 1140 MHz, 0 %, 62796 MiB
2026/10/03 12:28:08.656, 2, 45, 43.04 W, 1140 MHz, 0 %, 62780 MiB
2026/10/03 12:28:08.656, 3, 46, 42.03 W, 1140 MHz, 0 %, 62796 MiB
2026/10/03 12:28:10.656, 0, 50, 46.85 W, 1140 MHz, 0 %, 62780 MiB
2026/10/03 12:28:10.657, 1, 56, 47.40 W, 1140 MHz, 0 %, 62796 MiB
2026/10/03 12:28:10.657, 2, 45, 43.03 W, 1140 MHz, 0 %, 62780 MiB
2026/10/03 12:28:10.657, 3, 46, 41.94 W, 1140 MHz, 0 %, 62796 MiB
2026/10/03 12:28:12.657, 0, 50, 46.76 W, 1140 MHz, 0 %, 62780 MiB
2026/10/03 12:28:12.660, 1, 55, 47.88 W, 1140 MHz, 0 %, 62796 MiB
2026/10/03 12:28:12.660, 2, 45, 43.03 W, 1140 MHz, 0 %, 62780 MiB
2026/10/03 12:28:12.660, 3, 46, 42.03 W, 1140 MHz, 0 %, 62796 MiB
2026/10/03 12:28:14.660, 0, 50, 46.66 W, 1140 MHz, 0 %, 62780 MiB
2026/10/03 12:28:14.661, 1, 55, 47.78 W, 1140 MHz, 0 %, 62796 MiB
2026/10/03 12:28:14.661, 2, 45, 43.22 W, 1140 MHz, 0 %, 62780 MiB
2026/10/03 12:28:14.661, 3, 46, 42.03 W, 1140 MHz, 0 %, 62796 MiB
2026/10/03 12:28:16.661, 0, 50, 46.67 W, 1140 MHz, 0 %, 62780 MiB
2026/10/03 12:28:16.662, 1, 55, 47.59 W, 1140 MHz, 0 %, 62796 MiB
2026/10/03 12:28:16.662, 2, 45, 43.14 W, 1140 MHz, 0 %, 62780 MiB
2026/10/03 12:28:16.662, 3, 46, 41.75 W, 1140 MHz, 0 %, 62796 MiB
2026/10/03 12:28:18.662, 0, 50, 46.67 W, 1140 MHz, 0 %, 62780 MiB
2026/10/03 12:28:18.665, 1, 55, 47.49 W, 1140 MHz, 0 %, 62796 MiB
2026/10/03 12:28:18.665, 2, 45, 43.03 W, 1140 MHz, 0 %, 62780 MiB
2026/10/03 12:28:18.665, 3, 46, 41.75 W, 1140 MHz, 0 %, 62796 MiB
2026/10/03 12:28:20.665, 0, 50, 46.66 W, 1140 MHz, 0 %, 62780 MiB
2026/10/03 12:28:20.666, 1, 55, 47.50 W, 1140 MHz, 0 %, 62796 MiB
2026/10/03 12:28:20.666, 2, 45, 42.94 W, 1140 MHz, 0 %, 62780 MiB
2026/10/03 12:28:20.666, 3, 45, 42.03 W, 1140 MHz, 0 %, 62796 MiB
2026/10/03 12:28:22.666, 0, 50, 46.57 W, 1140 MHz, 0 %, 62780 MiB
2026/10/03 12:28:22.668, 1, 55, 47.50 W, 1140 MHz, 0 %, 62796 MiB
2026/10/03 12:28:22.668, 2, 45, 43.05 W, 1140 MHz, 0 %, 62780 MiB
2026/10/03 12:28:22.668, 3, 45, 41.84 W, 1140 MHz, 0 %, 62796 MiB
2026/10/03 12:28:24.668, 0, 50, 46.67 W, 1140 MHz, 0 %, 62780 MiB
2026/10/03 12:28:24.669, 1, 55, 47.40 W, 1140 MHz, 0 %, 62796 MiB
2026/10/03 12:28:24.669, 2, 45, 42.85 W, 1140 MHz, 0 %, 62780 MiB
2026/10/03 12:28:24.669, 3, 45, 41.75 W, 1140 MHz, 0 %, 62796 MiB
2026/10/03 12:28:26.670, 0, 50, 46.48 W, 1140 MHz, 0 %, 62780 MiB
2026/10/03 12:28:26.670, 1, 55, 47.59 W, 1140 MHz, 0 %, 62796 MiB
2026/10/03 12:28:26.670, 2, 45, 42.96 W, 1140 MHz, 0 %, 62780 MiB
2026/10/03 12:28:26.670, 3, 45, 41.84 W, 1140 MHz, 0 %, 62796 MiB
2026/10/03 12:28:28.671, 0, 50, 46.67 W, 1140 MHz, 0 %, 62780 MiB
2026/10/03 12:28:28.671, 1, 55, 47.32 W, 1140 MHz, 0 %, 62796 MiB
2026/10/03 12:28:28.672, 2, 45, 42.76 W, 1140 MHz, 0 %, 62780 MiB
2026/10/03 12:28:28.672, 3, 45, 41.65 W, 1140 MHz, 0 %, 62796 MiB
2026/10/03 12:28:30.672, 0, 53, 59.99 W, 1410 MHz, 99 %, 62780 MiB
2026/10/03 12:28:30.672, 1, 58, 66.15 W, 1395 MHz, 97 %, 62796 MiB
2026/10/03 12:28:30.673, 2, 49, 92.77 W, 1395 MHz, 99 %, 62780 MiB
2026/10/03 12:28:30.673, 3, 48, 130.46 W, 1410 MHz, 99 %, 62796 MiB
2026/10/03 12:28:32.673, 0, 54, 76.97 W, 1350 MHz, 99 %, 62780 MiB
2026/10/03 12:28:32.674, 1, 59, 147.84 W, 1245 MHz, 98 %, 62796 MiB
2026/10/03 12:28:32.674, 2, 49, 60.77 W, 1395 MHz, 99 %, 62780 MiB
2026/10/03 12:28:32.674, 3, 49, 58.63 W, 1410 MHz, 99 %, 62796 MiB
2026/10/03 12:28:34.674, 0, 54, 79.65 W, 1410 MHz, 99 %, 62780 MiB
2026/10/03 12:28:34.675, 1, 59, 138.82 W, 1395 MHz, 99 %, 62796 MiB
2026/10/03 12:28:34.675, 2, 49, 61.73 W, 1380 MHz, 99 %, 62780 MiB
2026/10/03 12:28:34.675, 3, 49, 137.36 W, 1410 MHz, 99 %, 62796 MiB
2026/10/03 12:28:36.675, 0, 51, 53.95 W, 1410 MHz, 0 %, 62780 MiB
2026/10/03 12:28:36.676, 1, 57, 63.47 W, 1410 MHz, 0 %, 62796 MiB
2026/10/03 12:28:36.676, 2, 47, 57.50 W, 1410 MHz, 0 %, 62780 MiB
2026/10/03 12:28:36.676, 3, 47, 47.71 W, 1410 MHz, 0 %, 62796 MiB
2026/10/03 12:28:38.677, 0, 51, 46.85 W, 1140 MHz, 0 %, 62780 MiB
2026/10/03 12:28:38.678, 1, 56, 47.88 W, 1140 MHz, 0 %, 62796 MiB
2026/10/03 12:28:38.678, 2, 46, 43.03 W, 1140 MHz, 0 %, 62780 MiB
2026/10/03 12:28:38.679, 3, 46, 42.13 W, 1140 MHz, 0 %, 62796 MiB
2026/10/03 12:28:40.679, 0, 51, 46.85 W, 1140 MHz, 0 %, 62780 MiB
2026/10/03 12:28:40.679, 1, 56, 47.69 W, 1140 MHz, 0 %, 62796 MiB
2026/10/03 12:28:40.680, 2, 46, 43.04 W, 1140 MHz, 0 %, 62780 MiB
2026/10/03 12:28:40.680, 3, 46, 42.03 W, 1140 MHz, 0 %, 62796 MiB
2026/10/03 12:28:42.680, 0, 50, 46.85 W, 1140 MHz, 0 %, 62780 MiB
2026/10/03 12:28:42.681, 1, 56, 47.97 W, 1140 MHz, 0 %, 62796 MiB
2026/10/03 12:28:42.681, 2, 46, 43.05 W, 1140 MHz, 0 %, 62780 MiB
2026/10/03 12:28:42.681, 3, 46, 42.03 W, 1140 MHz, 0 %, 62796 MiB
2026/10/03 12:28:44.681, 0, 50, 46.85 W, 1140 MHz, 0 %, 62780 MiB
2026/10/03 12:28:44.683, 1, 56, 47.78 W, 1140 MHz, 0 %, 62796 MiB
2026/10/03 12:28:44.683, 2, 46, 43.33 W, 1140 MHz, 0 %, 62780 MiB
2026/10/03 12:28:44.684, 3, 46, 42.03 W, 1140 MHz, 0 %, 62796 MiB
2026/10/03 12:28:46.684, 0, 50, 46.76 W, 1140 MHz, 0 %, 62780 MiB
2026/10/03 12:28:46.684, 1, 56, 47.69 W, 1140 MHz, 0 %, 62796 MiB
2026/10/03 12:28:46.684, 2, 45, 43.13 W, 1140 MHz, 0 %, 62780 MiB
2026/10/03 12:28:46.685, 3, 46, 41.84 W, 1140 MHz, 0 %, 62796 MiB
2026/10/03 12:28:48.685, 0, 50, 46.76 W, 1140 MHz, 0 %, 62780 MiB
2026/10/03 12:28:48.687, 1, 56, 47.60 W, 1140 MHz, 0 %, 62796 MiB
2026/10/03 12:28:48.687, 2, 45, 43.04 W, 1140 MHz, 0 %, 62780 MiB
2026/10/03 12:28:48.687, 3, 46, 41.94 W, 1140 MHz, 0 %, 62796 MiB
2026/10/03 12:28:50.687, 0, 50, 46.66 W, 1140 MHz, 0 %, 62780 MiB
2026/10/03 12:28:50.688, 1, 56, 47.59 W, 1140 MHz, 0 %, 62796 MiB
2026/10/03 12:28:50.688, 2, 45, 42.95 W, 1140 MHz, 0 %, 62780 MiB
2026/10/03 12:28:50.688, 3, 46, 41.94 W, 1140 MHz, 0 %, 62796 MiB
2026/10/03 12:28:52.688, 0, 50, 46.66 W, 1140 MHz, 0 %, 62780 MiB
2026/10/03 12:28:52.689, 1, 56, 47.59 W, 1140 MHz, 0 %, 62796 MiB
2026/10/03 12:28:52.689, 2, 45, 43.03 W, 1140 MHz, 0 %, 62780 MiB
2026/10/03 12:28:52.690, 3, 46, 42.24 W, 1140 MHz, 0 %, 62796 MiB
2026/10/03 12:28:54.690, 0, 50, 46.66 W, 1140 MHz, 0 %, 62780 MiB
2026/10/03 12:28:54.691, 1, 56, 47.50 W, 1140 MHz, 0 %, 62796 MiB
2026/10/03 12:28:54.691, 2, 45, 42.84 W, 1140 MHz, 0 %, 62780 MiB
2026/10/03 12:28:54.692, 3, 46, 42.13 W, 1140 MHz, 0 %, 62796 MiB
2026/10/03 12:28:56.692, 0, 50, 46.58 W, 1140 MHz, 0 %, 62780 MiB
2026/10/03 12:28:56.692, 1, 56, 47.40 W, 1140 MHz, 5 %, 62796 MiB
2026/10/03 12:28:56.693, 2, 45, 42.84 W, 1140 MHz, 0 %, 62780 MiB
2026/10/03 12:28:56.693, 3, 46, 41.84 W, 1140 MHz, 0 %, 62796 MiB
2026/10/03 12:28:58.693, 0, 50, 46.66 W, 1140 MHz, 0 %, 62780 MiB
2026/10/03 12:28:58.695, 1, 56, 47.41 W, 1140 MHz, 0 %, 62796 MiB
2026/10/03 12:28:58.696, 2, 45, 42.95 W, 1140 MHz, 0 %, 62780 MiB
2026/10/03 12:28:58.696, 3, 46, 41.84 W, 1140 MHz, 0 %, 62796 MiB
2026/10/03 12:29:00.696, 0, 50, 46.67 W, 1140 MHz, 0 %, 62780 MiB
2026/10/03 12:29:00.697, 1, 56, 47.40 W, 1140 MHz, 0 %, 62796 MiB
2026/10/03 12:29:00.697, 2, 45, 42.95 W, 1140 MHz, 0 %, 62780 MiB
2026/10/03 12:29:00.697, 3, 46, 42.03 W, 1140 MHz, 0 %, 62796 MiB
2026/10/03 12:29:02.698, 0, 50, 46.85 W, 1140 MHz, 0 %, 62780 MiB
2026/10/03 12:29:02.698, 1, 55, 47.78 W, 1140 MHz, 0 %, 62796 MiB
2026/10/03 12:29:02.699, 2, 45, 43.22 W, 1140 MHz, 0 %, 62780 MiB
2026/10/03 12:29:02.699, 3, 46, 41.84 W, 1140 MHz, 0 %, 62796 MiB
2026/10/03 12:29:04.699, 0, 50, 46.76 W, 1140 MHz, 0 %, 62780 MiB
2026/10/03 12:29:04.701, 1, 55, 47.50 W, 1140 MHz, 0 %, 62796 MiB
2026/10/03 12:29:04.702, 2, 45, 42.95 W, 1140 MHz, 0 %, 62780 MiB
2026/10/03 12:29:04.702, 3, 46, 41.94 W, 1140 MHz, 0 %, 62796 MiB
2026/10/03 12:29:06.702, 0, 50, 46.66 W, 1140 MHz, 0 %, 62780 MiB
2026/10/03 12:29:06.702, 1, 55, 47.40 W, 1140 MHz, 0 %, 62796 MiB
2026/10/03 12:29:06.703, 2, 45, 43.05 W, 1140 MHz, 0 %, 62780 MiB
2026/10/03 12:29:06.703, 3, 46, 41.75 W, 1140 MHz, 0 %, 62796 MiB
2026/10/03 12:29:08.703, 0, 50, 46.67 W, 1140 MHz, 0 %, 62780 MiB
2026/10/03 12:29:08.705, 1, 55, 47.50 W, 1140 MHz, 0 %, 62796 MiB
2026/10/03 12:29:08.705, 2, 45, 42.97 W, 1140 MHz, 0 %, 62780 MiB
2026/10/03 12:29:08.706, 3, 46, 41.84 W, 1140 MHz, 0 %, 62796 MiB
2026/10/03 12:29:10.706, 0, 50, 46.67 W, 1140 MHz, 0 %, 62780 MiB
2026/10/03 12:29:10.706, 1, 55, 47.41 W, 1140 MHz, 0 %, 62796 MiB
2026/10/03 12:29:10.707, 2, 45, 42.84 W, 1140 MHz, 0 %, 62780 MiB
2026/10/03 12:29:10.707, 3, 46, 41.94 W, 1140 MHz, 0 %, 62796 MiB
2026/10/03 12:29:12.707, 0, 50, 46.57 W, 1140 MHz, 0 %, 62780 MiB
2026/10/03 12:29:12.707, 1, 55, 47.40 W, 1140 MHz, 0 %, 62796 MiB
2026/10/03 12:29:12.708, 2, 45, 42.87 W, 1140 MHz, 0 %, 62780 MiB
2026/10/03 12:29:12.708, 3, 45, 41.94 W, 1140 MHz, 0 %, 62796 MiB
2026/10/03 12:29:14.708, 0, 50, 46.67 W, 1140 MHz, 0 %, 62780 MiB
2026/10/03 12:29:14.710, 1, 55, 47.30 W, 1140 MHz, 0 %, 62796 MiB
2026/10/03 12:29:14.710, 2, 45, 42.84 W, 1140 MHz, 0 %, 62780 MiB
2026/10/03 12:29:14.710, 3, 45, 41.94 W, 1140 MHz, 0 %, 62796 MiB
2026/10/03 12:29:16.711, 0, 50, 46.58 W, 1140 MHz, 0 %, 62780 MiB
2026/10/03 12:29:16.711, 1, 55, 47.31 W, 1140 MHz, 0 %, 62796 MiB
2026/10/03 12:29:16.711, 2, 45, 42.95 W, 1140 MHz, 0 %, 62780 MiB
2026/10/03 12:29:16.711, 3, 45, 42.03 W, 1140 MHz, 0 %, 62796 MiB
2026/10/03 12:29:18.712, 0, 52, 129.71 W, 1410 MHz, 98 %, 62780 MiB
2026/10/03 12:29:18.712, 1, 58, 151.51 W, 1365 MHz, 97 %, 62796 MiB
2026/10/03 12:29:18.712, 2, 48, 61.33 W, 1380 MHz, 99 %, 62780 MiB
2026/10/03 12:29:18.713, 3, 48, 130.65 W, 1410 MHz, 96 %, 62796 MiB
2026/10/03 12:29:20.713, 0, 53, 145.07 W, 1410 MHz, 98 %, 62780 MiB
2026/10/03 12:29:20.713, 1, 59, 71.68 W, 1230 MHz, 99 %, 62796 MiB
2026/10/03 12:29:20.714, 2, 49, 93.33 W, 1185 MHz, 98 %, 62780 MiB
2026/10/03 12:29:20.714, 3, 49, 136.46 W, 1410 MHz, 94 %, 62796 MiB
2026/10/03 12:29:22.714, 0, 54, 131.09 W, 1395 MHz, 95 %, 62780 MiB
2026/10/03 12:29:22.714, 1, 59, 81.32 W, 1380 MHz, 99 %, 62796 MiB
2026/10/03 12:29:22.715, 2, 49, 85.99 W, 1380 MHz, 99 %, 62780 MiB
2026/10/03 12:29:22.715, 3, 49, 76.44 W, 1410 MHz, 93 %, 62796 MiB
2026/10/03 12:29:24.715, 0, 52, 54.63 W, 1410 MHz, 0 %, 62780 MiB
2026/10/03 12:29:24.717, 1, 58, 63.95 W, 1410 MHz, 0 %, 62796 MiB
2026/10/03 12:29:24.717, 2, 47, 58.27 W, 1410 MHz, 0 %, 62780 MiB
2026/10/03 12:29:24.718, 3, 47, 47.82 W, 1410 MHz, 0 %, 62796 MiB
2026/10/03 12:29:26.718, 0, 51, 47.14 W, 1140 MHz, 0 %, 62780 MiB
2026/10/03 12:29:26.719, 1, 57, 48.07 W, 1140 MHz, 0 %, 62796 MiB
2026/10/03 12:29:26.719, 2, 46, 43.43 W, 1140 MHz, 0 %, 62780 MiB
2026/10/03 12:29:26.719, 3, 46, 42.24 W, 1140 MHz, 0 %, 62796 MiB
2026/10/03 12:29:28.720, 0, 51, 47.04 W, 1140 MHz, 0 %, 62780 MiB
2026/10/03 12:29:28.720, 1, 56, 48.07 W, 1140 MHz, 0 %, 62796 MiB
2026/10/03 12:29:28.720, 2, 46, 43.23 W, 1140 MHz, 0 %, 62780 MiB
2026/10/03 12:29:28.720, 3, 46, 42.14 W, 1140 MHz, 0 %, 62796 MiB
2026/10/03 12:29:30.721, 0, 51, 46.95 W, 1140 MHz, 0 %, 62780 MiB
2026/10/03 12:29:30.723, 1, 56, 47.97 W, 1140 MHz, 0 %, 62796 MiB
2026/10/03 12:29:30.723, 2, 46, 43.52 W, 1140 MHz, 0 %, 62780 MiB
2026/10/03 12:29:30.723, 3, 46, 41.94 W, 1140 MHz, 0 %, 62796 MiB
2026/10/03 12:29:32.724, 0, 50, 46.76 W, 1140 MHz, 0 %, 62780 MiB
2026/10/03 12:29:32.724, 1, 56, 47.88 W, 1140 MHz, 0 %, 62796 MiB
2026/10/03 12:29:32.725, 2, 46, 43.22 W, 1140 MHz, 0 %, 62780 MiB
2026/10/03 12:29:32.725, 3, 46, 42.03 W, 1140 MHz, 0 %, 62796 MiB
2026/10/03 12:29:34.725, 0, 50, 46.76 W, 1140 MHz, 0 %, 62780 MiB
2026/10/03 12:29:34.727, 1, 56, 47.78 W, 1140 MHz, 0 %, 62796 MiB
2026/10/03 12:29:34.727, 2, 46, 43.22 W, 1140 MHz, 0 %, 62780 MiB
2026/10/03 12:29:34.727, 3, 46, 41.84 W, 1140 MHz, 0 %, 62796 MiB
2026/10/03 12:29:36.728, 0, 50, 46.85 W, 1140 MHz, 0 %, 62780 MiB
2026/10/03 12:29:36.728, 1, 56, 47.59 W, 1140 MHz, 0 %, 62796 MiB
2026/10/03 12:29:36.728, 2, 46, 43.03 W, 1140 MHz, 0 %, 62780 MiB
2026/10/03 12:29:36.728, 3, 46, 41.94 W, 1140 MHz, 0 %, 62796 MiB
2026/10/03 12:29:38.729, 0, 50, 46.85 W, 1140 MHz, 0 %, 62780 MiB
2026/10/03 12:29:38.729, 1, 56, 47.59 W, 1140 MHz, 0 %, 62796 MiB
2026/10/03 12:29:38.729, 2, 45, 42.95 W, 1140 MHz, 0 %, 62780 MiB
2026/10/03 12:29:38.729, 3, 46, 41.84 W, 1140 MHz, 0 %, 62796 MiB
2026/10/03 12:29:40.730, 0, 50, 46.66 W, 1140 MHz, 0 %, 62780 MiB
2026/10/03 12:29:40.731, 1, 56, 47.50 W, 1140 MHz, 0 %, 62796 MiB
2026/10/03 12:29:40.731, 2, 45, 42.94 W, 1140 MHz, 0 %, 62780 MiB
2026/10/03 12:29:40.731, 3, 46, 41.75 W, 1140 MHz, 0 %, 62796 MiB
2026/10/03 12:29:42.731, 0, 50, 46.67 W, 1140 MHz, 0 %, 62780 MiB
2026/10/03 12:29:42.732, 1, 56, 47.51 W, 1140 MHz, 0 %, 62796 MiB
2026/10/03 12:29:42.732, 2, 45, 42.85 W, 1140 MHz, 0 %, 62780 MiB
2026/10/03 12:29:42.732, 3, 46, 41.75 W, 1140 MHz, 0 %, 62796 MiB
2026/10/03 12:29:44.732, 0, 50, 46.66 W, 1140 MHz, 0 %, 62780 MiB
2026/10/03 12:29:44.734, 1, 56, 47.50 W, 1140 MHz, 0 %, 62796 MiB
2026/10/03 12:29:44.734, 2, 45, 42.95 W, 1140 MHz, 0 %, 62780 MiB
2026/10/03 12:29:44.735, 3, 46, 42.05 W, 1140 MHz, 0 %, 62796 MiB
2026/10/03 12:29:46.735, 0, 50, 46.66 W, 1140 MHz, 0 %, 62780 MiB
2026/10/03 12:29:46.735, 1, 56, 47.40 W, 1140 MHz, 0 %, 62796 MiB
2026/10/03 12:29:46.736, 2, 45, 42.85 W, 1140 MHz, 0 %, 62780 MiB
2026/10/03 12:29:46.736, 3, 46, 41.94 W, 1140 MHz, 0 %, 62796 MiB
2026/10/03 12:29:48.736, 0, 50, 46.67 W, 1140 MHz, 0 %, 62780 MiB
2026/10/03 12:29:48.736, 1, 56, 47.59 W, 1140 MHz, 0 %, 62796 MiB
2026/10/03 12:29:48.737, 2, 45, 43.13 W, 1140 MHz, 0 %, 62780 MiB
2026/10/03 12:29:48.737, 3, 46, 41.84 W, 1140 MHz, 0 %, 62796 MiB
2026/10/03 12:29:50.737, 0, 50, 46.57 W, 1140 MHz, 0 %, 62780 MiB
2026/10/03 12:29:50.739, 1, 56, 47.50 W, 1140 MHz, 0 %, 62796 MiB
2026/10/03 12:29:50.740, 2, 45, 43.03 W, 1140 MHz, 0 %, 62780 MiB
2026/10/03 12:29:50.740, 3, 46, 41.84 W, 1140 MHz, 0 %, 62796 MiB
2026/10/03 12:29:52.740, 0, 50, 46.57 W, 1140 MHz, 0 %, 62780 MiB
2026/10/03 12:29:52.740, 1, 56, 47.50 W, 1140 MHz, 0 %, 62796 MiB
2026/10/03 12:29:52.741, 2, 45, 42.96 W, 1140 MHz, 0 %, 62780 MiB
2026/10/03 12:29:52.741, 3, 46, 41.75 W, 1140 MHz, 0 %, 62796 MiB
2026/10/03 12:29:54.741, 0, 50, 46.85 W, 1140 MHz, 0 %, 62780 MiB
2026/10/03 12:29:54.743, 1, 55, 47.31 W, 1140 MHz, 0 %, 62796 MiB
2026/10/03 12:29:54.743, 2, 45, 42.85 W, 1140 MHz, 0 %, 62780 MiB
2026/10/03 12:29:54.743, 3, 46, 41.75 W, 1140 MHz, 0 %, 62796 MiB
2026/10/03 12:29:56.744, 0, 50, 46.76 W, 1140 MHz, 0 %, 62780 MiB
2026/10/03 12:29:56.744, 1, 55, 47.30 W, 1140 MHz, 0 %, 62796 MiB
2026/10/03 12:29:56.744, 2, 45, 42.76 W, 1140 MHz, 0 %, 62780 MiB
2026/10/03 12:29:56.744, 3, 46, 41.84 W, 1140 MHz, 0 %, 62796 MiB
2026/10/03 12:29:58.745, 0, 50, 46.66 W, 1140 MHz, 0 %, 62780 MiB
2026/10/03 12:29:58.745, 1, 55, 47.40 W, 1140 MHz, 0 %, 62796 MiB
2026/10/03 12:29:58.746, 2, 45, 42.75 W, 1140 MHz, 0 %, 62780 MiB
2026/10/03 12:29:58.746, 3, 46, 41.65 W, 1140 MHz, 0 %, 62796 MiB
2026/10/03 12:30:00.746, 0, 50, 46.48 W, 1140 MHz, 0 %, 62780 MiB
2026/10/03 12:30:00.747, 1, 55, 47.42 W, 1140 MHz, 0 %, 62796 MiB
2026/10/03 12:30:00.747, 2, 45, 42.86 W, 1140 MHz, 0 %, 62780 MiB
2026/10/03 12:30:00.747, 3, 46, 41.85 W, 1140 MHz, 0 %, 62796 MiB
2026/10/03 12:30:02.748, 0, 53, 60.96 W, 1410 MHz, 99 %, 62780 MiB
2026/10/03 12:30:02.748, 1, 59, 70.43 W, 1365 MHz, 99 %, 62796 MiB
2026/10/03 12:30:02.748, 2, 49, 92.08 W, 1305 MHz, 97 %, 62780 MiB
2026/10/03 12:30:02.748, 3, 48, 122.01 W, 1410 MHz, 99 %, 62796 MiB
2026/10/03 12:30:04.749, 0, 53, 89.30 W, 1410 MHz, 97 %, 62780 MiB
2026/10/03 12:30:04.749, 1, 59, 178.24 W, 1380 MHz, 98 %, 62796 MiB
2026/10/03 12:30:04.749, 2, 49, 82.02 W, 1350 MHz, 99 %, 62780 MiB
2026/10/03 12:30:04.749, 3, 49, 156.16 W, 1410 MHz, 96 %, 62796 MiB
2026/10/03 12:30:06.750, 0, 54, 112.60 W, 1350 MHz, 96 %, 62780 MiB
2026/10/03 12:30:06.750, 1, 60, 99.73 W, 1200 MHz, 99 %, 62796 MiB
2026/10/03 12:30:06.751, 2, 49, 65.19 W, 1395 MHz, 96 %, 62780 MiB
2026/10/03 12:30:06.752, 3, 49, 114.48 W, 1410 MHz, 99 %, 62796 MiB
2026/10/03 12:30:08.754, 0, 52, 54.70 W, 1410 MHz, 0 %, 62780 MiB
2026/10/03 12:30:08.754, 1, 57, 63.66 W, 1410 MHz, 0 %, 62796 MiB
2026/10/03 12:30:08.754, 2, 47, 57.79 W, 1410 MHz, 0 %, 62780 MiB
2026/10/03 12:30:08.754, 3, 47, 47.83 W, 1410 MHz, 0 %, 62796 MiB
2026/10/03 12:30:10.755, 0, 51, 47.24 W, 1140 MHz, 0 %, 62780 MiB
2026/10/03 12:30:10.757, 1, 57, 48.07 W, 1140 MHz, 0 %, 62796 MiB
2026/10/03 12:30:10.757, 2, 46, 43.22 W, 1140 MHz, 0 %, 62780 MiB
2026/10/03 12:30:10.757, 3, 46, 42.24 W, 1140 MHz, 0 %, 62796 MiB
2026/10/03 12:30:12.758, 0, 51, 47.04 W, 1140 MHz, 0 %, 62780 MiB
2026/10/03 12:30:12.758, 1, 56, 47.88 W, 1140 MHz, 0 %, 62796 MiB
2026/10/03 12:30:12.758, 2, 46, 43.24 W, 1140 MHz, 0 %, 62780 MiB
2026/10/03 12:30:12.759, 3, 46, 42.14 W, 1140 MHz, 0 %, 62796 MiB
2026/10/03 12:30:14.759, 0, 51, 46.95 W, 1140 MHz, 0 %, 62780 MiB
2026/10/03 12:30:14.759, 1, 56, 47.88 W, 1140 MHz, 0 %, 62796 MiB
2026/10/03 12:30:14.759, 2, 46, 43.22 W, 1140 MHz, 0 %, 62780 MiB
2026/10/03 12:30:14.760, 3, 46, 42.03 W, 1140 MHz, 0 %, 62796 MiB
2026/10/03 12:30:16.760, 0, 51, 46.85 W, 1140 MHz, 0 %, 62780 MiB
2026/10/03 12:30:16.761, 1, 56, 48.17 W, 1140 MHz, 0 %, 62796 MiB
2026/10/03 12:30:16.762, 2, 46, 43.22 W, 1140 MHz, 0 %, 62780 MiB
2026/10/03 12:30:16.762, 3, 46, 42.43 W, 1140 MHz, 0 %, 62796 MiB
2026/10/03 12:30:18.762, 0, 50, 46.95 W, 1140 MHz, 0 %, 62780 MiB
2026/10/03 12:30:18.763, 1, 56, 47.88 W, 1140 MHz, 0 %, 62796 MiB
2026/10/03 12:30:18.763, 2, 46, 43.43 W, 1140 MHz, 0 %, 62780 MiB
2026/10/03 12:30:18.763, 3, 46, 42.14 W, 1140 MHz, 0 %, 62796 MiB
2026/10/03 12:30:20.763, 0, 50, 46.87 W, 1140 MHz, 0 %, 62780 MiB
2026/10/03 12:30:20.765, 1, 56, 47.78 W, 1140 MHz, 0 %, 62796 MiB
2026/10/03 12:30:20.765, 2, 46, 43.22 W, 1140 MHz, 0 %, 62780 MiB
2026/10/03 12:30:20.765, 3, 46, 42.24 W, 1140 MHz, 0 %, 62796 MiB
2026/10/03 12:30:22.765, 0, 50, 46.87 W, 1140 MHz, 0 %, 62780 MiB
2026/10/03 12:30:22.766, 1, 56, 47.78 W, 1140 MHz, 0 %, 62796 MiB
2026/10/03 12:30:22.766, 2, 46, 43.13 W, 1140 MHz, 0 %, 62780 MiB
2026/10/03 12:30:22.766, 3, 46, 42.14 W, 1140 MHz, 0 %, 62796 MiB
2026/10/03 12:30:24.767, 0, 50, 46.77 W, 1140 MHz, 0 %, 62780 MiB
2026/10/03 12:30:24.767, 1, 56, 47.70 W, 1140 MHz, 0 %, 62796 MiB
2026/10/03 12:30:24.767, 2, 46, 43.15 W, 1140 MHz, 0 %, 62780 MiB
2026/10/03 12:30:24.767, 3, 46, 42.24 W, 1140 MHz, 0 %, 62796 MiB
2026/10/03 12:30:26.768, 0, 50, 47.14 W, 1140 MHz, 0 %, 62780 MiB
2026/10/03 12:30:26.770, 1, 56, 47.69 W, 1140 MHz, 5 %, 62796 MiB
2026/10/03 12:30:26.770, 2, 45, 43.14 W, 1140 MHz, 4 %, 62780 MiB
2026/10/03 12:30:26.770, 3, 46, 42.03 W, 1140 MHz, 0 %, 62796 MiB
2026/10/03 12:30:28.771, 0, 50, 46.95 W, 1140 MHz, 0 %, 62780 MiB
2026/10/03 12:30:28.771, 1, 56, 47.59 W, 1140 MHz, 0 %, 62796 MiB
2026/10/03 12:30:28.771, 2, 45, 43.24 W, 1140 MHz, 0 %, 62780 MiB
2026/10/03 12:30:28.771, 3, 46, 42.05 W, 1140 MHz, 0 %, 62796 MiB
2026/10/03 12:30:30.772, 0, 50, 46.85 W, 1140 MHz, 0 %, 62780 MiB
2026/10/03 12:30:30.774, 1, 56, 47.69 W, 1140 MHz, 0 %, 62796 MiB
2026/10/03 12:30:30.775, 2, 45, 43.13 W, 1140 MHz, 0 %, 62780 MiB
2026/10/03 12:30:30.775, 3, 46, 41.84 W, 1140 MHz, 0 %, 62796 MiB
2026/10/03 12:30:32.775, 0, 50, 46.85 W, 1140 MHz, 0 %, 62780 MiB
2026/10/03 12:30:32.775, 1, 56, 47.59 W, 1140 MHz, 0 %, 62796 MiB
2026/10/03 12:30:32.776, 2, 45, 43.05 W, 1140 MHz, 0 %, 62780 MiB
2026/10/03 12:30:32.776, 3, 46, 41.84 W, 1140 MHz, 0 %, 62796 MiB
2026/10/03 12:30:34.776, 0, 50, 46.87 W, 1140 MHz, 0 %, 62780 MiB
2026/10/03 12:30:34.777, 1, 56, 47.97 W, 1140 MHz, 0 %, 62796 MiB
2026/10/03 12:30:34.777, 2, 45, 43.05 W, 1140 MHz, 0 %, 62780 MiB
2026/10/03 12:30:34.777, 3, 46, 41.75 W, 1140 MHz, 0 %, 62796 MiB
2026/10/03 12:30:36.778, 0, 50, 46.76 W, 1140 MHz, 0 %, 62780 MiB
2026/10/03 12:30:36.780, 1, 56, 47.78 W, 1140 MHz, 0 %, 62796 MiB
2026/10/03 12:30:36.780, 2, 45, 43.03 W, 1140 MHz, 0 %, 62780 MiB
2026/10/03 12:30:36.780, 3, 46, 41.95 W, 1140 MHz, 0 %, 62796 MiB
2026/10/03 12:30:38.780, 0, 50, 46.76 W, 1140 MHz, 0 %, 62780 MiB
2026/10/03 12:30:38.781, 1, 56, 47.59 W, 1140 MHz, 0 %, 62796 MiB
2026/10/03 12:30:38.781, 2, 45, 43.22 W, 1140 MHz, 0 %, 62780 MiB
2026/10/03 12:30:38.781, 3, 46, 41.94 W, 1140 MHz, 0 %, 62796 MiB
2026/10/03 12:30:40.781, 0, 50, 46.58 W, 1140 MHz, 0 %, 62780 MiB
2026/10/03 12:30:40.782, 1, 55, 47.49 W, 1140 MHz, 0 %, 62796 MiB
2026/10/03 12:30:40.782, 2, 45, 43.13 W, 1140 MHz, 0 %, 62780 MiB
2026/10/03 12:30:40.783, 3, 46, 41.75 W, 1140 MHz, 0 %, 62796 MiB
2026/10/03 12:30:42.783, 0, 50, 46.58 W, 1140 MHz, 0 %, 62780 MiB
2026/10/03 12:30:42.783, 1, 55, 47.42 W, 1140 MHz, 0 %, 62796 MiB
2026/10/03 12:30:42.783, 2, 45, 42.87 W, 1140 MHz, 0 %, 62780 MiB
2026/10/03 12:30:42.784, 3, 46, 41.75 W, 1140 MHz, 0 %, 62796 MiB
2026/10/03 12:30:44.784, 0, 50, 46.48 W, 1140 MHz, 0 %, 62780 MiB
2026/10/03 12:30:44.784, 1, 55, 47.23 W, 1140 MHz, 0 %, 62796 MiB
2026/10/03 12:30:44.785, 2, 45, 42.85 W, 1140 MHz, 0 %, 62780 MiB
2026/10/03 12:30:44.785, 3, 46, 41.84 W, 1140 MHz, 0 %, 62796 MiB
2026/10/03 12:30:46.785, 0, 52, 161.66 W, 1410 MHz, 99 %, 62780 MiB
2026/10/03 12:30:46.786, 1, 58, 100.69 W, 1365 MHz, 95 %, 62796 MiB
2026/10/03 12:30:46.786, 2, 48, 99.75 W, 1365 MHz, 99 %, 62780 MiB
2026/10/03 12:30:46.786, 3, 48, 60.61 W, 1410 MHz, 99 %, 62796 MiB
2026/10/03 12:30:48.786, 0, 54, 107.00 W, 1320 MHz, 99 %, 62780 MiB
2026/10/03 12:30:48.787, 1, 59, 170.14 W, 1365 MHz, 100 %, 62796 MiB
2026/10/03 12:30:48.787, 2, 50, 80.42 W, 1305 MHz, 99 %, 62780 MiB
2026/10/03 12:30:48.787, 3, 49, 57.31 W, 1410 MHz, 99 %, 62796 MiB
2026/10/03 12:30:50.787, 0, 55, 64.13 W, 1305 MHz, 99 %, 62780 MiB
2026/10/03 12:30:50.788, 1, 60, 144.10 W, 1275 MHz, 97 %, 62796 MiB
2026/10/03 12:30:50.788, 2, 50, 169.34 W, 1365 MHz, 99 %, 62780 MiB
2026/10/03 12:30:50.788, 3, 50, 144.43 W, 1410 MHz, 99 %, 62796 MiB
2026/10/03 12:30:52.788, 0, 52, 54.33 W, 1410 MHz, 0 %, 62780 MiB
2026/10/03 12:30:52.789, 1, 58, 63.85 W, 1410 MHz, 0 %, 62796 MiB
2026/10/03 12:30:52.789, 2, 48, 58.08 W, 1410 MHz, 0 %, 62780 MiB
2026/10/03 12:30:52.789, 3, 47, 47.81 W, 1410 MHz, 0 %, 62796 MiB
2026/10/03 12:30:54.790, 0, 51, 47.15 W, 1140 MHz, 0 %, 62780 MiB
2026/10/03 12:30:54.790, 1, 57, 48.09 W, 1140 MHz, 0 %, 62796 MiB
2026/10/03 12:30:54.790, 2, 46, 43.33 W, 1140 MHz, 0 %, 62780 MiB
2026/10/03 12:30:54.790, 3, 47, 42.03 W, 1140 MHz, 0 %, 62796 MiB
2026/10/03 12:30:56.791, 0, 51, 47.14 W, 1140 MHz, 0 %, 62780 MiB
2026/10/03 12:30:56.791, 1, 56, 47.88 W, 1140 MHz, 0 %, 62796 MiB
2026/10/03 12:30:56.792, 2, 46, 43.43 W, 1140 MHz, 0 %, 62780 MiB
2026/10/03 12:30:56.792, 3, 46, 42.03 W, 1140 MHz, 0 %, 62796 MiB
2026/10/03 12:30:58.792, 0, 53, 54.80 W, 1410 MHz, 93 %, 62780 MiB
2026/10/03 12:30:58.793, 1, 59, 72.59 W, 1410 MHz, 94 %, 62796 MiB
2026/10/03 12:30:58.793, 2, 50, 103.97 W, 1410 MHz, 94 %, 62780 MiB
2026/10/03 12:30:58.793, 3, 48, 76.88 W, 1410 MHz, 93 %, 62796 MiB
2026/10/03 12:31:00.793, 0, 53, 91.11 W, 1410 MHz, 70 %, 62780 MiB
2026/10/03 12:31:00.794, 1, 59, 121.66 W, 1410 MHz, 52 %, 62796 MiB
2026/10/03 12:31:00.794, 2, 49, 105.38 W, 1215 MHz, 33 %, 62780 MiB
2026/10/03 12:31:00.794, 3, 48, 97.90 W, 1410 MHz, 91 %, 62796 MiB
2026/10/03 12:31:02.794, 0, 53, 77.28 W, 1410 MHz, 50 %, 62780 MiB
2026/10/03 12:31:02.795, 1, 59, 76.62 W, 1410 MHz, 51 %, 62796 MiB
2026/10/03 12:31:02.795, 2, 49, 69.61 W, 1410 MHz, 49 %, 62780 MiB
2026/10/03 12:31:02.795, 3, 48, 63.28 W, 1410 MHz, 47 %, 62796 MiB
2026/10/03 12:31:04.795, 0, 53, 75.52 W, 1410 MHz, 39 %, 62780 MiB
2026/10/03 12:31:04.796, 1, 59, 70.97 W, 1410 MHz, 39 %, 62796 MiB
2026/10/03 12:31:04.796, 2, 49, 80.09 W, 1410 MHz, 46 %, 62780 MiB
2026/10/03 12:31:04.796, 3, 48, 56.95 W, 1410 MHz, 40 %, 62796 MiB
2026/10/03 12:31:06.797, 0, 53, 76.26 W, 1410 MHz, 39 %, 62780 MiB
2026/10/03 12:31:06.797, 1, 59, 82.27 W, 1410 MHz, 39 %, 62796 MiB
2026/10/03 12:31:06.797, 2, 49, 75.92 W, 1410 MHz, 49 %, 62780 MiB
2026/10/03 12:31:06.797, 3, 48, 53.39 W, 1410 MHz, 43 %, 62796 MiB
2026/10/03 12:31:08.798, 0, 53, 77.08 W, 1410 MHz, 54 %, 62780 MiB
2026/10/03 12:31:08.798, 1, 59, 74.31 W, 1410 MHz, 58 %, 62796 MiB
2026/10/03 12:31:08.798, 2, 49, 88.37 W, 1410 MHz, 58 %, 62780 MiB
2026/10/03 12:31:08.799, 3, 48, 69.05 W, 1410 MHz, 45 %, 62796 MiB
2026/10/03 12:31:10.799, 0, 53, 77.16 W, 1410 MHz, 46 %, 62780 MiB
2026/10/03 12:31:10.799, 1, 59, 70.77 W, 1410 MHz, 42 %, 62796 MiB
2026/10/03 12:31:10.800, 2, 49, 73.04 W, 1410 MHz, 49 %, 62780 MiB
2026/10/03 12:31:10.800, 3, 48, 54.55 W, 1410 MHz, 57 %, 62796 MiB
2026/10/03 12:31:12.800, 0, 53, 73.23 W, 1410 MHz, 43 %, 62780 MiB
2026/10/03 12:31:12.801, 1, 59, 72.20 W, 1410 MHz, 39 %, 62796 MiB
2026/10/03 12:31:12.801, 2, 49, 92.79 W, 1410 MHz, 45 %, 62780 MiB
2026/10/03 12:31:12.801, 3, 48, 58.49 W, 1410 MHz, 47 %, 62796 MiB
2026/10/03 12:31:14.801, 0, 53, 77.92 W, 1410 MHz, 50 %, 62780 MiB
2026/10/03 12:31:14.802, 1, 59, 78.73 W, 1410 MHz, 58 %, 62796 MiB
2026/10/03 12:31:14.802, 2, 49, 86.83 W, 1410 MHz, 41 %, 62780 MiB
2026/10/03 12:31:14.802, 3, 48, 71.84 W, 1410 MHz, 38 %, 62796 MiB
2026/10/03 12:31:16.802, 0, 53, 77.72 W, 1410 MHz, 45 %, 62780 MiB
2026/10/03 12:31:16.803, 1, 60, 70.56 W, 1410 MHz, 39 %, 62796 MiB
2026/10/03 12:31:16.803, 2, 49, 69.78 W, 1410 MHz, 45 %, 62780 MiB
2026/10/03 12:31:16.803, 3, 48, 53.22 W, 1410 MHz, 38 %, 62796 MiB
2026/10/03 12:31:18.803, 0, 53, 69.35 W, 1410 MHz, 42 %, 62780 MiB
2026/10/03 12:31:18.804, 1, 60, 98.52 W, 1410 MHz, 57 %, 62796 MiB
2026/10/03 12:31:18.804, 2, 50, 92.26 W, 1410 MHz, 57 %, 62780 MiB
2026/10/03 12:31:18.804, 3, 48, 73.18 W, 1410 MHz, 57 %, 62796 MiB
2026/10/03 12:31:20.805, 0, 53, 66.30 W, 1410 MHz, 66 %, 62780 MiB
2026/10/03 12:31:20.805, 1, 60, 93.19 W, 1410 MHz, 70 %, 62796 MiB
2026/10/03 12:31:20.805, 2, 50, 65.94 W, 1410 MHz, 83 %, 62780 MiB
2026/10/03 12:31:20.805, 3, 48, 52.04 W, 1410 MHz, 75 %, 62796 MiB
2026/10/03 12:31:22.806, 0, 53, 78.93 W, 1410 MHz, 61 %, 62780 MiB
2026/10/03 12:31:22.806, 1, 60, 94.29 W, 1410 MHz, 60 %, 62796 MiB
2026/10/03 12:31:22.806, 2, 50, 87.61 W, 1410 MHz, 73 %, 62780 MiB
2026/10/03 12:31:22.807, 3, 49, 55.10 W, 1410 MHz, 70 %, 62796 MiB
2026/10/03 12:31:24.807, 0, 53, 66.59 W, 1410 MHz, 54 %, 62780 MiB
2026/10/03 12:31:24.807, 1, 60, 85.85 W, 1410 MHz, 41 %, 62796 MiB
2026/10/03 12:31:24.807, 2, 50, 83.28 W, 1410 MHz, 39 %, 62780 MiB
2026/10/03 12:31:24.808, 3, 48, 52.24 W, 1410 MHz, 38 %, 62796 MiB
2026/10/03 12:31:26.808, 0, 53, 77.29 W, 1410 MHz, 49 %, 62780 MiB
2026/10/03 12:31:26.808, 1, 60, 71.53 W, 1410 MHz, 58 %, 62796 MiB
2026/10/03 12:31:26.809, 2, 50, 70.74 W, 1410 MHz, 43 %, 62780 MiB
2026/10/03 12:31:26.809, 3, 48, 53.50 W, 1410 MHz, 53 %, 62796 MiB
2026/10/03 12:31:28.809, 0, 54, 77.42 W, 1410 MHz, 63 %, 62780 MiB
2026/10/03 12:31:28.809, 1, 60, 75.44 W, 1410 MHz, 69 %, 62796 MiB
2026/10/03 12:31:28.810, 2, 50, 78.79 W, 1410 MHz, 62 %, 62780 MiB
2026/10/03 12:31:28.810, 3, 49, 64.23 W, 1410 MHz, 70 %, 62796 MiB
2026/10/03 12:31:30.810, 0, 53, 65.73 W, 1410 MHz, 44 %, 62780 MiB
2026/10/03 12:31:30.811, 1, 60, 92.45 W, 1410 MHz, 49 %, 62796 MiB
2026/10/03 12:31:30.811, 2, 50, 66.06 W, 1410 MHz, 58 %, 62780 MiB
2026/10/03 12:31:30.811, 3, 49, 59.34 W, 1410 MHz, 56 %, 62796 MiB
2026/10/03 12:31:32.811, 0, 53, 54.90 W, 1410 MHz, 0 %, 62780 MiB
2026/10/03 12:31:32.813, 1, 59, 65.40 W, 1410 MHz, 0 %, 62796 MiB
2026/10/03 12:31:32.813, 2, 49, 59.03 W, 1410 MHz, 0 %, 62780 MiB
2026/10/03 12:31:32.813, 3, 48, 48.12 W, 1410 MHz, 0 %, 62796 MiB
2026/10/03 12:31:34.814, 0, 52, 47.71 W, 1140 MHz, 0 %, 62780 MiB
2026/10/03 12:31:34.814, 1, 59, 49.13 W, 1140 MHz, 0 %, 62796 MiB
2026/10/03 12:31:34.814, 2, 48, 43.91 W, 1140 MHz, 0 %, 62780 MiB
2026/10/03 12:31:34.815, 3, 47, 42.43 W, 1140 MHz, 0 %, 62796 MiB
2026/10/03 12:31:36.815, 0, 52, 47.71 W, 1140 MHz, 0 %, 62780 MiB
2026/10/03 12:31:36.815, 1, 58, 49.04 W, 1140 MHz, 0 %, 62796 MiB
2026/10/03 12:31:36.815, 2, 48, 43.81 W, 1140 MHz, 0 %, 62780 MiB
2026/10/03 12:31:36.816, 3, 47, 42.24 W, 1140 MHz, 0 %, 62796 MiB
2026/10/03 12:31:38.816, 0, 52, 47.81 W, 1140 MHz, 0 %, 62780 MiB
2026/10/03 12:31:38.818, 1, 58, 49.04 W, 1140 MHz, 0 %, 62796 MiB
2026/10/03 12:31:38.818, 2, 48, 43.91 W, 1140 MHz, 0 %, 62780 MiB
2026/10/03 12:31:38.819, 3, 47, 42.33 W, 1140 MHz, 0 %, 62796 MiB
2026/10/03 12:31:40.819, 0, 52, 47.62 W, 1140 MHz, 0 %, 62780 MiB
2026/10/03 12:31:40.819, 1, 58, 48.94 W, 1140 MHz, 0 %, 62796 MiB
2026/10/03 12:31:40.820, 2, 48, 43.81 W, 1140 MHz, 0 %, 62780 MiB
2026/10/03 12:31:40.820, 3, 47, 42.24 W, 1140 MHz, 0 %, 62796 MiB
2026/10/03 12:31:42.820, 0, 52, 47.52 W, 1140 MHz, 0 %, 62780 MiB
2026/10/03 12:31:42.822, 1, 58, 49.13 W, 1140 MHz, 0 %, 62796 MiB
2026/10/03 12:31:42.822, 2, 47, 43.72 W, 1140 MHz, 0 %, 62780 MiB
2026/10/03 12:31:42.823, 3, 47, 42.43 W, 1140 MHz, 0 %, 62796 MiB
2026/10/03 12:31:44.823, 0, 52, 47.52 W, 1140 MHz, 0 %, 62780 MiB
2026/10/03 12:31:44.823, 1, 58, 49.04 W, 1140 MHz, 0 %, 62796 MiB
2026/10/03 12:31:44.823, 2, 47, 43.81 W, 1140 MHz, 0 %, 62780 MiB
2026/10/03 12:31:44.824, 3, 47, 42.43 W, 1140 MHz, 0 %, 62796 MiB
2026/10/03 12:31:46.824, 0, 52, 47.43 W, 1140 MHz, 0 %, 62780 MiB
2026/10/03 12:31:46.824, 1, 58, 48.85 W, 1140 MHz, 0 %, 62796 MiB
2026/10/03 12:31:46.824, 2, 47, 43.91 W, 1140 MHz, 0 %, 62780 MiB
2026/10/03 12:31:46.825, 3, 47, 42.33 W, 1140 MHz, 0 %, 62796 MiB
2026/10/03 12:31:48.825, 0, 52, 47.33 W, 1140 MHz, 0 %, 62780 MiB
2026/10/03 12:31:48.826, 1, 58, 48.85 W, 1140 MHz, 0 %, 62796 MiB
2026/10/03 12:31:48.827, 2, 47, 43.72 W, 1140 MHz, 0 %, 62780 MiB
2026/10/03 12:31:48.827, 3, 47, 42.13 W, 1140 MHz, 0 %, 62796 MiB
2026/10/03 12:31:50.827, 0, 51, 47.34 W, 1140 MHz, 0 %, 62780 MiB
2026/10/03 12:31:50.828, 1, 58, 48.56 W, 1140 MHz, 0 %, 62796 MiB
2026/10/03 12:31:50.828, 2, 47, 43.43 W, 1140 MHz, 0 %, 62780 MiB
2026/10/03 12:31:50.828, 3, 47, 42.24 W, 1140 MHz, 0 %, 62796 MiB
2026/10/03 12:31:52.828, 0, 51, 47.33 W, 1140 MHz, 0 %, 62780 MiB
2026/10/03 12:31:52.830, 1, 58, 48.46 W, 1140 MHz, 0 %, 62796 MiB
2026/10/03 12:31:52.830, 2, 47, 43.43 W, 1140 MHz, 0 %, 62780 MiB
2026/10/03 12:31:52.831, 3, 47, 42.14 W, 1140 MHz, 0 %, 62796 MiB
2026/10/03 12:31:54.831, 0, 51, 47.24 W, 1140 MHz, 0 %, 62780 MiB
2026/10/03 12:31:54.831, 1, 58, 48.56 W, 1140 MHz, 0 %, 62796 MiB
2026/10/03 12:31:54.832, 2, 47, 43.43 W, 1140 MHz, 0 %, 62780 MiB
2026/10/03 12:31:54.832, 3, 47, 42.03 W, 1140 MHz, 0 %, 62796 MiB
2026/10/03 12:31:56.832, 0, 51, 47.52 W, 1140 MHz, 0 %, 62780 MiB
2026/10/03 12:31:56.833, 1, 58, 48.47 W, 1140 MHz, 0 %, 62796 MiB
2026/10/03 12:31:56.833, 2, 47, 43.33 W, 1140 MHz, 0 %, 62780 MiB
2026/10/03 12:31:56.833, 3, 47, 42.03 W, 1140 MHz, 0 %, 62796 MiB
2026/10/03 12:31:58.834, 0, 51, 47.33 W, 1140 MHz, 0 %, 62780 MiB
2026/10/03 12:31:58.836, 1, 58, 48.46 W, 1140 MHz, 0 %, 62796 MiB
2026/10/03 12:31:58.836, 2, 47, 43.32 W, 1140 MHz, 0 %, 62780 MiB
2026/10/03 12:31:58.836, 3, 46, 42.05 W, 1140 MHz, 0 %, 62796 MiB
2026/10/03 12:32:00.836, 0, 51, 47.24 W, 1140 MHz, 0 %, 62780 MiB
2026/10/03 12:32:00.837, 1, 57, 48.46 W, 1140 MHz, 0 %, 62796 MiB
2026/10/03 12:32:00.837, 2, 47, 43.32 W, 1140 MHz, 0 %, 62780 MiB
2026/10/03 12:32:00.837, 3, 46, 42.03 W, 1140 MHz, 0 %, 62796 MiB
2026/10/03 12:32:02.838, 0, 51, 47.24 W, 1140 MHz, 0 %, 62780 MiB
2026/10/03 12:32:02.840, 1, 57, 48.65 W, 1140 MHz, 0 %, 62796 MiB
2026/10/03 12:32:02.840, 2, 47, 43.22 W, 1140 MHz, 0 %, 62780 MiB
2026/10/03 12:32:02.840, 3, 46, 42.24 W, 1140 MHz, 0 %, 62796 MiB
2026/10/03 12:32:04.840, 0, 51, 47.14 W, 1140 MHz, 0 %, 62780 MiB
2026/10/03 12:32:04.841, 1, 57, 48.46 W, 1140 MHz, 0 %, 62796 MiB
2026/10/03 12:32:04.841, 2, 46, 43.52 W, 1140 MHz, 0 %, 62780 MiB
2026/10/03 12:32:04.841, 3, 46, 42.14 W, 1140 MHz, 0 %, 62796 MiB
2026/10/03 12:32:06.841, 0, 51, 47.04 W, 1140 MHz, 0 %, 62780 MiB
2026/10/03 12:32:06.842, 1, 57, 48.46 W, 1140 MHz, 0 %, 62796 MiB
2026/10/03 12:32:06.843, 2, 46, 43.32 W, 1140 MHz, 0 %, 62780 MiB
2026/10/03 12:32:06.843, 3, 46, 42.03 W, 1140 MHz, 0 %, 62796 MiB
2026/10/03 12:32:08.843, 0, 51, 47.14 W, 1140 MHz, 0 %, 62780 MiB
2026/10/03 12:32:08.846, 1, 57, 48.26 W, 1140 MHz, 0 %, 62796 MiB
2026/10/03 12:32:08.846, 2, 46, 43.24 W, 1140 MHz, 0 %, 62780 MiB
2026/10/03 12:32:08.846, 3, 46, 41.94 W, 1140 MHz, 0 %, 62796 MiB
2026/10/03 12:32:10.846, 0, 51, 47.04 W, 1140 MHz, 0 %, 62780 MiB
2026/10/03 12:32:10.847, 1, 57, 48.26 W, 1140 MHz, 0 %, 62796 MiB
2026/10/03 12:32:10.847, 2, 46, 43.23 W, 1140 MHz, 0 %, 62780 MiB
2026/10/03 12:32:10.847, 3, 46, 42.03 W, 1140 MHz, 0 %, 62796 MiB
2026/10/03 12:32:12.848, 0, 51, 47.06 W, 1140 MHz, 0 %, 62780 MiB
2026/10/03 12:32:12.848, 1, 57, 48.26 W, 1140 MHz, 0 %, 62796 MiB
2026/10/03 12:32:12.848, 2, 46, 43.15 W, 1140 MHz, 0 %, 62780 MiB
2026/10/03 12:32:12.849, 3, 46, 42.05 W, 1140 MHz, 0 %, 62796 MiB
2026/10/03 12:32:14.849, 0, 54, 78.04 W, 1410 MHz, 99 %, 62780 MiB
2026/10/03 12:32:14.849, 1, 61, 160.96 W, 1230 MHz, 98 %, 62796 MiB
2026/10/03 12:32:14.849, 2, 50, 152.67 W, 1200 MHz, 99 %, 62780 MiB
2026/10/03 12:32:14.850, 3, 49, 141.87 W, 1365 MHz, 99 %, 62796 MiB
2026/10/03 12:32:16.850, 0, 55, 119.74 W, 1410 MHz, 98 %, 62780 MiB
2026/10/03 12:32:16.850, 1, 60, 111.38 W, 1320 MHz, 98 %, 62796 MiB
2026/10/03 12:32:16.851, 2, 50, 80.14 W, 1380 MHz, 98 %, 62780 MiB
2026/10/03 12:32:16.851, 3, 49, 61.69 W, 1410 MHz, 99 %, 62796 MiB
2026/10/03 12:32:18.851, 0, 55, 62.94 W, 1410 MHz, 99 %, 62780 MiB
2026/10/03 12:32:18.851, 1, 61, 150.34 W, 1380 MHz, 96 %, 62796 MiB
2026/10/03 12:32:18.852, 2, 51, 155.60 W, 1320 MHz, 96 %, 62780 MiB
2026/10/03 12:32:18.852, 3, 49, 125.87 W, 1410 MHz, 99 %, 62796 MiB
2026/10/03 12:32:20.852, 0, 53, 79.49 W, 1410 MHz, 39 %, 62780 MiB
2026/10/03 12:32:20.853, 1, 60, 71.63 W, 1410 MHz, 39 %, 62796 MiB
2026/10/03 12:32:20.853, 2, 50, 70.93 W, 1410 MHz, 49 %, 62780 MiB
2026/10/03 12:32:20.853, 3, 48, 55.40 W, 1410 MHz, 49 %, 62796 MiB
2026/10/03 12:32:22.853, 0, 53, 78.85 W, 1410 MHz, 52 %, 62780 MiB
2026/10/03 12:32:22.854, 1, 60, 74.79 W, 1410 MHz, 58 %, 62796 MiB
2026/10/03 12:32:22.854, 2, 49, 82.00 W, 1410 MHz, 49 %, 62780 MiB
2026/10/03 12:32:22.854, 3, 48, 59.83 W, 1410 MHz, 40 %, 62796 MiB
2026/10/03 12:32:24.854, 0, 54, 80.86 W, 1410 MHz, 91 %, 62780 MiB
2026/10/03 12:32:24.863, 1, 61, 102.61 W, 1410 MHz, 83 %, 62796 MiB
2026/10/03 12:32:24.864, 2, 50, 93.17 W, 1410 MHz, 79 %, 62780 MiB
2026/10/03 12:32:24.864, 3, 49, 75.85 W, 1410 MHz, 59 %, 62796 MiB
2026/10/03 12:32:26.864, 0, 54, 74.15 W, 1410 MHz, 70 %, 62780 MiB
2026/10/03 12:32:26.864, 1, 61, 72.50 W, 1410 MHz, 83 %, 62796 MiB
2026/10/03 12:32:26.865, 2, 50, 98.67 W, 1410 MHz, 84 %, 62780 MiB
2026/10/03 12:32:26.865, 3, 48, 64.74 W, 1410 MHz, 97 %, 62796 MiB
2026/10/03 12:32:28.865, 0, 54, 62.21 W, 1410 MHz, 43 %, 62780 MiB
2026/10/03 12:32:28.866, 1, 61, 98.31 W, 1410 MHz, 39 %, 62796 MiB
2026/10/03 12:32:28.866, 2, 50, 68.27 W, 1410 MHz, 57 %, 62780 MiB
2026/10/03 12:32:28.866, 3, 48, 56.27 W, 1410 MHz, 45 %, 62796 MiB
2026/10/03 12:32:30.867, 0, 54, 81.75 W, 1410 MHz, 47 %, 62780 MiB
2026/10/03 12:32:30.867, 1, 61, 98.92 W, 1410 MHz, 53 %, 62796 MiB
2026/10/03 12:32:30.867, 2, 50, 93.02 W, 1410 MHz, 41 %, 62780 MiB
2026/10/03 12:32:30.867, 3, 49, 75.18 W, 1410 MHz, 38 %, 62796 MiB
2026/10/03 12:32:32.868, 0, 54, 74.54 W, 1410 MHz, 39 %, 62780 MiB
2026/10/03 12:32:32.868, 1, 61, 73.36 W, 1410 MHz, 42 %, 62796 MiB
2026/10/03 12:32:32.868, 2, 50, 83.54 W, 1410 MHz, 41 %, 62780 MiB
2026/10/03 12:32:32.868, 3, 49, 59.14 W, 1410 MHz, 43 %, 62796 MiB
2026/10/03 12:32:34.869, 0, 54, 71.73 W, 1410 MHz, 39 %, 62780 MiB
2026/10/03 12:32:34.869, 1, 61, 72.39 W, 1410 MHz, 52 %, 62796 MiB
2026/10/03 12:32:34.870, 2, 50, 87.39 W, 1410 MHz, 45 %, 62780 MiB
2026/10/03 12:32:34.870, 3, 49, 61.27 W, 1410 MHz, 43 %, 62796 MiB
2026/10/03 12:32:36.870, 0, 54, 82.82 W, 1410 MHz, 98 %, 62780 MiB
2026/10/03 12:32:36.870, 1, 61, 101.60 W, 1410 MHz, 98 %, 62796 MiB
2026/10/03 12:32:36.871, 2, 51, 95.72 W, 1410 MHz, 98 %, 62780 MiB
2026/10/03 12:32:36.871, 3, 49, 73.86 W, 1410 MHz, 97 %, 62796 MiB
2026/10/03 12:32:38.871, 0, 54, 74.94 W, 1410 MHz, 44 %, 62780 MiB
2026/10/03 12:32:38.872, 1, 61, 79.38 W, 1410 MHz, 39 %, 62796 MiB
2026/10/03 12:32:38.872, 2, 51, 87.79 W, 1410 MHz, 43 %, 62780 MiB
2026/10/03 12:32:38.872, 3, 49, 71.19 W, 1410 MHz, 41 %, 62796 MiB
2026/10/03 12:32:40.872, 0, 54, 71.09 W, 1410 MHz, 58 %, 62780 MiB
2026/10/03 12:32:40.873, 1, 61, 97.95 W, 1410 MHz, 66 %, 62796 MiB
2026/10/03 12:32:40.873, 2, 51, 69.63 W, 1410 MHz, 52 %, 62780 MiB
2026/10/03 12:32:40.873, 3, 49, 60.94 W, 1410 MHz, 43 %, 62796 MiB
2026/10/03 12:32:42.873, 0, 54, 80.63 W, 1410 MHz, 80 %, 62780 MiB
2026/10/03 12:32:42.874, 1, 62, 91.43 W, 1410 MHz, 58 %, 62796 MiB
2026/10/03 12:32:42.874, 2, 51, 95.95 W, 1410 MHz, 74 %, 62780 MiB
2026/10/03 12:32:42.874, 3, 49, 67.27 W, 1410 MHz, 57 %, 62796 MiB
2026/10/03 12:32:44.874, 0, 54, 62.26 W, 1410 MHz, 53 %, 62780 MiB
2026/10/03 12:32:44.875, 1, 62, 97.21 W, 1410 MHz, 39 %, 62796 MiB
2026/10/03 12:32:44.875, 2, 51, 69.02 W, 1410 MHz, 41 %, 62780 MiB
2026/10/03 12:32:44.875, 3, 49, 53.99 W, 1410 MHz, 39 %, 62796 MiB
2026/10/03 12:32:46.876, 0, 53, 55.20 W, 1410 MHz, 0 %, 62780 MiB
2026/10/03 12:32:46.876, 1, 60, 66.35 W, 1410 MHz, 0 %, 62796 MiB
2026/10/03 12:32:46.876, 2, 49, 59.32 W, 1410 MHz, 0 %, 62780 MiB
2026/10/03 12:32:46.876, 3, 48, 48.01 W, 1410 MHz, 0 %, 62796 MiB
2026/10/03 12:32:48.877, 0, 52, 48.09 W, 1140 MHz, 0 %, 62780 MiB
2026/10/03 12:32:48.879, 1, 60, 49.73 W, 1140 MHz, 0 %, 62796 MiB
2026/10/03 12:32:48.879, 2, 48, 44.10 W, 1140 MHz, 0 %, 62780 MiB
2026/10/03 12:32:48.879, 3, 48, 42.53 W, 1140 MHz, 0 %, 62796 MiB
2026/10/03 12:32:50.880, 0, 52, 47.91 W, 1140 MHz, 0 %, 62780 MiB
2026/10/03 12:32:50.880, 1, 59, 49.62 W, 1140 MHz, 0 %, 62796 MiB
2026/10/03 12:32:50.880, 2, 48, 44.00 W, 1140 MHz, 0 %, 62780 MiB
2026/10/03 12:32:50.881, 3, 47, 42.43 W, 1140 MHz, 0 %, 62796 MiB
2026/10/03 12:32:52.881, 0, 52, 47.81 W, 1140 MHz, 0 %, 62780 MiB
2026/10/03 12:32:52.881, 1, 59, 49.73 W, 1140 MHz, 0 %, 62796 MiB
2026/10/03 12:32:52.882, 2, 48, 44.00 W, 1140 MHz, 0 %, 62780 MiB
2026/10/03 12:32:52.882, 3, 47, 42.33 W, 1140 MHz, 0 %, 62796 MiB
2026/10/03 12:32:54.882, 0, 52, 47.52 W, 1140 MHz, 0 %, 62780 MiB
2026/10/03 12:32:54.884, 1, 59, 49.42 W, 1140 MHz, 0 %, 62796 MiB
2026/10/03 12:32:54.884, 2, 48, 44.10 W, 1140 MHz, 0 %, 62780 MiB
2026/10/03 12:32:54.885, 3, 47, 42.72 W, 1140 MHz, 0 %, 62796 MiB
2026/10/03 12:32:56.885, 0, 52, 47.51 W, 1140 MHz, 0 %, 62780 MiB
2026/10/03 12:32:56.885, 1, 59, 49.13 W, 1140 MHz, 0 %, 62796 MiB
2026/10/03 12:32:56.886, 2, 48, 43.81 W, 1140 MHz, 0 %, 62780 MiB
2026/10/03 12:32:56.886, 3, 47, 42.43 W, 1140 MHz, 0 %, 62796 MiB
2026/10/03 12:32:58.886, 0, 52, 47.52 W, 1140 MHz, 0 %, 62780 MiB
2026/10/03 12:32:58.888, 1, 59, 49.13 W, 1140 MHz, 0 %, 62796 MiB
2026/10/03 12:32:58.888, 2, 48, 43.72 W, 1140 MHz, 0 %, 62780 MiB
2026/10/03 12:32:58.888, 3, 47, 42.43 W, 1140 MHz, 0 %, 62796 MiB
2026/10/03 12:33:00.889, 0, 52, 47.43 W, 1140 MHz, 0 %, 62780 MiB
2026/10/03 12:33:00.889, 1, 59, 49.13 W, 1140 MHz, 0 %, 62796 MiB
2026/10/03 12:33:00.890, 2, 48, 43.62 W, 1140 MHz, 0 %, 62780 MiB
2026/10/03 12:33:00.890, 3, 47, 42.33 W, 1140 MHz, 0 %, 62796 MiB
2026/10/03 12:33:02.890, 0, 52, 47.43 W, 1140 MHz, 0 %, 62780 MiB
2026/10/03 12:33:02.890, 1, 59, 49.04 W, 1140 MHz, 0 %, 62796 MiB
2026/10/03 12:33:02.891, 2, 48, 43.52 W, 1140 MHz, 0 %, 62780 MiB
2026/10/03 12:33:02.891, 3, 47, 42.24 W, 1140 MHz, 0 %, 62796 MiB
2026/10/03 12:33:04.891, 0, 52, 47.43 W, 1140 MHz, 0 %, 62780 MiB
2026/10/03 12:33:04.893, 1, 59, 49.04 W, 1140 MHz, 0 %, 62796 MiB
2026/10/03 12:33:04.893, 2, 47, 43.52 W, 1140 MHz, 0 %, 62780 MiB
2026/10/03 12:33:04.893, 3, 47, 42.24 W, 1140 MHz, 0 %, 62796 MiB
2026/10/03 12:33:06.894, 0, 52, 47.62 W, 1140 MHz, 0 %, 62780 MiB
2026/10/03 12:33:06.894, 1, 59, 48.95 W, 1140 MHz, 0 %, 62796 MiB
2026/10/03 12:33:06.894, 2, 47, 43.62 W, 1140 MHz, 0 %, 62780 MiB
2026/10/03 12:33:06.894, 3, 47, 42.33 W, 1140 MHz, 0 %, 62796 MiB
2026/10/03 12:33:08.895, 0, 52, 47.52 W, 1140 MHz, 0 %, 62780 MiB
2026/10/03 12:33:08.895, 1, 58, 48.85 W, 1140 MHz, 0 %, 62796 MiB
2026/10/03 12:33:08.895, 2, 47, 43.52 W, 1140 MHz, 0 %, 62780 MiB
2026/10/03 12:33:08.895, 3, 47, 42.14 W, 1140 MHz, 0 %, 62796 MiB
2026/10/03 12:33:10.896, 0, 52, 47.33 W, 1140 MHz, 0 %, 62780 MiB
2026/10/03 12:33:10.898, 1, 58, 49.23 W, 1140 MHz, 0 %, 62796 MiB
2026/10/03 12:33:10.898, 2, 47, 43.52 W, 1140 MHz, 0 %, 62780 MiB
2026/10/03 12:33:10.898, 3, 47, 42.14 W, 1140 MHz, 0 %, 62796 MiB
2026/10/03 12:33:12.898, 0, 52, 47.33 W, 1140 MHz, 0 %, 62780 MiB
2026/10/03 12:33:12.899, 1, 58, 49.04 W, 1140 MHz, 0 %, 62796 MiB
2026/10/03 12:33:12.899, 2, 47, 43.52 W, 1140 MHz, 0 %, 62780 MiB
2026/10/03 12:33:12.899, 3, 47, 42.14 W, 1140 MHz, 0 %, 62796 MiB
2026/10/03 12:33:14.899, 0, 52, 47.33 W, 1140 MHz, 0 %, 62780 MiB
2026/10/03 12:33:14.901, 1, 58, 48.85 W, 1140 MHz, 0 %, 62796 MiB
2026/10/03 12:33:14.902, 2, 47, 43.62 W, 1140 MHz, 0 %, 62780 MiB
2026/10/03 12:33:14.902, 3, 47, 42.43 W, 1140 MHz, 0 %, 62796 MiB
2026/10/03 12:33:16.902, 0, 52, 47.24 W, 1140 MHz, 0 %, 62780 MiB
2026/10/03 12:33:16.903, 1, 58, 48.85 W, 1140 MHz, 0 %, 62796 MiB
2026/10/03 12:33:16.903, 2, 47, 43.52 W, 1140 MHz, 0 %, 62780 MiB
2026/10/03 12:33:16.903, 3, 47, 42.33 W, 1140 MHz, 0 %, 62796 MiB
2026/10/03 12:33:18.903, 0, 51, 47.24 W, 1140 MHz, 0 %, 62780 MiB
2026/10/03 12:33:18.904, 1, 58, 48.75 W, 1140 MHz, 0 %, 62796 MiB
2026/10/03 12:33:18.904, 2, 47, 43.42 W, 1140 MHz, 0 %, 62780 MiB
2026/10/03 12:33:18.904, 3, 47, 42.14 W, 1140 MHz, 0 %, 62796 MiB
2026/10/03 12:33:20.905, 0, 51, 47.24 W, 1140 MHz, 0 %, 62780 MiB
2026/10/03 12:33:20.907, 1, 58, 48.85 W, 1140 MHz, 0 %, 62796 MiB
2026/10/03 12:33:20.907, 2, 47, 43.43 W, 1140 MHz, 0 %, 62780 MiB
2026/10/03 12:33:20.908, 3, 46, 42.03 W, 1140 MHz, 0 %, 62796 MiB
2026/10/03 12:33:22.908, 0, 51, 47.33 W, 1140 MHz, 0 %, 62780 MiB
2026/10/03 12:33:22.908, 1, 58, 48.75 W, 1140 MHz, 0 %, 62796 MiB
2026/10/03 12:33:22.908, 2, 47, 43.43 W, 1140 MHz, 0 %, 62780 MiB
2026/10/03 12:33:22.909, 3, 46, 42.14 W, 1140 MHz, 0 %, 62796 MiB
2026/10/03 12:33:24.909, 0, 51, 47.24 W, 1140 MHz, 0 %, 62780 MiB
2026/10/03 12:33:24.910, 1, 58, 48.75 W, 1140 MHz, 0 %, 62796 MiB
2026/10/03 12:33:24.911, 2, 47, 43.32 W, 1140 MHz, 0 %, 62780 MiB
2026/10/03 12:33:24.911, 3, 46, 42.03 W, 1140 MHz, 0 %, 62796 MiB
2026/10/03 12:33:26.911, 0, 51, 47.52 W, 1140 MHz, 0 %, 62780 MiB
2026/10/03 12:33:26.912, 1, 58, 48.65 W, 1140 MHz, 0 %, 62796 MiB
2026/10/03 12:33:26.912, 2, 47, 43.22 W, 1140 MHz, 0 %, 62780 MiB
2026/10/03 12:33:26.912, 3, 46, 42.05 W, 1140 MHz, 0 %, 62796 MiB
2026/10/03 12:33:28.912, 0, 51, 47.33 W, 1140 MHz, 0 %, 62780 MiB
2026/10/03 12:33:28.913, 1, 58, 48.76 W, 1140 MHz, 0 %, 62796 MiB
2026/10/03 12:33:28.913, 2, 46, 43.32 W, 1140 MHz, 0 %, 62780 MiB
2026/10/03 12:33:28.913, 3, 46, 42.13 W, 1140 MHz, 0 %, 62796 MiB
2026/10/03 12:33:30.913, 0, 54, 75.94 W, 1410 MHz, 96 %, 62780 MiB
2026/10/03 12:33:30.923, 1, 61, 110.90 W, 1320 MHz, 98 %, 62796 MiB
2026/10/03 12:33:30.923, 2, 51, 111.00 W, 1320 MHz, 95 %, 62780 MiB
2026/10/03 12:33:30.923, 3, 48, 113.73 W, 1410 MHz, 99 %, 62796 MiB
2026/10/03 12:33:32.923, 0, 55, 139.79 W, 1410 MHz, 97 %, 62780 MiB
2026/10/03 12:33:32.924, 1, 61, 151.66 W, 1275 MHz, 98 %, 62796 MiB
2026/10/03 12:33:32.924, 2, 51, 63.14 W, 1365 MHz, 99 %, 62780 MiB
2026/10/03 12:33:32.924, 3, 50, 90.94 W, 1410 MHz, 95 %, 62796 MiB
2026/10/03 12:33:34.924, 0, 56, 134.35 W, 1410 MHz, 94 %, 62780 MiB
2026/10/03 12:33:34.925, 1, 63, 95.50 W, 1275 MHz, 99 %, 62796 MiB
2026/10/03 12:33:34.925, 2, 51, 70.34 W, 1380 MHz, 95 %, 62780 MiB
2026/10/03 12:33:34.925, 3, 49, 141.26 W, 1410 MHz, 99 %, 62796 MiB
2026/10/03 12:33:36.925, 0, 53, 54.99 W, 1410 MHz, 0 %, 62780 MiB
2026/10/03 12:33:36.926, 1, 60, 66.25 W, 1410 MHz, 0 %, 62796 MiB
2026/10/03 12:33:36.926, 2, 49, 58.46 W, 1410 MHz, 0 %, 62780 MiB
2026/10/03 12:33:36.926, 3, 48, 48.02 W, 1410 MHz, 0 %, 62796 MiB
2026/10/03 12:33:38.926, 0, 52, 47.71 W, 1140 MHz, 0 %, 62780 MiB
2026/10/03 12:33:38.927, 1, 59, 49.23 W, 1140 MHz, 0 %, 62796 MiB
2026/10/03 12:33:38.927, 2, 47, 43.72 W, 1140 MHz, 0 %, 62780 MiB
2026/10/03 12:33:38.927, 3, 47, 42.33 W, 1140 MHz, 0 %, 62796 MiB
2026/10/03 12:33:40.928, 0, 52, 47.90 W, 1140 MHz, 0 %, 62780 MiB
2026/10/03 12:33:40.929, 1, 59, 49.50 W, 1140 MHz, 0 %, 62796 MiB
2026/10/03 12:33:40.930, 2, 47, 43.62 W, 1140 MHz, 0 %, 62780 MiB
2026/10/03 12:33:40.930, 3, 47, 42.43 W, 1140 MHz, 0 %, 62796 MiB
2026/10/03 12:33:42.930, 0, 52, 47.72 W, 1140 MHz, 0 %, 62780 MiB
2026/10/03 12:33:42.930, 1, 58, 49.13 W, 1140 MHz, 0 %, 62796 MiB
2026/10/03 12:33:42.931, 2, 47, 43.52 W, 1140 MHz, 0 %, 62780 MiB
2026/10/03 12:33:42.931, 3, 47, 42.24 W, 1140 MHz, 0 %, 62796 MiB
2026/10/03 12:33:44.931, 0, 52, 47.51 W, 1140 MHz, 0 %, 62780 MiB
2026/10/03 12:33:44.932, 1, 58, 49.13 W, 1140 MHz, 0 %, 62796 MiB
2026/10/03 12:33:44.932, 2, 47, 44.00 W, 1140 MHz, 0 %, 62780 MiB
2026/10/03 12:33:44.932, 3, 47, 42.33 W, 1140 MHz, 0 %, 62796 MiB
2026/10/03 12:33:46.932, 0, 52, 47.51 W, 1140 MHz, 0 %, 62780 MiB
2026/10/03 12:33:46.933, 1, 58, 48.94 W, 1140 MHz, 0 %, 62796 MiB
2026/10/03 12:33:46.933, 2, 47, 43.62 W, 1140 MHz, 0 %, 62780 MiB
2026/10/03 12:33:46.933, 3, 47, 42.43 W, 1140 MHz, 0 %, 62796 MiB
2026/10/03 12:33:48.933, 0, 52, 47.52 W, 1140 MHz, 0 %, 62780 MiB
2026/10/03 12:33:48.934, 1, 58, 48.94 W, 1140 MHz, 0 %, 62796 MiB
2026/10/03 12:33:48.934, 2, 47, 43.62 W, 1140 MHz, 0 %, 62780 MiB
2026/10/03 12:33:48.934, 3, 47, 42.43 W, 1140 MHz, 0 %, 62796 MiB
2026/10/03 12:33:50.935, 0, 52, 47.42 W, 1140 MHz, 0 %, 62780 MiB
2026/10/03 12:33:50.936, 1, 58, 48.85 W, 1140 MHz, 0 %, 62796 MiB
2026/10/03 12:33:50.936, 2, 47, 43.43 W, 1140 MHz, 0 %, 62780 MiB
2026/10/03 12:33:50.936, 3, 47, 42.23 W, 1140 MHz, 0 %, 62796 MiB
2026/10/03 12:33:52.937, 0, 51, 47.33 W, 1140 MHz, 0 %, 62780 MiB
2026/10/03 12:33:52.937, 1, 58, 48.85 W, 1140 MHz, 0 %, 62796 MiB
2026/10/03 12:33:52.937, 2, 47, 43.52 W, 1140 MHz, 0 %, 62780 MiB
2026/10/03 12:33:52.938, 3, 46, 42.03 W, 1140 MHz, 0 %, 62796 MiB
2026/10/03 12:33:54.938, 0, 51, 47.34 W, 1140 MHz, 0 %, 62780 MiB
2026/10/03 12:33:54.939, 1, 58, 48.76 W, 1140 MHz, 0 %, 62796 MiB
2026/10/03 12:33:54.939, 2, 47, 43.54 W, 1140 MHz, 0 %, 62780 MiB
2026/10/03 12:33:54.939, 3, 46, 42.14 W, 1140 MHz, 0 %, 62796 MiB
2026/10/03 12:33:56.940, 0, 51, 47.33 W, 1140 MHz, 0 %, 62780 MiB
2026/10/03 12:33:56.942, 1, 58, 48.75 W, 1140 MHz, 0 %, 62796 MiB
2026/10/03 12:33:56.942, 2, 46, 43.43 W, 1140 MHz, 0 %, 62780 MiB
2026/10/03 12:33:56.942, 3, 46, 41.94 W, 1140 MHz, 0 %, 62796 MiB
2026/10/03 12:33:58.942, 0, 51, 47.24 W, 1140 MHz, 0 %, 62780 MiB
2026/10/03 12:33:58.943, 1, 58, 48.75 W, 1140 MHz, 0 %, 62796 MiB
2026/10/03 12:33:58.943, 2, 46, 43.42 W, 1140 MHz, 0 %, 62780 MiB
2026/10/03 12:33:58.943, 3, 46, 41.94 W, 1140 MHz, 0 %, 62796 MiB
2026/10/03 12:34:00.944, 0, 51, 47.33 W, 1140 MHz, 0 %, 62780 MiB
2026/10/03 12:34:00.946, 1, 58, 48.95 W, 1140 MHz, 0 %, 62796 MiB
2026/10/03 12:34:00.946, 2, 46, 43.32 W, 1140 MHz, 0 %, 62780 MiB
2026/10/03 12:34:00.946, 3, 46, 41.94 W, 1140 MHz, 0 %, 62796 MiB
2026/10/03 12:34:02.947, 0, 51, 47.24 W, 1140 MHz, 0 %, 62780 MiB
2026/10/03 12:34:02.947, 1, 58, 48.65 W, 1140 MHz, 0 %, 62796 MiB
2026/10/03 12:34:02.947, 2, 46, 43.32 W, 1140 MHz, 0 %, 62780 MiB
2026/10/03 12:34:02.948, 3, 46, 41.84 W, 1140 MHz, 0 %, 62796 MiB
2026/10/03 12:34:04.948, 0, 51, 47.06 W, 1140 MHz, 0 %, 62780 MiB
2026/10/03 12:34:04.948, 1, 58, 48.46 W, 1140 MHz, 0 %, 62796 MiB
2026/10/03 12:34:04.949, 2, 46, 43.43 W, 1140 MHz, 0 %, 62780 MiB
2026/10/03 12:34:04.949, 3, 46, 41.84 W, 1140 MHz, 0 %, 62796 MiB
2026/10/03 12:34:06.949, 0, 51, 47.04 W, 1140 MHz, 0 %, 62780 MiB
2026/10/03 12:34:06.951, 1, 57, 48.37 W, 1140 MHz, 0 %, 62796 MiB
2026/10/03 12:34:06.951, 2, 46, 43.32 W, 1140 MHz, 0 %, 62780 MiB
2026/10/03 12:34:06.951, 3, 46, 42.14 W, 1140 MHz, 0 %, 62796 MiB
2026/10/03 12:34:08.951, 0, 51, 47.06 W, 1140 MHz, 0 %, 62780 MiB
2026/10/03 12:34:08.952, 1, 57, 48.37 W, 1140 MHz, 0 %, 62796 MiB
2026/10/03 12:34:08.952, 2, 46, 43.13 W, 1140 MHz, 0 %, 62780 MiB
2026/10/03 12:34:08.952, 3, 46, 42.03 W, 1140 MHz, 0 %, 62796 MiB
2026/10/03 12:34:10.953, 0, 51, 47.04 W, 1140 MHz, 0 %, 62780 MiB
2026/10/03 12:34:10.954, 1, 57, 48.26 W, 1140 MHz, 0 %, 62796 MiB
2026/10/03 12:34:10.954, 2, 46, 43.13 W, 1140 MHz, 0 %, 62780 MiB
2026/10/03 12:34:10.954, 3, 46, 41.94 W, 1140 MHz, 0 %, 62796 MiB
2026/10/03 12:34:12.955, 0, 51, 46.95 W, 1140 MHz, 0 %, 62780 MiB
2026/10/03 12:34:12.955, 1, 57, 48.26 W, 1140 MHz, 0 %, 62796 MiB
2026/10/03 12:34:12.955, 2, 46, 43.13 W, 1140 MHz, 0 %, 62780 MiB
2026/10/03 12:34:12.955, 3, 46, 41.94 W, 1140 MHz, 0 %, 62796 MiB
2026/10/03 12:34:14.956, 0, 51, 46.96 W, 1140 MHz, 0 %, 62780 MiB
2026/10/03 12:34:14.956, 1, 57, 48.56 W, 1140 MHz, 0 %, 62796 MiB
2026/10/03 12:34:14.956, 2, 46, 42.96 W, 1140 MHz, 0 %, 62780 MiB
2026/10/03 12:34:14.957, 3, 46, 41.85 W, 1140 MHz, 0 %, 62796 MiB
2026/10/03 12:34:16.957, 0, 54, 110.43 W, 1410 MHz, 99 %, 62780 MiB
2026/10/03 12:34:16.957, 1, 60, 161.27 W, 1395 MHz, 99 %, 62796 MiB
2026/10/03 12:34:16.957, 2, 50, 136.04 W, 1380 MHz, 99 %, 62780 MiB
2026/10/03 12:34:16.958, 3, 49, 115.43 W, 1410 MHz, 96 %, 62796 MiB
2026/10/03 12:34:18.958, 0, 54, 65.82 W, 1350 MHz, 99 %, 62780 MiB
2026/10/03 12:34:18.958, 1, 62, 114.35 W, 1260 MHz, 99 %, 62796 MiB
2026/10/03 12:34:18.959, 2, 50, 81.49 W, 1335 MHz, 99 %, 62780 MiB
2026/10/03 12:34:18.959, 3, 50, 126.24 W, 1410 MHz, 95 %, 62796 MiB
2026/10/03 12:34:20.959, 0, 55, 122.66 W, 1410 MHz, 98 %, 62780 MiB
2026/10/03 12:34:20.959, 1, 61, 104.11 W, 1365 MHz, 98 %, 62796 MiB
2026/10/03 12:34:20.960, 2, 50, 179.69 W, 1350 MHz, 98 %, 62780 MiB
2026/10/03 12:34:20.960, 3, 49, 120.99 W, 1410 MHz, 94 %, 62796 MiB
2026/10/03 12:34:22.960, 0, 52, 54.61 W, 1410 MHz, 0 %, 62780 MiB
2026/10/03 12:34:22.961, 1, 59, 64.83 W, 1410 MHz, 0 %, 62796 MiB
2026/10/03 12:34:22.961, 2, 48, 58.17 W, 1410 MHz, 0 %, 62780 MiB
2026/10/03 12:34:22.961, 3, 47, 47.92 W, 1410 MHz, 0 %, 62796 MiB
2026/10/03 12:34:24.961, 0, 52, 47.43 W, 1140 MHz, 0 %, 62780 MiB
2026/10/03 12:34:24.962, 1, 58, 48.75 W, 1140 MHz, 0 %, 62796 MiB
2026/10/03 12:34:24.962, 2, 47, 43.43 W, 1140 MHz, 0 %, 62780 MiB
2026/10/03 12:34:24.962, 3, 47, 42.14 W, 1140 MHz, 0 %, 62796 MiB
2026/10/03 12:34:26.962, 0, 52, 47.33 W, 1140 MHz, 0 %, 62780 MiB
2026/10/03 12:34:26.964, 1, 58, 48.65 W, 1140 MHz, 0 %, 62796 MiB
2026/10/03 12:34:26.964, 2, 47, 43.43 W, 1140 MHz, 0 %, 62780 MiB
2026/10/03 12:34:26.965, 3, 47, 42.24 W, 1140 MHz, 0 %, 62796 MiB
2026/10/03 12:34:28.965, 0, 51, 47.33 W, 1140 MHz, 0 %, 62780 MiB
2026/10/03 12:34:28.965, 1, 58, 48.85 W, 1140 MHz, 0 %, 62796 MiB
2026/10/03 12:34:28.966, 2, 47, 43.32 W, 1140 MHz, 0 %, 62780 MiB
2026/10/03 12:34:28.966, 3, 46, 42.13 W, 1140 MHz, 0 %, 62796 MiB
2026/10/03 12:34:30.966, 0, 51, 47.14 W, 1140 MHz, 0 %, 62780 MiB
2026/10/03 12:34:30.966, 1, 58, 48.65 W, 1140 MHz, 0 %, 62796 MiB
2026/10/03 12:34:30.967, 2, 46, 43.32 W, 1140 MHz, 0 %, 62780 MiB
2026/10/03 12:34:30.967, 3, 46, 42.14 W, 1140 MHz, 0 %, 62796 MiB
2026/10/03 12:34:32.967, 0, 51, 47.43 W, 1140 MHz, 0 %, 62780 MiB
2026/10/03 12:34:32.968, 1, 58, 48.56 W, 1140 MHz, 0 %, 62796 MiB
2026/10/03 12:34:32.968, 2, 46, 43.52 W, 1140 MHz, 0 %, 62780 MiB
2026/10/03 12:34:32.968, 3, 46, 42.13 W, 1140 MHz, 0 %, 62796 MiB
2026/10/03 12:34:34.968, 0, 51, 47.43 W, 1140 MHz, 0 %, 62780 MiB
2026/10/03 12:34:34.969, 1, 57, 48.47 W, 1140 MHz, 0 %, 62796 MiB
2026/10/03 12:34:34.969, 2, 46, 43.32 W, 1140 MHz, 0 %, 62780 MiB
2026/10/03 12:34:34.969, 3, 46, 42.13 W, 1140 MHz, 0 %, 62796 MiB
2026/10/03 12:34:36.969, 0, 51, 47.24 W, 1140 MHz, 0 %, 62780 MiB
2026/10/03 12:34:36.971, 1, 57, 48.47 W, 1140 MHz, 0 %, 62796 MiB
2026/10/03 12:34:36.972, 2, 46, 43.32 W, 1140 MHz, 0 %, 62780 MiB
2026/10/03 12:34:36.972, 3, 46, 41.94 W, 1140 MHz, 0 %, 62796 MiB
2026/10/03 12:34:38.972, 0, 51, 47.14 W, 1140 MHz, 0 %, 62780 MiB
2026/10/03 12:34:38.973, 1, 57, 48.37 W, 1140 MHz, 0 %, 62796 MiB
2026/10/03 12:34:38.973, 2, 46, 43.24 W, 1140 MHz, 0 %, 62780 MiB
2026/10/03 12:34:38.973, 3, 46, 42.33 W, 1140 MHz, 0 %, 62796 MiB
2026/10/03 12:34:40.974, 0, 51, 47.14 W, 1140 MHz, 0 %, 62780 MiB
2026/10/03 12:34:40.974, 1, 57, 48.27 W, 1140 MHz, 0 %, 62796 MiB
2026/10/03 12:34:40.974, 2, 46, 43.22 W, 1140 MHz, 0 %, 62780 MiB
2026/10/03 12:34:40.974, 3, 46, 42.14 W, 1140 MHz, 0 %, 62796 MiB
2026/10/03 12:34:42.975, 0, 51, 47.14 W, 1140 MHz, 0 %, 62780 MiB
2026/10/03 12:34:42.976, 1, 57, 48.37 W, 1140 MHz, 0 %, 62796 MiB
2026/10/03 12:34:42.976, 2, 46, 43.24 W, 1140 MHz, 0 %, 62780 MiB
2026/10/03 12:34:42.976, 3, 46, 42.03 W, 1140 MHz, 0 %, 62796 MiB
2026/10/03 12:34:44.977, 0, 51, 47.04 W, 1140 MHz, 0 %, 62780 MiB
2026/10/03 12:34:44.977, 1, 57, 48.26 W, 1140 MHz, 0 %, 62796 MiB
2026/10/03 12:34:44.977, 2, 46, 43.13 W, 1140 MHz, 0 %, 62780 MiB
2026/10/03 12:34:44.977, 3, 46, 42.03 W, 1140 MHz, 0 %, 62796 MiB
2026/10/03 12:34:46.978, 0, 51, 47.04 W, 1140 MHz, 0 %, 62780 MiB
2026/10/03 12:34:46.979, 1, 57, 48.26 W, 1140 MHz, 0 %, 62796 MiB
2026/10/03 12:34:46.979, 2, 46, 43.15 W, 1140 MHz, 0 %, 62780 MiB
2026/10/03 12:34:46.979, 3, 46, 42.03 W, 1140 MHz, 0 %, 62796 MiB
2026/10/03 12:34:48.979, 0, 51, 46.96 W, 1140 MHz, 0 %, 62780 MiB
2026/10/03 12:34:48.980, 1, 57, 48.47 W, 1140 MHz, 0 %, 62796 MiB
2026/10/03 12:34:48.980, 2, 46, 43.24 W, 1140 MHz, 0 %, 62780 MiB
2026/10/03 12:34:48.980, 3, 46, 41.94 W, 1140 MHz, 0 %, 62796 MiB
2026/10/03 12:34:50.980, 0, 53, 129.77 W, 1410 MHz, 99 %, 62780 MiB
2026/10/03 12:34:50.981, 1, 60, 155.08 W, 1335 MHz, 96 %, 62796 MiB
2026/10/03 12:34:50.981, 2, 49, 137.27 W, 1170 MHz, 99 %, 62780 MiB
2026/10/03 12:34:50.981, 3, 49, 111.95 W, 1410 MHz, 93 %, 62796 MiB
2026/10/03 12:34:52.981, 0, 55, 60.28 W, 1410 MHz, 95 %, 62780 MiB
2026/10/03 12:34:52.982, 1, 60, 144.87 W, 1380 MHz, 99 %, 62796 MiB
2026/10/03 12:34:52.982, 2, 50, 61.43 W, 1395 MHz, 99 %, 62780 MiB
2026/10/03 12:34:52.982, 3, 49, 62.49 W, 1410 MHz, 99 %, 62796 MiB
2026/10/03 12:34:54.982, 0, 55, 97.35 W, 1410 MHz, 99 %, 62780 MiB
2026/10/03 12:34:54.983, 1, 61, 140.76 W, 1170 MHz, 97 %, 62796 MiB
2026/10/03 12:34:54.983, 2, 51, 73.81 W, 1215 MHz, 99 %, 62780 MiB
2026/10/03 12:34:54.983, 3, 50, 128.34 W, 1410 MHz, 99 %, 62796 MiB
2026/10/03 12:34:56.984, 0, 53, 58.35 W, 1410 MHz, 0 %, 62780 MiB
2026/10/03 12:34:56.984, 1, 59, 70.75 W, 1410 MHz, 0 %, 62796 MiB
2026/10/03 12:34:56.984, 2, 48, 63.56 W, 1410 MHz, 0 %, 62780 MiB
2026/10/03 12:34:56.984, 3, 47, 50.15 W, 1410 MHz, 0 %, 62796 MiB
2026/10/03 12:34:58.985, 0, 52, 49.64 W, 1140 MHz, 0 %, 62780 MiB
2026/10/03 12:34:58.985, 1, 58, 51.43 W, 1140 MHz, 0 %, 62796 MiB
2026/10/03 12:34:58.985, 2, 47, 46.05 W, 1140 MHz, 0 %, 62780 MiB
2026/10/03 12:34:58.985, 3, 47, 43.88 W, 1140 MHz, 0 %, 62796 MiB
2026/10/03 12:35:00.986, 0, 52, 49.55 W, 1140 MHz, 0 %, 62780 MiB
2026/10/03 12:35:00.986, 1, 58, 51.25 W, 1140 MHz, 0 %, 62796 MiB
2026/10/03 12:35:00.986, 2, 47, 46.05 W, 1140 MHz, 0 %, 62780 MiB
2026/10/03 12:35:00.986, 3, 47, 43.86 W, 1140 MHz, 0 %, 62796 MiB
2026/10/03 12:35:02.987, 0, 53, 106.26 W, 1170 MHz, 41 %, 62780 MiB
2026/10/03 12:35:02.987, 1, 60, 122.02 W, 1290 MHz, 59 %, 62796 MiB
2026/10/03 12:35:02.987, 2, 48, 113.98 W, 1140 MHz, 36 %, 62780 MiB
2026/10/03 12:35:02.988, 3, 48, 116.51 W, 1410 MHz, 66 %, 62796 MiB
2026/10/03 12:35:04.988, 0, 55, 132.97 W, 1410 MHz, 98 %, 62780 MiB
2026/10/03 12:35:04.988, 1, 61, 110.57 W, 1395 MHz, 98 %, 62796 MiB
2026/10/03 12:35:04.988, 2, 51, 122.89 W, 1365 MHz, 97 %, 62780 MiB
2026/10/03 12:35:04.989, 3, 50, 78.71 W, 1410 MHz, 97 %, 62796 MiB
2026/10/03 12:35:06.989, 0, 54, 69.35 W, 1410 MHz, 84 %, 62780 MiB
2026/10/03 12:35:06.989, 1, 61, 86.34 W, 1410 MHz, 77 %, 62796 MiB
2026/10/03 12:35:06.989, 2, 50, 77.75 W, 1410 MHz, 83 %, 62780 MiB
2026/10/03 12:35:06.990, 3, 48, 63.47 W, 1410 MHz, 76 %, 62796 MiB
2026/10/03 12:35:08.990, 0, 53, 75.64 W, 1410 MHz, 39 %, 62780 MiB
2026/10/03 12:35:08.990, 1, 60, 72.50 W, 1410 MHz, 48 %, 62796 MiB
2026/10/03 12:35:08.991, 2, 49, 92.10 W, 1410 MHz, 39 %, 62780 MiB
2026/10/03 12:35:08.991, 3, 48, 53.41 W, 1410 MHz, 48 %, 62796 MiB
2026/10/03 12:35:10.991, 0, 54, 80.50 W, 1410 MHz, 98 %, 62780 MiB
2026/10/03 12:35:10.991, 1, 61, 101.39 W, 1410 MHz, 99 %, 62796 MiB
2026/10/03 12:35:10.992, 2, 50, 93.25 W, 1410 MHz, 95 %, 62780 MiB
2026/10/03 12:35:10.992, 3, 49, 71.85 W, 1410 MHz, 97 %, 62796 MiB
2026/10/03 12:35:12.992, 0, 54, 78.75 W, 1410 MHz, 48 %, 62780 MiB
2026/10/03 12:35:12.992, 1, 61, 74.04 W, 1410 MHz, 55 %, 62796 MiB
2026/10/03 12:35:12.993, 2, 50, 90.62 W, 1410 MHz, 52 %, 62780 MiB
2026/10/03 12:35:12.993, 3, 48, 54.35 W, 1410 MHz, 54 %, 62796 MiB
2026/10/03 12:35:14.993, 0, 54, 61.81 W, 1410 MHz, 46 %, 62780 MiB
2026/10/03 12:35:14.994, 1, 60, 94.50 W, 1410 MHz, 56 %, 62796 MiB
2026/10/03 12:35:14.994, 2, 50, 68.44 W, 1410 MHz, 59 %, 62780 MiB
2026/10/03 12:35:14.994, 3, 48, 70.48 W, 1410 MHz, 55 %, 62796 MiB
2026/10/03 12:35:16.994, 0, 53, 62.66 W, 1410 MHz, 45 %, 62780 MiB
2026/10/03 12:35:16.995, 1, 61, 91.53 W, 1410 MHz, 44 %, 62796 MiB
2026/10/03 12:35:16.995, 2, 50, 69.90 W, 1410 MHz, 44 %, 62780 MiB
2026/10/03 12:35:16.995, 3, 48, 70.37 W, 1410 MHz, 43 %, 62796 MiB
2026/10/03 12:35:18.995, 0, 54, 77.93 W, 1410 MHz, 48 %, 62780 MiB
2026/10/03 12:35:18.996, 1, 61, 90.46 W, 1410 MHz, 50 %, 62796 MiB
2026/10/03 12:35:18.996, 2, 50, 88.74 W, 1410 MHz, 49 %, 62780 MiB
2026/10/03 12:35:18.996, 3, 48, 64.29 W, 1410 MHz, 50 %, 62796 MiB
2026/10/03 12:35:20.996, 0, 53, 59.80 W, 1410 MHz, 52 %, 62780 MiB
2026/10/03 12:35:20.997, 1, 61, 98.44 W, 1410 MHz, 40 %, 62796 MiB
2026/10/03 12:35:20.997, 2, 50, 80.76 W, 1410 MHz, 52 %, 62780 MiB
2026/10/03 12:35:20.997, 3, 48, 72.75 W, 1410 MHz, 76 %, 62796 MiB
2026/10/03 12:35:22.998, 0, 54, 63.89 W, 1410 MHz, 73 %, 62780 MiB
2026/10/03 12:35:22.998, 1, 61, 84.47 W, 1410 MHz, 43 %, 62796 MiB
2026/10/03 12:35:22.998, 2, 50, 65.58 W, 1410 MHz, 73 %, 62780 MiB
2026/10/03 12:35:22.998, 3, 48, 61.01 W, 1410 MHz, 53 %, 62796 MiB
2026/10/03 12:35:24.999, 0, 54, 79.78 W, 1410 MHz, 59 %, 62780 MiB
2026/10/03 12:35:24.999, 1, 61, 72.69 W, 1410 MHz, 60 %, 62796 MiB
2026/10/03 12:35:24.999, 2, 50, 90.04 W, 1410 MHz, 59 %, 62780 MiB
2026/10/03 12:35:24.999, 3, 49, 52.72 W, 1410 MHz, 59 %, 62796 MiB
2026/10/03 12:35:27.000, 0, 54, 75.38 W, 1410 MHz, 39 %, 62780 MiB
2026/10/03 12:35:27.000, 1, 61, 95.53 W, 1410 MHz, 41 %, 62796 MiB
2026/10/03 12:35:27.000, 2, 51, 82.97 W, 1410 MHz, 39 %, 62780 MiB
2026/10/03 12:35:27.000, 3, 49, 71.50 W, 1410 MHz, 41 %, 62796 MiB
2026/10/03 12:35:29.001, 0, 54, 79.40 W, 1410 MHz, 45 %, 62780 MiB
2026/10/03 12:35:29.001, 1, 61, 96.61 W, 1410 MHz, 39 %, 62796 MiB
2026/10/03 12:35:29.001, 2, 50, 90.21 W, 1410 MHz, 46 %, 62780 MiB
2026/10/03 12:35:29.002, 3, 49, 57.61 W, 1410 MHz, 40 %, 62796 MiB
2026/10/03 12:35:31.002, 0, 54, 75.71 W, 1410 MHz, 48 %, 62780 MiB
2026/10/03 12:35:31.002, 1, 61, 74.40 W, 1410 MHz, 41 %, 62796 MiB
2026/10/03 12:35:31.002, 2, 51, 89.80 W, 1410 MHz, 48 %, 62780 MiB
2026/10/03 12:35:31.003, 3, 49, 56.57 W, 1410 MHz, 42 %, 62796 MiB
2026/10/03 12:35:33.003, 0, 54, 78.37 W, 1410 MHz, 75 %, 62780 MiB
2026/10/03 12:35:33.003, 1, 61, 82.87 W, 1410 MHz, 52 %, 62796 MiB
2026/10/03 12:35:33.004, 2, 51, 90.81 W, 1410 MHz, 75 %, 62780 MiB
2026/10/03 12:35:33.004, 3, 49, 58.56 W, 1410 MHz, 51 %, 62796 MiB
2026/10/03 12:35:35.004, 0, 55, 64.78 W, 1410 MHz, 0 %, 62780 MiB
2026/10/03 12:35:35.004, 1, 61, 50.67 W, 1140 MHz, 0 %, 62796 MiB
2026/10/03 12:35:35.005, 2, 50, 71.91 W, 1395 MHz, 0 %, 62780 MiB
2026/10/03 12:35:35.005, 3, 48, 42.99 W, 1140 MHz, 0 %, 62796 MiB
2026/10/03 12:35:37.005, 0, 55, 155.43 W, 1410 MHz, 99 %, 62780 MiB
2026/10/03 12:35:37.005, 1, 63, 78.56 W, 1185 MHz, 99 %, 62796 MiB
2026/10/03 12:35:37.006, 2, 53, 61.83 W, 1320 MHz, 99 %, 62780 MiB
2026/10/03 12:35:37.006, 3, 51, 61.69 W, 1395 MHz, 97 %, 62796 MiB
2026/10/03 12:35:39.006, 0, 56, 140.65 W, 1410 MHz, 96 %, 62780 MiB
2026/10/03 12:35:39.007, 1, 64, 142.46 W, 1290 MHz, 99 %, 62796 MiB
2026/10/03 12:35:39.007, 2, 52, 63.64 W, 1395 MHz, 99 %, 62780 MiB
2026/10/03 12:35:39.007, 3, 50, 69.07 W, 1410 MHz, 92 %, 62796 MiB
2026/10/03 12:35:41.007, 0, 56, 62.19 W, 1410 MHz, 99 %, 62780 MiB
2026/10/03 12:35:41.008, 1, 63, 139.22 W, 1365 MHz, 98 %, 62796 MiB
2026/10/03 12:35:41.008, 2, 53, 114.24 W, 1335 MHz, 98 %, 62780 MiB
2026/10/03 12:35:41.008, 3, 51, 70.13 W, 1410 MHz, 97 %, 62796 MiB
2026/10/03 12:35:43.008, 0, 56, 64.11 W, 1410 MHz, 99 %, 62780 MiB
2026/10/03 12:35:43.009, 1, 64, 74.57 W, 1380 MHz, 99 %, 62796 MiB
2026/10/03 12:35:43.009, 2, 52, 64.71 W, 1395 MHz, 97 %, 62780 MiB
2026/10/03 12:35:43.009, 3, 51, 62.92 W, 1410 MHz, 94 %, 62796 MiB
2026/10/03 12:35:45.009, 0, 56, 62.57 W, 1410 MHz, 95 %, 62780 MiB
2026/10/03 12:35:45.010, 1, 64, 113.00 W, 1365 MHz, 96 %, 62796 MiB
2026/10/03 12:35:45.010, 2, 53, 139.25 W, 1380 MHz, 99 %, 62780 MiB
2026/10/03 12:35:45.010, 3, 51, 126.51 W, 1410 MHz, 99 %, 62796 MiB
2026/10/03 12:35:47.010, 0, 58, 140.41 W, 1335 MHz, 99 %, 62780 MiB
2026/10/03 12:35:47.011, 1, 65, 163.01 W, 1230 MHz, 99 %, 62796 MiB
2026/10/03 12:35:47.011, 2, 54, 63.64 W, 1395 MHz, 97 %, 62780 MiB
2026/10/03 12:35:47.011, 3, 51, 89.43 W, 1410 MHz, 98 %, 62796 MiB
2026/10/03 12:35:49.011, 0, 54, 55.97 W, 1410 MHz, 0 %, 62780 MiB
2026/10/03 12:35:49.012, 1, 62, 67.97 W, 1410 MHz, 0 %, 62796 MiB
2026/10/03 12:35:49.012, 2, 51, 59.90 W, 1410 MHz, 0 %, 62780 MiB
2026/10/03 12:35:49.012, 3, 49, 48.58 W, 1410 MHz, 0 %, 62796 MiB
2026/10/03 12:35:51.013, 0, 54, 48.39 W, 1140 MHz, 0 %, 62780 MiB
2026/10/03 12:35:51.013, 1, 61, 50.29 W, 1140 MHz, 0 %, 62796 MiB
2026/10/03 12:35:51.013, 2, 50, 44.40 W, 1140 MHz, 0 %, 62780 MiB
2026/10/03 12:35:51.014, 3, 49, 42.52 W, 1140 MHz, 0 %, 62796 MiB
2026/10/03 12:35:53.014, 0, 53, 48.29 W, 1140 MHz, 0 %, 62780 MiB
2026/10/03 12:35:53.014, 1, 60, 50.38 W, 1140 MHz, 0 %, 62796 MiB
2026/10/03 12:35:53.015, 2, 49, 44.40 W, 1140 MHz, 0 %, 62780 MiB
2026/10/03 12:35:53.015, 3, 48, 42.52 W, 1140 MHz, 0 %, 62796 MiB
2026/10/03 12:35:55.015, 0, 53, 48.39 W, 1140 MHz, 0 %, 62780 MiB
2026/10/03 12:35:55.015, 1, 60, 50.10 W, 1140 MHz, 0 %, 62796 MiB
2026/10/03 12:35:55.016, 2, 49, 44.30 W, 1140 MHz, 0 %, 62780 MiB
2026/10/03 12:35:55.016, 3, 48, 42.52 W, 1140 MHz, 0 %, 62796 MiB
2026/10/03 12:35:57.016, 0, 53, 48.19 W, 1140 MHz, 0 %, 62780 MiB
2026/10/03 12:35:57.017, 1, 60, 50.11 W, 1140 MHz, 0 %, 62796 MiB
2026/10/03 12:35:57.017, 2, 49, 44.21 W, 1140 MHz, 0 %, 62780 MiB
2026/10/03 12:35:57.017, 3, 48, 42.81 W, 1140 MHz, 0 %, 62796 MiB
2026/10/03 12:35:59.017, 0, 53, 48.09 W, 1140 MHz, 0 %, 62780 MiB
2026/10/03 12:35:59.018, 1, 60, 49.92 W, 1140 MHz, 0 %, 62796 MiB
2026/10/03 12:35:59.018, 2, 49, 44.21 W, 1140 MHz, 0 %, 62780 MiB
2026/10/03 12:35:59.018, 3, 48, 42.72 W, 1140 MHz, 0 %, 62796 MiB
2026/10/03 12:36:01.019, 0, 53, 48.01 W, 1140 MHz, 0 %, 62780 MiB
2026/10/03 12:36:01.019, 1, 60, 49.83 W, 1140 MHz, 0 %, 62796 MiB
2026/10/03 12:36:01.019, 2, 49, 44.40 W, 1140 MHz, 0 %, 62780 MiB
2026/10/03 12:36:01.019, 3, 48, 42.43 W, 1140 MHz, 0 %, 62796 MiB
2026/10/03 12:36:03.020, 0, 53, 48.00 W, 1140 MHz, 0 %, 62780 MiB
2026/10/03 12:36:03.020, 1, 60, 49.73 W, 1140 MHz, 0 %, 62796 MiB
2026/10/03 12:36:03.020, 2, 49, 44.30 W, 1140 MHz, 0 %, 62780 MiB
2026/10/03 12:36:03.020, 3, 48, 42.33 W, 1140 MHz, 0 %, 62796 MiB
2026/10/03 12:36:05.021, 0, 53, 47.90 W, 1140 MHz, 0 %, 62780 MiB
2026/10/03 12:36:05.021, 1, 60, 49.62 W, 1140 MHz, 0 %, 62796 MiB
2026/10/03 12:36:05.021, 2, 49, 44.21 W, 1140 MHz, 0 %, 62780 MiB
2026/10/03 12:36:05.022, 3, 48, 42.33 W, 1140 MHz, 0 %, 62796 MiB
2026/10/03 12:36:07.022, 0, 53, 47.90 W, 1140 MHz, 0 %, 62780 MiB
2026/10/03 12:36:07.022, 1, 60, 49.51 W, 1140 MHz, 0 %, 62796 MiB
2026/10/03 12:36:07.022, 2, 48, 44.10 W, 1140 MHz, 0 %, 62780 MiB
2026/10/03 12:36:07.023, 3, 48, 42.03 W, 1140 MHz, 0 %, 62796 MiB
2026/10/03 12:36:09.023, 0, 52, 47.81 W, 1140 MHz, 0 %, 62780 MiB
2026/10/03 12:36:09.023, 1, 59, 49.62 W, 1140 MHz, 0 %, 62796 MiB
2026/10/03 12:36:09.024, 2, 48, 43.91 W, 1140 MHz, 0 %, 62780 MiB
2026/10/03 12:36:09.024, 3, 48, 42.13 W, 1140 MHz, 0 %, 62796 MiB
2026/10/03 12:36:11.024, 0, 52, 47.82 W, 1140 MHz, 0 %, 62780 MiB
2026/10/03 12:36:11.025, 1, 59, 49.62 W, 1140 MHz, 0 %, 62796 MiB
2026/10/03 12:36:11.025, 2, 48, 43.91 W, 1140 MHz, 0 %, 62780 MiB
2026/10/03 12:36:11.025, 3, 47, 42.03 W, 1140 MHz, 0 %, 62796 MiB
2026/10/03 12:36:13.025, 0, 52, 47.82 W, 1140 MHz, 0 %, 62780 MiB
2026/10/03 12:36:13.026, 1, 59, 49.73 W, 1140 MHz, 0 %, 62796 MiB
2026/10/03 12:36:13.026, 2, 48, 44.00 W, 1140 MHz, 0 %, 62780 MiB
2026/10/03 12:36:13.026, 3, 47, 42.03 W, 1140 MHz, 0 %, 62796 MiB
2026/10/03 12:36:15.027, 0, 52, 47.82 W, 1140 MHz, 0 %, 62780 MiB
2026/10/03 12:36:15.027, 1, 59, 49.52 W, 1140 MHz, 0 %, 62796 MiB
2026/10/03 12:36:15.027, 2, 48, 43.91 W, 1140 MHz, 0 %, 62780 MiB
2026/10/03 12:36:15.027, 3, 47, 41.94 W, 1140 MHz, 0 %, 62796 MiB
2026/10/03 12:36:17.028, 0, 55, 134.66 W, 1410 MHz, 99 %, 62780 MiB
2026/10/03 12:36:17.028, 1, 62, 173.27 W, 1350 MHz, 98 %, 62796 MiB
2026/10/03 12:36:17.028, 2, 51, 65.45 W, 1350 MHz, 96 %, 62780 MiB
2026/10/03 12:36:17.028, 3, 50, 68.79 W, 1410 MHz, 98 %, 62796 MiB
2026/10/03 12:36:19.029, 0, 56, 139.93 W, 1410 MHz, 99 %, 62780 MiB
2026/10/03 12:36:19.030, 1, 62, 112.09 W, 1350 MHz, 97 %, 62796 MiB
2026/10/03 12:36:19.030, 2, 53, 100.57 W, 1170 MHz, 99 %, 62780 MiB
2026/10/03 12:36:19.030, 3, 50, 61.71 W, 1410 MHz, 99 %, 62796 MiB
2026/10/03 12:36:21.031, 0, 57, 64.98 W, 1350 MHz, 99 %, 62780 MiB
2026/10/03 12:36:21.031, 1, 64, 157.61 W, 1290 MHz, 97 %, 62796 MiB
2026/10/03 12:36:21.031, 2, 52, 162.00 W, 1305 MHz, 96 %, 62780 MiB
2026/10/03 12:36:21.031, 3, 51, 134.84 W, 1410 MHz, 99 %, 62796 MiB
2026/10/03 12:36:23.032, 0, 54, 55.48 W, 1410 MHz, 0 %, 62780 MiB
2026/10/03 12:36:23.032, 1, 61, 67.49 W, 1410 MHz, 0 %, 62796 MiB
2026/10/03 12:36:23.032, 2, 50, 59.22 W, 1410 MHz, 0 %, 62780 MiB
2026/10/03 12:36:23.032, 3, 49, 48.88 W, 1410 MHz, 0 %, 62796 MiB
2026/10/03 12:36:25.033, 0, 53, 47.90 W, 1140 MHz, 0 %, 62780 MiB
2026/10/03 12:36:25.033, 1, 60, 50.02 W, 1140 MHz, 0 %, 62796 MiB
2026/10/03 12:36:25.033, 2, 49, 44.10 W, 1140 MHz, 0 %, 62780 MiB
2026/10/03 12:36:25.034, 3, 48, 42.33 W, 1140 MHz, 0 %, 62796 MiB
2026/10/03 12:36:27.034, 0, 53, 48.09 W, 1140 MHz, 0 %, 62780 MiB
2026/10/03 12:36:27.034, 1, 60, 49.71 W, 1140 MHz, 0 %, 62796 MiB
2026/10/03 12:36:27.035, 2, 49, 44.00 W, 1140 MHz, 0 %, 62780 MiB
2026/10/03 12:36:27.035, 3, 48, 42.43 W, 1140 MHz, 0 %, 62796 MiB
2026/10/03 12:36:29.035, 0, 53, 47.90 W, 1140 MHz, 0 %, 62780 MiB
2026/10/03 12:36:29.036, 1, 60, 49.62 W, 1140 MHz, 0 %, 62796 MiB
2026/10/03 12:36:29.036, 2, 48, 43.91 W, 1140 MHz, 0 %, 62780 MiB
2026/10/03 12:36:29.036, 3, 48, 42.13 W, 1140 MHz, 0 %, 62796 MiB
2026/10/03 12:36:31.037, 0, 53, 47.90 W, 1140 MHz, 0 %, 62780 MiB
2026/10/03 12:36:31.037, 1, 59, 49.51 W, 1140 MHz, 0 %, 62796 MiB
2026/10/03 12:36:31.037, 2, 48, 44.21 W, 1140 MHz, 0 %, 62780 MiB
2026/10/03 12:36:31.038, 3, 48, 42.52 W, 1140 MHz, 0 %, 62796 MiB
2026/10/03 12:36:33.038, 0, 52, 47.71 W, 1140 MHz, 0 %, 62780 MiB
2026/10/03 12:36:33.038, 1, 59, 49.33 W, 1140 MHz, 0 %, 62796 MiB
2026/10/03 12:36:33.039, 2, 48, 43.91 W, 1140 MHz, 0 %, 62780 MiB
2026/10/03 12:36:33.039, 3, 48, 42.43 W, 1140 MHz, 0 %, 62796 MiB
2026/10/03 12:36:35.039, 0, 52, 47.72 W, 1140 MHz, 0 %, 62780 MiB
2026/10/03 12:36:35.040, 1, 59, 49.32 W, 1140 MHz, 0 %, 62796 MiB
2026/10/03 12:36:35.040, 2, 48, 43.81 W, 1140 MHz, 0 %, 62780 MiB
2026/10/03 12:36:35.040, 3, 48, 42.33 W, 1140 MHz, 0 %, 62796 MiB
2026/10/03 12:36:37.040, 0, 52, 47.62 W, 1140 MHz, 0 %, 62780 MiB
2026/10/03 12:36:37.041, 1, 59, 49.63 W, 1140 MHz, 0 %, 62796 MiB
2026/10/03 12:36:37.041, 2, 48, 43.81 W, 1140 MHz, 0 %, 62780 MiB
2026/10/03 12:36:37.041, 3, 47, 42.03 W, 1140 MHz, 0 %, 62796 MiB
2026/10/03 12:36:39.042, 0, 52, 47.52 W, 1140 MHz, 0 %, 62780 MiB
2026/10/03 12:36:39.042, 1, 59, 49.32 W, 1140 MHz, 0 %, 62796 MiB
2026/10/03 12:36:39.043, 2, 48, 43.72 W, 1140 MHz, 0 %, 62780 MiB
2026/10/03 12:36:39.043, 3, 47, 42.03 W, 1140 MHz, 0 %, 62796 MiB
2026/10/03 12:36:41.043, 0, 52, 47.51 W, 1140 MHz, 0 %, 62780 MiB
2026/10/03 12:36:41.044, 1, 59, 49.42 W, 1140 MHz, 0 %, 62796 MiB
2026/10/03 12:36:41.044, 2, 48, 43.52 W, 1140 MHz, 0 %, 62780 MiB
2026/10/03 12:36:41.044, 3, 47, 42.03 W, 1140 MHz, 0 %, 62796 MiB
2026/10/03 12:36:43.044, 0, 52, 47.62 W, 1140 MHz, 0 %, 62780 MiB
2026/10/03 12:36:43.045, 1, 59, 49.32 W, 1140 MHz, 0 %, 62796 MiB
2026/10/03 12:36:43.045, 2, 48, 43.62 W, 1140 MHz, 0 %, 62780 MiB
2026/10/03 12:36:43.045, 3, 47, 42.14 W, 1140 MHz, 0 %, 62796 MiB
2026/10/03 12:36:45.045, 0, 52, 47.52 W, 1140 MHz, 0 %, 62780 MiB
2026/10/03 12:36:45.046, 1, 59, 49.13 W, 1140 MHz, 0 %, 62796 MiB
2026/10/03 12:36:45.047, 2, 48, 43.52 W, 1140 MHz, 0 %, 62780 MiB
2026/10/03 12:36:45.047, 3, 47, 42.03 W, 1140 MHz, 0 %, 62796 MiB
2026/10/03 12:36:47.047, 0, 52, 47.72 W, 1140 MHz, 0 %, 62780 MiB
2026/10/03 12:36:47.048, 1, 59, 49.14 W, 1140 MHz, 0 %, 62796 MiB
2026/10/03 12:36:47.048, 2, 47, 43.72 W, 1140 MHz, 0 %, 62780 MiB
2026/10/03 12:36:47.048, 3, 47, 42.03 W, 1140 MHz, 0 %, 62796 MiB
2026/10/03 12:36:49.048, 0, 52, 47.52 W, 1140 MHz, 0 %, 62780 MiB
2026/10/03 12:36:49.049, 1, 59, 49.04 W, 1140 MHz, 0 %, 62796 MiB
2026/10/03 12:36:49.049, 2, 47, 43.53 W, 1140 MHz, 0 %, 62780 MiB
2026/10/03 12:36:49.049, 3, 47, 41.94 W, 1140 MHz, 0 %, 62796 MiB
2026/10/03 12:36:51.049, 0, 52, 47.52 W, 1140 MHz, 0 %, 62780 MiB
2026/10/03 12:36:51.050, 1, 59, 49.04 W, 1140 MHz, 0 %, 62796 MiB
2026/10/03 12:36:51.050, 2, 47, 43.91 W, 1140 MHz, 0 %, 62780 MiB
2026/10/03 12:36:51.050, 3, 47, 42.33 W, 1140 MHz, 0 %, 62796 MiB
2026/10/03 12:36:53.051, 0, 54, 147.91 W, 1410 MHz, 98 %, 62780 MiB
2026/10/03 12:36:53.051, 1, 61, 169.52 W, 1290 MHz, 97 %, 62796 MiB
2026/10/03 12:36:53.051, 2, 50, 72.01 W, 1380 MHz, 99 %, 62780 MiB
2026/10/03 12:36:53.051, 3, 49, 85.87 W, 1410 MHz, 99 %, 62796 MiB
2026/10/03 12:36:55.052, 0, 55, 149.01 W, 1410 MHz, 96 %, 62780 MiB
2026/10/03 12:36:55.052, 1, 63, 154.15 W, 1215 MHz, 99 %, 62796 MiB
2026/10/03 12:36:55.052, 2, 51, 125.11 W, 1335 MHz, 98 %, 62780 MiB
2026/10/03 12:36:55.052, 3, 50, 88.29 W, 1410 MHz, 99 %, 62796 MiB
2026/10/03 12:36:57.053, 0, 56, 131.18 W, 1410 MHz, 97 %, 62780 MiB
2026/10/03 12:36:57.053, 1, 63, 124.17 W, 1245 MHz, 96 %, 62796 MiB
2026/10/03 12:36:57.053, 2, 51, 63.16 W, 1395 MHz, 96 %, 62780 MiB
2026/10/03 12:36:57.053, 3, 51, 61.35 W, 1410 MHz, 99 %, 62796 MiB
2026/10/03 12:36:59.054, 0, 54, 54.99 W, 1410 MHz, 0 %, 62780 MiB
2026/10/03 12:36:59.054, 1, 61, 67.03 W, 1410 MHz, 0 %, 62796 MiB
2026/10/03 12:36:59.054, 2, 50, 59.22 W, 1410 MHz, 0 %, 62780 MiB
2026/10/03 12:36:59.054, 3, 48, 48.39 W, 1410 MHz, 0 %, 62796 MiB
2026/10/03 12:37:01.055, 0, 53, 48.29 W, 1140 MHz, 0 %, 62780 MiB
2026/10/03 12:37:01.055, 1, 60, 49.73 W, 1140 MHz, 0 %, 62796 MiB
2026/10/03 12:37:01.055, 2, 48, 44.19 W, 1140 MHz, 0 %, 62780 MiB
2026/10/03 12:37:01.056, 3, 48, 42.33 W, 1140 MHz, 0 %, 62796 MiB
2026/10/03 12:37:03.056, 0, 52, 47.90 W, 1140 MHz, 0 %, 62780 MiB
2026/10/03 12:37:03.056, 1, 59, 49.42 W, 1140 MHz, 0 %, 62796 MiB
2026/10/03 12:37:03.057, 2, 48, 44.00 W, 1140 MHz, 0 %, 62780 MiB
2026/10/03 12:37:03.057, 3, 48, 42.33 W, 1140 MHz, 0 %, 62796 MiB
2026/10/03 12:37:05.057, 0, 52, 47.81 W, 1140 MHz, 0 %, 62780 MiB
2026/10/03 12:37:05.058, 1, 59, 49.42 W, 1140 MHz, 0 %, 62796 MiB
2026/10/03 12:37:05.058, 2, 48, 43.91 W, 1140 MHz, 0 %, 62780 MiB
2026/10/03 12:37:05.058, 3, 47, 42.43 W, 1140 MHz, 0 %, 62796 MiB
2026/10/03 12:37:07.058, 0, 52, 47.71 W, 1140 MHz, 0 %, 62780 MiB
2026/10/03 12:37:07.059, 1, 59, 49.32 W, 1140 MHz, 0 %, 62796 MiB
2026/10/03 12:37:07.059, 2, 48, 43.81 W, 1140 MHz, 0 %, 62780 MiB
2026/10/03 12:37:07.059, 3, 47, 42.33 W, 1140 MHz, 0 %, 62796 MiB
2026/10/03 12:37:09.059, 0, 52, 47.71 W, 1140 MHz, 0 %, 62780 MiB
2026/10/03 12:37:09.060, 1, 59, 49.32 W, 1140 MHz, 0 %, 62796 MiB
2026/10/03 12:37:09.060, 2, 48, 43.81 W, 1140 MHz, 0 %, 62780 MiB
2026/10/03 12:37:09.060, 3, 47, 42.24 W, 1140 MHz, 0 %, 62796 MiB
2026/10/03 12:37:11.060, 0, 52, 47.63 W, 1140 MHz, 0 %, 62780 MiB
2026/10/03 12:37:11.061, 1, 59, 49.40 W, 1140 MHz, 0 %, 62796 MiB
2026/10/03 12:37:11.061, 2, 47, 43.72 W, 1140 MHz, 0 %, 62780 MiB
2026/10/03 12:37:11.061, 3, 47, 42.24 W, 1140 MHz, 0 %, 62796 MiB
2026/10/03 12:37:13.062, 0, 52, 47.51 W, 1140 MHz, 0 %, 62780 MiB
2026/10/03 12:37:13.062, 1, 59, 49.23 W, 1140 MHz, 0 %, 62796 MiB
2026/10/03 12:37:13.062, 2, 47, 43.72 W, 1140 MHz, 0 %, 62780 MiB
2026/10/03 12:37:13.062, 3, 47, 42.03 W, 1140 MHz, 0 %, 62796 MiB
2026/10/03 12:37:15.063, 0, 52, 47.52 W, 1140 MHz, 0 %, 62780 MiB
2026/10/03 12:37:15.063, 1, 58, 49.13 W, 1140 MHz, 0 %, 62796 MiB
2026/10/03 12:37:15.063, 2, 47, 43.81 W, 1140 MHz, 0 %, 62780 MiB
2026/10/03 12:37:15.063, 3, 47, 42.13 W, 1140 MHz, 0 %, 62796 MiB
2026/10/03 12:37:17.064, 0, 52, 47.52 W, 1140 MHz, 0 %, 62780 MiB
2026/10/03 12:37:17.064, 1, 58, 49.04 W, 1140 MHz, 0 %, 62796 MiB
2026/10/03 12:37:17.064, 2, 47, 43.72 W, 1140 MHz, 0 %, 62780 MiB
2026/10/03 12:37:17.065, 3, 47, 41.75 W, 1140 MHz, 0 %, 62796 MiB
2026/10/03 12:37:19.065, 0, 52, 47.51 W, 1140 MHz, 0 %, 62780 MiB
2026/10/03 12:37:19.066, 1, 58, 49.04 W, 1140 MHz, 0 %, 62796 MiB
2026/10/03 12:37:19.066, 2, 47, 43.62 W, 1140 MHz, 0 %, 62780 MiB
2026/10/03 12:37:19.066, 3, 47, 41.94 W, 1140 MHz, 0 %, 62796 MiB
2026/10/03 12:37:21.066, 0, 52, 47.62 W, 1140 MHz, 0 %, 62780 MiB
2026/10/03 12:37:21.067, 1, 58, 48.94 W, 1140 MHz, 0 %, 62796 MiB
2026/10/03 12:37:21.067, 2, 47, 43.91 W, 1140 MHz, 0 %, 62780 MiB
2026/10/03 12:37:21.067, 3, 47, 42.14 W, 1140 MHz, 0 %, 62796 MiB
2026/10/03 12:37:23.068, 0, 52, 47.43 W, 1140 MHz, 0 %, 62780 MiB
2026/10/03 12:37:23.068, 1, 58, 48.94 W, 1140 MHz, 0 %, 62796 MiB
2026/10/03 12:37:23.068, 2, 47, 43.62 W, 1140 MHz, 0 %, 62780 MiB
2026/10/03 12:37:23.068, 3, 47, 42.43 W, 1140 MHz, 0 %, 62796 MiB
2026/10/03 12:37:25.069, 0, 51, 47.33 W, 1140 MHz, 0 %, 62780 MiB
2026/10/03 12:37:25.069, 1, 58, 48.65 W, 1140 MHz, 0 %, 62796 MiB
2026/10/03 12:37:25.069, 2, 47, 43.43 W, 1140 MHz, 0 %, 62780 MiB
2026/10/03 12:37:25.069, 3, 47, 42.33 W, 1140 MHz, 0 %, 62796 MiB
2026/10/03 12:37:27.070, 0, 51, 47.24 W, 1140 MHz, 0 %, 62780 MiB
2026/10/03 12:37:27.070, 1, 58, 48.56 W, 1140 MHz, 0 %, 62796 MiB
2026/10/03 12:37:27.070, 2, 47, 43.32 W, 1140 MHz, 0 %, 62780 MiB
2026/10/03 12:37:27.071, 3, 47, 42.24 W, 1140 MHz, 0 %, 62796 MiB
2026/10/03 12:37:29.071, 0, 51, 47.24 W, 1140 MHz, 0 %, 62780 MiB
2026/10/03 12:37:29.072, 1, 58, 48.94 W, 1140 MHz, 0 %, 62796 MiB
2026/10/03 12:37:29.072, 2, 47, 43.32 W, 1140 MHz, 0 %, 62780 MiB
2026/10/03 12:37:29.072, 3, 47, 42.03 W, 1140 MHz, 0 %, 62796 MiB
2026/10/03 12:37:31.072, 0, 51, 47.14 W, 1140 MHz, 0 %, 62780 MiB
2026/10/03 12:37:31.073, 1, 58, 48.56 W, 1140 MHz, 0 %, 62796 MiB
2026/10/03 12:37:31.073, 2, 47, 43.33 W, 1140 MHz, 0 %, 62780 MiB
2026/10/03 12:37:31.073, 3, 47, 42.03 W, 1140 MHz, 0 %, 62796 MiB
2026/10/03 12:37:33.074, 0, 54, 86.69 W, 1410 MHz, 99 %, 62780 MiB
2026/10/03 12:37:33.074, 1, 61, 68.45 W, 1395 MHz, 98 %, 62796 MiB
2026/10/03 12:37:33.074, 2, 50, 124.69 W, 1365 MHz, 97 %, 62780 MiB
2026/10/03 12:37:33.074, 3, 49, 53.94 W, 1410 MHz, 93 %, 62796 MiB
2026/10/03 12:37:35.075, 0, 55, 64.68 W, 1410 MHz, 98 %, 62780 MiB
2026/10/03 12:37:35.075, 1, 61, 160.11 W, 1275 MHz, 99 %, 62796 MiB
2026/10/03 12:37:35.075, 2, 51, 60.46 W, 1290 MHz, 97 %, 62780 MiB
2026/10/03 12:37:35.076, 3, 49, 58.42 W, 1410 MHz, 99 %, 62796 MiB
2026/10/03 12:37:37.076, 0, 55, 64.11 W, 1410 MHz, 97 %, 62780 MiB
2026/10/03 12:37:37.076, 1, 62, 70.67 W, 1380 MHz, 97 %, 62796 MiB
2026/10/03 12:37:37.076, 2, 51, 177.81 W, 1380 MHz, 99 %, 62780 MiB
2026/10/03 12:37:37.077, 3, 50, 131.61 W, 1410 MHz, 99 %, 62796 MiB
2026/10/03 12:37:39.077, 0, 53, 55.29 W, 1410 MHz, 2 %, 62780 MiB
2026/10/03 12:37:39.078, 1, 60, 66.06 W, 1410 MHz, 0 %, 62796 MiB
2026/10/03 12:37:39.078, 2, 49, 58.84 W, 1410 MHz, 0 %, 62780 MiB
2026/10/03 12:37:39.078, 3, 48, 48.29 W, 1410 MHz, 0 %, 62796 MiB
2026/10/03 12:37:41.079, 0, 52, 47.72 W, 1140 MHz, 0 %, 62780 MiB
2026/10/03 12:37:41.079, 1, 59, 49.23 W, 1140 MHz, 0 %, 62796 MiB
2026/10/03 12:37:41.079, 2, 48, 43.72 W, 1140 MHz, 0 %, 62780 MiB
2026/10/03 12:37:41.080, 3, 48, 42.53 W, 1140 MHz, 0 %, 62796 MiB
2026/10/03 12:37:43.080, 0, 52, 47.52 W, 1140 MHz, 0 %, 62780 MiB
2026/10/03 12:37:43.081, 1, 59, 49.04 W, 1140 MHz, 0 %, 62796 MiB
2026/10/03 12:37:43.081, 2, 48, 43.62 W, 1140 MHz, 0 %, 62780 MiB
2026/10/03 12:37:43.081, 3, 47, 42.53 W, 1140 MHz, 0 %, 62796 MiB
2026/10/03 12:37:45.081, 0, 52, 47.42 W, 1140 MHz, 0 %, 62780 MiB
2026/10/03 12:37:45.082, 1, 58, 48.94 W, 1140 MHz, 0 %, 62796 MiB
2026/10/03 12:37:45.082, 2, 47, 43.52 W, 1140 MHz, 0 %, 62780 MiB
2026/10/03 12:37:45.082, 3, 47, 42.43 W, 1140 MHz, 0 %, 62796 MiB
2026/10/03 12:37:47.083, 0, 52, 47.52 W, 1140 MHz, 0 %, 62780 MiB
2026/10/03 12:37:47.083, 1, 58, 48.94 W, 1140 MHz, 0 %, 62796 MiB
2026/10/03 12:37:47.083, 2, 47, 43.52 W, 1140 MHz, 0 %, 62780 MiB
2026/10/03 12:37:47.083, 3, 47, 42.33 W, 1140 MHz, 0 %, 62796 MiB
2026/10/03 12:37:49.084, 0, 52, 47.33 W, 1140 MHz, 0 %, 62780 MiB
2026/10/03 12:37:49.084, 1, 58, 48.85 W, 1140 MHz, 0 %, 62796 MiB
2026/10/03 12:37:49.084, 2, 47, 43.72 W, 1140 MHz, 0 %, 62780 MiB
2026/10/03 12:37:49.085, 3, 47, 42.33 W, 1140 MHz, 0 %, 62796 MiB
2026/10/03 12:37:51.085, 0, 52, 47.33 W, 1140 MHz, 0 %, 62780 MiB
2026/10/03 12:37:51.086, 1, 58, 48.75 W, 1140 MHz, 0 %, 62796 MiB
2026/10/03 12:37:51.086, 2, 47, 43.72 W, 1140 MHz, 0 %, 62780 MiB
2026/10/03 12:37:51.086, 3, 47, 42.33 W, 1140 MHz, 0 %, 62796 MiB
2026/10/03 12:37:53.086, 0, 52, 47.62 W, 1140 MHz, 0 %, 62780 MiB
2026/10/03 12:37:53.087, 1, 58, 48.65 W, 1140 MHz, 0 %, 62796 MiB
2026/10/03 12:37:53.087, 2, 47, 43.52 W, 1140 MHz, 0 %, 62780 MiB
2026/10/03 12:37:53.087, 3, 47, 42.43 W, 1140 MHz, 0 %, 62796 MiB
2026/10/03 12:37:55.087, 0, 51, 47.33 W, 1140 MHz, 0 %, 62780 MiB
2026/10/03 12:37:55.088, 1, 58, 48.66 W, 1140 MHz, 0 %, 62796 MiB
2026/10/03 12:37:55.088, 2, 47, 43.42 W, 1140 MHz, 0 %, 62780 MiB
2026/10/03 12:37:55.088, 3, 47, 42.43 W, 1140 MHz, 0 %, 62796 MiB
2026/10/03 12:37:57.088, 0, 55, 81.96 W, 1380 MHz, 98 %, 62780 MiB
2026/10/03 12:37:57.089, 1, 62, 140.73 W, 1290 MHz, 98 %, 62796 MiB
2026/10/03 12:37:57.089, 2, 52, 130.17 W, 1320 MHz, 98 %, 62780 MiB
2026/10/03 12:37:57.089, 3, 50, 126.55 W, 1410 MHz, 96 %, 62796 MiB
2026/10/03 12:37:59.089, 0, 55, 82.29 W, 1410 MHz, 98 %, 62780 MiB
2026/10/03 12:37:59.090, 1, 62, 103.28 W, 1410 MHz, 97 %, 62796 MiB
2026/10/03 12:37:59.090, 2, 51, 92.19 W, 1410 MHz, 98 %, 62780 MiB
2026/10/03 12:37:59.090, 3, 50, 72.31 W, 1410 MHz, 97 %, 62796 MiB
2026/10/03 12:38:01.091, 0, 54, 64.19 W, 1410 MHz, 46 %, 62780 MiB
2026/10/03 12:38:01.091, 1, 61, 95.57 W, 1410 MHz, 48 %, 62796 MiB
2026/10/03 12:38:01.091, 2, 50, 76.04 W, 1410 MHz, 39 %, 62780 MiB
2026/10/03 12:38:01.091, 3, 49, 71.89 W, 1410 MHz, 46 %, 62796 MiB
2026/10/03 12:38:03.092, 0, 54, 81.86 W, 1410 MHz, 76 %, 62780 MiB
2026/10/03 12:38:03.092, 1, 61, 95.74 W, 1410 MHz, 59 %, 62796 MiB
2026/10/03 12:38:03.092, 2, 50, 94.28 W, 1410 MHz, 53 %, 62780 MiB
2026/10/03 12:38:03.092, 3, 49, 73.62 W, 1410 MHz, 52 %, 62796 MiB
2026/10/03 12:38:05.093, 0, 54, 74.28 W, 1410 MHz, 50 %, 62780 MiB
2026/10/03 12:38:05.093, 1, 61, 72.69 W, 1410 MHz, 47 %, 62796 MiB
2026/10/03 12:38:05.093, 2, 50, 71.66 W, 1410 MHz, 53 %, 62780 MiB
2026/10/03 12:38:05.093, 3, 49, 53.20 W, 1410 MHz, 41 %, 62796 MiB
2026/10/03 12:38:07.094, 0, 54, 72.58 W, 1410 MHz, 51 %, 62780 MiB
2026/10/03 12:38:07.094, 1, 61, 89.45 W, 1410 MHz, 50 %, 62796 MiB
2026/10/03 12:38:07.094, 2, 50, 92.18 W, 1410 MHz, 59 %, 62780 MiB
2026/10/03 12:38:07.095, 3, 49, 66.18 W, 1410 MHz, 54 %, 62796 MiB
2026/10/03 12:38:09.095, 0, 54, 77.16 W, 1410 MHz, 62 %, 62780 MiB
2026/10/03 12:38:09.095, 1, 61, 73.07 W, 1410 MHz, 63 %, 62796 MiB
2026/10/03 12:38:09.096, 2, 50, 82.35 W, 1410 MHz, 62 %, 62780 MiB
2026/10/03 12:38:09.096, 3, 49, 52.61 W, 1410 MHz, 58 %, 62796 MiB
2026/10/03 12:38:11.096, 0, 54, 80.71 W, 1410 MHz, 53 %, 62780 MiB
2026/10/03 12:38:11.097, 1, 61, 80.72 W, 1410 MHz, 50 %, 62796 MiB
2026/10/03 12:38:11.097, 2, 51, 94.90 W, 1410 MHz, 79 %, 62780 MiB
2026/10/03 12:38:11.097, 3, 49, 73.21 W, 1410 MHz, 45 %, 62796 MiB
2026/10/03 12:38:13.097, 0, 54, 59.99 W, 1410 MHz, 50 %, 62780 MiB
2026/10/03 12:38:13.098, 1, 61, 89.01 W, 1410 MHz, 51 %, 62796 MiB
2026/10/03 12:38:13.098, 2, 51, 67.60 W, 1410 MHz, 53 %, 62780 MiB
2026/10/03 12:38:13.098, 3, 49, 64.01 W, 1410 MHz, 48 %, 62796 MiB
2026/10/03 12:38:15.098, 0, 54, 73.74 W, 1410 MHz, 57 %, 62780 MiB
2026/10/03 12:38:15.099, 1, 61, 84.35 W, 1410 MHz, 58 %, 62796 MiB
2026/10/03 12:38:15.099, 2, 51, 73.65 W, 1410 MHz, 56 %, 62780 MiB
2026/10/03 12:38:15.099, 3, 49, 62.49 W, 1410 MHz, 42 %, 62796 MiB
2026/10/03 12:38:17.099, 0, 54, 78.94 W, 1410 MHz, 98 %, 62780 MiB
2026/10/03 12:38:17.100, 1, 61, 81.85 W, 1410 MHz, 98 %, 62796 MiB
2026/10/03 12:38:17.100, 2, 51, 90.89 W, 1410 MHz, 76 %, 62780 MiB
2026/10/03 12:38:17.100, 3, 49, 61.02 W, 1410 MHz, 76 %, 62796 MiB
2026/10/03 12:38:19.101, 0, 55, 79.62 W, 1410 MHz, 98 %, 62780 MiB
2026/10/03 12:38:19.101, 1, 62, 102.62 W, 1410 MHz, 99 %, 62796 MiB
2026/10/03 12:38:19.101, 2, 51, 91.40 W, 1410 MHz, 99 %, 62780 MiB
2026/10/03 12:38:19.101, 3, 50, 73.15 W, 1410 MHz, 97 %, 62796 MiB
2026/10/03 12:38:21.102, 0, 54, 68.22 W, 1410 MHz, 46 %, 62780 MiB
2026/10/03 12:38:21.102, 1, 62, 98.51 W, 1410 MHz, 40 %, 62796 MiB
2026/10/03 12:38:21.102, 2, 51, 91.43 W, 1410 MHz, 52 %, 62780 MiB
2026/10/03 12:38:21.102, 3, 49, 69.49 W, 1410 MHz, 54 %, 62796 MiB
2026/10/03 12:38:23.103, 0, 54, 64.66 W, 1410 MHz, 47 %, 62780 MiB
2026/10/03 12:38:23.103, 1, 62, 98.39 W, 1410 MHz, 49 %, 62796 MiB
2026/10/03 12:38:23.103, 2, 51, 79.71 W, 1410 MHz, 54 %, 62780 MiB
2026/10/03 12:38:23.104, 3, 49, 68.79 W, 1410 MHz, 44 %, 62796 MiB
2026/10/03 12:38:25.104, 0, 54, 80.25 W, 1410 MHz, 39 %, 62780 MiB
2026/10/03 12:38:25.104, 1, 62, 89.73 W, 1410 MHz, 52 %, 62796 MiB
2026/10/03 12:38:25.104, 2, 51, 90.93 W, 1410 MHz, 45 %, 62780 MiB
2026/10/03 12:38:25.105, 3, 49, 67.57 W, 1410 MHz, 47 %, 62796 MiB
